REQ-00000,10000000,3000,0.31478404998779297,3.0994415283203125e-06,['mobilenet_v3_small'],toucan,0.9993752837181091,most_confident,293.17754099611193,True,n01592084,1.0,chickadee,,,,,,0.9993752837181091,-1.0,-1.0,-1.0,-1.0,-1.0,0.05197741106869989,-1.0,-1.0,-1.0,-1.0,-1.0,greedy,1
REQ-00001,10000000,3000,0.3674750328063965,1.4178760051727295,['mobilenet_v3_small'],indigo_bunting,0.9055100679397583,most_confident,347.6059169624932,True,n01924916,1.0,flatworm,,,,,,0.9055100679397583,-1.0,-1.0,-1.0,-1.0,-1.0,0.0603758699618299,-1.0,-1.0,-1.0,-1.0,-1.0,greedy,1
REQ-00002,10000000,3000,0.2511410713195801,4.963244915008545,['mobilenet_v3_small'],sea_anemone,0.8497840762138367,most_confident,231.6530420212075,True,n01914609,1.0,sea_anemone,,,,,,0.8497840762138367,-1.0,-1.0,-1.0,-1.0,-1.0,0.05900548296564691,-1.0,-1.0,-1.0,-1.0,-1.0,greedy,1
REQ-00003,10000000,3000,0.23545312881469727,6.572286128997803,['mobilenet_v3_small'],american_coot,0.8409811854362488,most_confident,217.3920830246061,True,n02018207,1.0,american_coot,,,,,,0.8409811854362488,-1.0,-1.0,-1.0,-1.0,-1.0,0.05760483466908222,-1.0,-1.0,-1.0,-1.0,-1.0,greedy,1
REQ-00004,10000000,3000,0.16586804389953613,7.172929048538208,['mobilenet_v3_small'],whiptail,0.9953030347824097,most_confident,151.71229100087658,True,n01685808,1.0,whiptail,,,,,,0.9953030347824097,-1.0,-1.0,-1.0,-1.0,-1.0,0.056584451202173994,-1.0,-1.0,-1.0,-1.0,-1.0,greedy,1
REQ-00005,10000000,3000,0.2647979259490967,15.06696105003357,['mobilenet_v3_small'],toucan,0.8173742890357971,most_confident,240.79508398426697,True,n01955084,1.0,chiton,,,,,,0.8173742890357971,-1.0,-1.0,-1.0,-1.0,-1.0,0.0551018060819566,-1.0,-1.0,-1.0,-1.0,-1.0,greedy,1
REQ-00006,10000000,3000,0.2152388095855713,17.95602798461914,['mobilenet_v3_small'],bullfrog,0.5160830616950989,most_confident,200.2985409926623,True,n01644900,1.0,bullfrog,,,,,,0.5160830616950989,-1.0,-1.0,-1.0,-1.0,-1.0,0.05406532547376094,-1.0,-1.0,-1.0,-1.0,-1.0,greedy,1
REQ-00007,10000000,3000,0.3348507881164551,17.999237060546875,['mobilenet_v3_small'],chiton,0.9999991655349731,most_confident,284.7782080061734,True,n01820546,1.0,lorikeet,,,,,,0.9999991655349731,-1.0,-1.0,-1.0,-1.0,-1.0,0.05406532547376094,-1.0,-1.0,-1.0,-1.0,-1.0,greedy,1
REQ-00008,10000000,3000,0.24541282653808594,18.904606819152832,['mobilenet_v3_small'],komodo_dragon,0.8670088648796082,most_confident,214.78383400244638,True,n01695060,1.0,komodo_dragon,,,,,,0.8670088648796082,-1.0,-1.0,-1.0,-1.0,-1.0,0.05207902363374636,-1.0,-1.0,-1.0,-1.0,-1.0,greedy,1
REQ-00009,10000000,3000,0.3064889907836914,22.433364868164062,['mobilenet_v3_small'],prairie_chicken,0.999681830406189,most_confident,275.63591703074053,True,n01798484,1.0,prairie_chicken,,,,,,0.999681830406189,-1.0,-1.0,-1.0,-1.0,-1.0,0.051171621270371725,-1.0,-1.0,-1.0,-1.0,-1.0,greedy,1
REQ-00010,10000000,3000,0.21251893043518066,24.38399887084961,['mobilenet_v3_small'],drake,0.999886155128479,most_confident,194.1569170448929,True,n01847000,1.0,drake,,,,,,0.999886155128479,-1.0,-1.0,-1.0,-1.0,-1.0,0.05233665914333455,-1.0,-1.0,-1.0,-1.0,-1.0,greedy,1
REQ-00011,10000000,3000,0.23452091217041016,28.100547075271606,['mobilenet_v3_small'],american_alligator,0.922240138053894,most_confident,215.2351249824278,True,n01698640,1.0,american_alligator,,,,,,0.922240138053894,-1.0,-1.0,-1.0,-1.0,-1.0,0.051694693229001096,-1.0,-1.0,-1.0,-1.0,-1.0,greedy,1
REQ-00012,10000000,3000,0.21839427947998047,31.61502194404602,['mobilenet_v3_small'],stingray,0.9525521993637085,most_confident,191.47733302088454,True,n01498041,1.0,stingray,,,,,,0.9525521993637085,-1.0,-1.0,-1.0,-1.0,-1.0,0.05119382390610099,-1.0,-1.0,-1.0,-1.0,-1.0,greedy,1
REQ-00013,10000000,3000,0.23272418975830078,38.19494009017944,['mobilenet_v3_small'],vine_snake,0.8148623704910278,most_confident,209.59475002018735,True,n01739381,1.0,vine_snake,,,,,,0.8148623704910278,-1.0,-1.0,-1.0,-1.0,-1.0,0.050575841515490896,-1.0,-1.0,-1.0,-1.0,-1.0,greedy,1
REQ-00014,10000000,3000,0.2584042549133301,42.10478496551514,['mobilenet_v3_small'],sulphur-crested_cockatoo,0.9999873638153076,most_confident,227.039415971376,True,n01819313,1.0,sulphur-crested_cockatoo,,,,,,0.9999873638153076,-1.0,-1.0,-1.0,-1.0,-1.0,0.04992595736394181,-1.0,-1.0,-1.0,-1.0,-1.0,greedy,1
REQ-00015,10000000,3000,0.4392380714416504,43.57212996482849,['mobilenet_v3_small'],goldfish,0.9999310970306396,most_confident,414.9304580059834,True,n01443537,1.0,goldfish,,,,,,0.9999310970306396,-1.0,-1.0,-1.0,-1.0,-1.0,0.04964256162754763,-1.0,-1.0,-1.0,-1.0,-1.0,greedy,1
REQ-00016,10000000,3000,0.31598711013793945,45.12790298461914,['mobilenet_v3_small'],flatworm,0.9915212392807007,most_confident,288.66700001526624,True,n01924916,1.0,flatworm,,,,,,0.9915212392807007,-1.0,-1.0,-1.0,-1.0,-1.0,0.04903810546479286,-1.0,-1.0,-1.0,-1.0,-1.0,greedy,1
REQ-00017,10000000,3000,0.4572939872741699,48.965819120407104,['mobilenet_v3_small'],american_coot,0.9994688630104065,most_confident,233.56991598848253,True,n01860187,1.0,black_swan,,,,,,0.9994688630104065,-1.0,-1.0,-1.0,-1.0,-1.0,0.04859739491831357,-1.0,-1.0,-1.0,-1.0,-1.0,greedy,1
REQ-00018,10000000,3000,0.1675269603729248,49.5772430896759,['mobilenet_v3_small'],barn_spider,0.9514762163162231,most_confident,154.0183749748394,True,n01773549,1.0,barn_spider,,,,,,0.9514762163162231,-1.0,-1.0,-1.0,-1.0,-1.0,0.04813805542648222,-1.0,-1.0,-1.0,-1.0,-1.0,greedy,1
REQ-00000,10000000,3000,0.20867109298706055,3.0994415283203125e-06,['mobilenet_v3_small'],boa_constrictor,0.9979299306869507,most_confident,190.6251250184141,True,n01742172,1.0,boa_constrictor,,,,,,0.9979299306869507,-1.0,-1.0,-1.0,-1.0,-1.0,0.047300949883833994,-1.0,-1.0,-1.0,-1.0,-1.0,greedy,1
REQ-00001,10000000,3000,0.21674394607543945,2.7695279121398926,['mobilenet_v3_small'],peacock,0.99934321641922,most_confident,194.39787499140948,True,n01806143,1.0,peacock,,,,,,0.99934321641922,-1.0,-1.0,-1.0,-1.0,-1.0,0.04679295489545059,-1.0,-1.0,-1.0,-1.0,-1.0,greedy,1
REQ-00002,10000000,3000,0.21683311462402344,3.1590681076049805,['mobilenet_v3_small'],green_lizard,0.6615234613418579,most_confident,200.28854097472504,True,n01693334,1.0,green_lizard,,,,,,0.6615234613418579,-1.0,-1.0,-1.0,-1.0,-1.0,0.046666759405905534,-1.0,-1.0,-1.0,-1.0,-1.0,greedy,1
REQ-00003,10000000,3000,0.22349095344543457,4.403601884841919,['mobilenet_v3_small'],american_coot,0.8681485056877136,most_confident,204.23554204171523,True,n01687978,1.0,agama,,,,,,0.8681485056877136,-1.0,-1.0,-1.0,-1.0,-1.0,0.04607768346531498,-1.0,-1.0,-1.0,-1.0,-1.0,greedy,1
REQ-00004,10000000,3000,0.23171496391296387,7.557951927185059,['mobilenet_v3_small'],sea_lion,0.9915620684623718,most_confident,208.76295899506658,True,n02077923,1.0,sea_lion,,,,,,0.9915620684623718,-1.0,-1.0,-1.0,-1.0,-1.0,0.04558011511878349,-1.0,-1.0,-1.0,-1.0,-1.0,greedy,1
REQ-00006,10000000,3000,0.2777891159057617,8.397176027297974,['mobilenet_v3_small'],american_coot,0.5627474784851074,most_confident,251.98324996745214,True,n01667114,1.0,mud_turtle,,,,,,0.5627474784851074,-1.0,-1.0,-1.0,-1.0,-1.0,0.04554030360690514,-1.0,-1.0,-1.0,-1.0,-1.0,greedy,1
REQ-00007,10000000,3000,0.32729506492614746,12.418131828308105,['mobilenet_v3_small'],wombat,0.842303454875946,most_confident,306.6231669508852,True,n01883070,1.0,wombat,,,,,,0.842303454875946,-1.0,-1.0,-1.0,-1.0,-1.0,0.05019637324621463,-1.0,-1.0,-1.0,-1.0,-1.0,greedy,1
REQ-00008,10000000,3000,0.278062105178833,25.505564212799072,['mobilenet_v3_small'],toucan,0.9220412969589233,most_confident,245.9485419676639,True,n01843383,1.0,toucan,,,,,,0.9220412969589233,-1.0,-1.0,-1.0,-1.0,-1.0,0.05755723592159317,-1.0,-1.0,-1.0,-1.0,-1.0,greedy,1
REQ-00009,10000000,3000,0.2697727680206299,33.433533906936646,['mobilenet_v3_small'],green_mamba,0.5918689966201782,most_confident,245.92054198728874,True,n01749939,1.0,green_mamba,,,,,,0.5918689966201782,-1.0,-1.0,-1.0,-1.0,-1.0,0.05967581232943385,-1.0,-1.0,-1.0,-1.0,-1.0,greedy,1
REQ-00010,10000000,3000,0.2128901481628418,37.06209993362427,['mobilenet_v3_small'],american_coot,0.551798403263092,most_confident,187.02058296184987,True,n01910747,1.0,volcano,,,,,,0.551798403263092,-1.0,-1.0,-1.0,-1.0,-1.0,0.05784143109649047,-1.0,-1.0,-1.0,-1.0,-1.0,greedy,1
REQ-00011,10000000,3000,0.29672813415527344,41.092998027801514,['mobilenet_v3_small'],toucan,0.7921115756034851,most_confident,282.48999995412305,True,n01829413,1.0,toucan,,,,,,0.7921115756034851,-1.0,-1.0,-1.0,-1.0,-1.0,0.056240387986841424,-1.0,-1.0,-1.0,-1.0,-1.0,greedy,1
REQ-00012,10000000,3000,0.26933908462524414,44.68753099441528,['mobilenet_v3_small'],lorikeet,0.999976634979248,most_confident,234.6319580101408,True,n01820546,1.0,lorikeet,,,,,,0.999976634979248,-1.0,-1.0,-1.0,-1.0,-1.0,0.05488004918815728,-1.0,-1.0,-1.0,-1.0,-1.0,greedy,1
REQ-00013,10000000,3000,0.33571791648864746,45.673617124557495,['mobilenet_v3_small'],sea_lion,0.9474017024040222,most_confident,301.6935000196099,True,n02077923,1.0,sea_lion,,,,,,0.9474017024040222,-1.0,-1.0,-1.0,-1.0,-1.0,0.053491644269341554,-1.0,-1.0,-1.0,-1.0,-1.0,greedy,1
REQ-00000,10000000,3000,0.3561251163482666,2.86102294921875e-06,['mobilenet_v3_small'],kite,0.9818521738052368,most_confident,335.90379101224244,True,n01608432,1.0,kite,,,,,,0.9818521738052368,-1.0,-1.0,-1.0,-1.0,-1.0,0.0520628798424074,-1.0,-1.0,-1.0,-1.0,-1.0,greedy,1
REQ-00001,10000000,3000,0.23937487602233887,5.716048955917358,['mobilenet_v3_small'],american_coot,0.999764621257782,most_confident,214.46770802140236,True,n01944390,1.0,snail,,,,,,0.999764621257782,-1.0,-1.0,-1.0,-1.0,-1.0,0.05053769185816666,-1.0,-1.0,-1.0,-1.0,-1.0,greedy,1
REQ-00002,10000000,3000,0.34710693359375,9.247227907180786,['mobilenet_v3_small'],tailed_frog,0.8212885856628418,most_confident,316.4350829902105,True,n01644900,1.0,tailed_frog,,,,,,0.8212885856628418,-1.0,-1.0,-1.0,-1.0,-1.0,0.04928092267234999,-1.0,-1.0,-1.0,-1.0,-1.0,greedy,1
REQ-00003,10000000,3000,0.29569506645202637,9.608030080795288,['mobilenet_v3_small'],macaw,0.9998364448547363,most_confident,277.3577079642564,True,n01818515,1.0,macaw,,,,,,0.9998364448547363,-1.0,-1.0,-1.0,-1.0,-1.0,0.04801313040511499,-1.0,-1.0,-1.0,-1.0,-1.0,greedy,1
REQ-00004,10000000,3000,0.24066710472106934,12.328309059143066,['mobilenet_v3_small'],black_and_gold_garden_spider,0.35873937606811523,most_confident,214.55983398482203,True,n01773157,1.0,black_and_gold_garden_spider,,,,,,0.35873937606811523,-1.0,-1.0,-1.0,-1.0,-1.0,0.055564117364603496,-1.0,-1.0,-1.0,-1.0,-1.0,greedy,1
REQ-00005,10000000,3000,0.1959841251373291,13.6579909324646,['mobilenet_v3_small'],american_coot,0.9970867037773132,most_confident,178.79591701785102,True,n02018207,1.0,american_coot,,,,,,0.9970867037773132,-1.0,-1.0,-1.0,-1.0,-1.0,0.05415790562814315,-1.0,-1.0,-1.0,-1.0,-1.0,greedy,1
REQ-00006,10000000,3000,0.25667309761047363,14.801706075668335,['mobilenet_v3_small'],american_coot,0.9937333464622498,most_confident,219.05570797389373,True,n01677366,1.0,common_iguana,,,,,,0.9937333464622498,-1.0,-1.0,-1.0,-1.0,-1.0,0.052381215065328834,-1.0,-1.0,-1.0,-1.0,-1.0,greedy,1
REQ-00007,10000000,3000,0.2084648609161377,15.279384851455688,['mobilenet_v3_small'],ptarmigan,0.9839898347854614,most_confident,193.16041702404618,True,n01796340,1.0,ptarmigan,,,,,,0.5839898347854614,-1.0,-1.0,-1.0,-1.0,-1.0,0.050879093558795954,-1.0,-1.0,-1.0,-1.0,-1.0,greedy,1
REQ-00008,10000000,3000,0.29920220375061035,18.258470058441162,['mobilenet_v3_small'],peacock,0.9842684268951416,most_confident,257.200333988294,True,n01806143,1.0,peacock,,,,,,0.9842684268951416,-1.0,-1.0,-1.0,-1.0,-1.0,0.04947578420291636,-1.0,-1.0,-1.0,-1.0,-1.0,greedy,1
REQ-00009,10000000,3000,0.29500412940979004,21.540950775146484,['mobilenet_v3_small'],american_coot,0.9966458678245544,most_confident,231.15541698643938,True,n01818515,1.0,macaw,,,,,,0.9966458678245544,-1.0,-1.0,-1.0,-1.0,-1.0,0.04843710578262472,-1.0,-1.0,-1.0,-1.0,-1.0,greedy,1
REQ-00010,10000000,3000,0.276839017868042,25.343180179595947,['mobilenet_v3_small'],spotted_salamander,0.5571918487548828,most_confident,249.2593330098316,True,n01632458,1.0,spotted_salamander,,,,,,0.5571918487548828,-1.0,-1.0,-1.0,-1.0,-1.0,0.04756209520436225,-1.0,-1.0,-1.0,-1.0,-1.0,greedy,1
REQ-00011,10000000,3000,0.34720516204833984,31.001797914505005,['mobilenet_v3_small'],american_coot,0.2663312554359436,most_confident,328.2506249961443,True,n01667114,1.0,terrapin,,,,,,0.2663312554359436,-1.0,-1.0,-1.0,-1.0,-1.0,0.04657458568392602,-1.0,-1.0,-1.0,-1.0,-1.0,greedy,1
REQ-00012,10000000,3000,0.2451159954071045,31.168547868728638,['mobilenet_v3_small'],stingray,0.9850314855575562,most_confident,205.89787501376122,True,n01498041,1.0,stingray,,,,,,0.5850314855575562,-1.0,-1.0,-1.0,-1.0,-1.0,6.037995603,-1.0,-1.0,-1.0,-1.0,-1.0,greedy,1
REQ-00013,10000000,3000,0.5623207092285156,35.4654700756073,['mobilenet_v3_small'],macaw,0.9972903728485107,most_confident,525.0783750088885,True,n01818515,1.0,macaw,,,,,,0.9972903728485107,-1.0,-1.0,-1.0,-1.0,-1.0,0.04531834440398008,-1.0,-1.0,-1.0,-1.0,-1.0,greedy,1
REQ-00014,10000000,3000,0.21930694580078125,37.667190074920654,['mobilenet_v3_small'],black_widow,0.9846722483634949,most_confident,200.78541699331254,True,n01774384,1.0,black_widow,,,,,,0.6846722483634949,-1.0,-1.0,-1.0,-1.0,-1.0,0.044601609963582076,-1.0,-1.0,-1.0,-1.0,-1.0,greedy,1
REQ-00015,10000000,3000,0.335878849029541,38.502355098724365,['mobilenet_v3_small'],hognose_snake,0.5457306504249573,most_confident,313.1027079652995,True,n01729322,1.0,hognose_snake,,,,,,0.2457306504249573,-1.0,-1.0,-1.0,-1.0,-1.0,0.04679014896722387,-1.0,-1.0,-1.0,-1.0,-1.0,greedy,1
REQ-00016,10000000,3000,0.24693703651428223,39.827276945114136,['mobilenet_v3_small'],drake,0.968636691570282,most_confident,226.04558401508257,True,n01847000,1.0,drake,,,,,,0.968636691570282,-1.0,-1.0,-1.0,-1.0,-1.0,0.04624223407050148,-1.0,-1.0,-1.0,-1.0,-1.0,greedy,1
REQ-00000,10000000,3000,0.7484078407287598,2.1457672119140625e-06,['mobilenet_v3_small'],crane,0.9994820952415466,most_confident,729.6809169929475,True,n02012849,1.0,crane,,,,,,0.9994820952415466,-1.0,-1.0,-1.0,-1.0,-1.0,0.045969310663451335,-1.0,-1.0,-1.0,-1.0,-1.0,greedy,1
REQ-00001,10000000,3000,0.5256690979003906,0.3406200408935547,['mobilenet_v3_small'],electric_ray,0.6685728430747986,most_confident,509.9064580281265,True,n01496331,1.0,electric_ray,,,,,,0.3685728430747986,-1.0,-1.0,-1.0,-1.0,-1.0,0.045969310663451335,-1.0,-1.0,-1.0,-1.0,-1.0,greedy,1
REQ-00002,10000000,3000,0.2733590602874756,4.942692995071411,['mobilenet_v3_small'],american_coot,0.9918944239616394,most_confident,220.10737500386313,True,n01735189,1.0,garter_snake,,,,,,0.2918944239616394,-1.0,-1.0,-1.0,-1.0,-1.0,0.04559136163739559,-1.0,-1.0,-1.0,-1.0,-1.0,greedy,1
REQ-00003,10000000,3000,0.25629329681396484,12.556877136230469,['mobilenet_v3_small'],redshank,0.9944498538970947,most_confident,241.2599169765599,True,n02028035,1.0,redshank,,,,,,0.3944498538970947,-1.0,-1.0,-1.0,-1.0,-1.0,0.04478652547365604,-1.0,-1.0,-1.0,-1.0,-1.0,greedy,1
REQ-00004,10000000,3000,0.24729585647583008,12.626309156417847,['mobilenet_v3_small'],spotted_salamander,0.9912204146385193,most_confident,191.78070803172886,True,n01632458,1.0,spotted_salamander,,,,,,0.9912204146385193,-1.0,-1.0,-1.0,-1.0,-1.0,0.04478652547365604,-1.0,-1.0,-1.0,-1.0,-1.0,greedy,1
REQ-00005,10000000,3000,0.33840203285217285,14.076556921005249,['mobilenet_v3_small'],hornbill,0.8785107135772705,most_confident,318.1561669916846,True,n01829413,1.0,hornbill,,,,,,0.4785107135772705,-1.0,-1.0,-1.0,-1.0,-1.0,0.04292965563366139,-1.0,-1.0,-1.0,-1.0,-1.0,greedy,1
REQ-00006,10000000,3000,0.2652759552001953,15.778822183609009,['mobilenet_v3_small'],tailed_frog,0.5992295742034912,most_confident,224.6534590376541,True,n01644900,1.0,tailed_frog,,,,,,0.5992295742034912,-1.0,-1.0,-1.0,-1.0,-1.0,0.042371490070295253,-1.0,-1.0,-1.0,-1.0,-1.0,greedy,1
REQ-00007,10000000,3000,0.28267478942871094,18.606630086898804,['mobilenet_v3_small'],albatross,0.9998519420623779,most_confident,229.1844580322504,True,n02058221,1.0,albatross,,,,,,0.4998519420623779,-1.0,-1.0,-1.0,-1.0,-1.0,0.04222804106326573,-1.0,-1.0,-1.0,-1.0,-1.0,greedy,1
REQ-00008,10000000,3000,0.20269417762756348,21.957469940185547,['mobilenet_v3_small'],ringneck_snake,0.5676323175430298,most_confident,184.99929102836177,True,n01729322,1.0,ringneck_snake,,,,,,0.4676323175430298,-1.0,-1.0,-1.0,-1.0,-1.0,0.04179573695693916,-1.0,-1.0,-1.0,-1.0,-1.0,greedy,1
REQ-00009,10000000,3000,0.43157315254211426,23.29887890815735,['mobilenet_v3_small'],great_white_shark,0.10708966851234436,most_confident,404.4312500045635,True,n01484850,1.0,great_white_shark,,,,,,0.10708966851234436,-1.0,-1.0,-1.0,-1.0,-1.0,0.04125746326124524,-1.0,-1.0,-1.0,-1.0,-1.0,greedy,1
REQ-00010,10000000,3000,0.19450116157531738,26.43605899810791,['mobilenet_v3_small'],nematode,0.9858796000480652,most_confident,173.3286670059897,True,n01930112,1.0,nematode,,,,,,0.6858796000480652,-1.0,-1.0,-1.0,-1.0,-1.0,0.04101871693512072,-1.0,-1.0,-1.0,-1.0,-1.0,greedy,1
REQ-00011,10000000,3000,0.19242286682128906,29.335793018341064,['mobilenet_v3_small'],jellyfish,0.9999916553497314,most_confident,170.30066601000726,True,n01798484,1.0,prairie_chicken,,,,,,0.6999916553497314,-1.0,-1.0,-1.0,-1.0,-1.0,0.04069114524160865,-1.0,-1.0,-1.0,-1.0,-1.0,greedy,1
REQ-00012,10000000,3000,0.23279523849487305,30.220736980438232,['mobilenet_v3_small'],coho,0.11303037405014038,most_confident,206.1347920098342,True,n01440764,1.0,coho,,,,,,0.11303037405014038,-1.0,-1.0,-1.0,-1.0,-1.0,0.04048183071744778,-1.0,-1.0,-1.0,-1.0,-1.0,greedy,1
REQ-00013,10000000,3000,0.34298086166381836,32.195785999298096,['mobilenet_v3_small'],american_coot,0.7187281250953674,most_confident,323.3507500262931,True,n01484850,1.0,tiger_shark,,,,,,0.5187281250953674,-1.0,-1.0,-1.0,-1.0,-1.0,0.040404147645703006,-1.0,-1.0,-1.0,-1.0,-1.0,greedy,1
REQ-00014,10000000,3000,0.30650973320007324,33.665507078170776,['mobilenet_v3_small'],common_newt,0.9474766850471497,most_confident,284.74216698668897,True,n01630670,1.0,common_newt,,,,,,0.5474766850471497,-1.0,-1.0,-1.0,-1.0,-1.0,0.0403674328811327,-1.0,-1.0,-1.0,-1.0,-1.0,greedy,1
REQ-00015,10000000,3000,0.2272939682006836,34.37468504905701,['mobilenet_v3_small'],jacamar,0.370974600315094,most_confident,204.555457981769,True,n01828970,1.0,jacamar,,,,,,0.370974600315094,-1.0,-1.0,-1.0,-1.0,-1.0,0.04462678959301943,-1.0,-1.0,-1.0,-1.0,-1.0,greedy,1
REQ-00016,10000000,3000,0.23203301429748535,35.183205127716064,['mobilenet_v3_small'],albatross,0.9999992847442627,most_confident,204.55320895416662,True,n01820546,1.0,lorikeet,,,,,,0.5999992847442627,-1.0,-1.0,-1.0,-1.0,-1.0,0.04404421063371749,-1.0,-1.0,-1.0,-1.0,-1.0,greedy,1
REQ-00017,10000000,3000,0.29212188720703125,41.5776150226593,['mobilenet_v3_small'],mud_turtle,0.28105050325393677,most_confident,276.19149995734915,True,n01667114,1.0,mud_turtle,,,,,,0.28105050325393677,-1.0,-1.0,-1.0,-1.0,-1.0,0.043324389570345734,-1.0,-1.0,-1.0,-1.0,-1.0,greedy,1
REQ-00018,10000000,3000,0.3630349636077881,41.701393127441406,['mobilenet_v3_small'],albatross,0.9886218905448914,most_confident,348.84625003905967,True,n02058221,1.0,albatross,,,,,,0.2886218905448914,-1.0,-1.0,-1.0,-1.0,-1.0,6.037995603,-1.0,-1.0,-1.0,-1.0,-1.0,greedy,1
REQ-00020,10000000,3000,0.30594515800476074,42.34629511833191,['mobilenet_v3_small'],crane,0.7968103289604187,most_confident,271.1028750054538,True,n02012849,1.0,crane,,,,,,0.5968103289604187,-1.0,-1.0,-1.0,-1.0,-1.0,0.042330405551980047,-1.0,-1.0,-1.0,-1.0,-1.0,greedy,1
REQ-00000,10000000,3000,0.23135018348693848,2.1457672119140625e-06,['mobilenet_v3_small'],goldfish,0.9999173879623413,most_confident,214.03733402257785,True,n01443537,1.0,goldfish,,,,,,0.3999173879623413,-1.0,-1.0,-1.0,-1.0,-1.0,0.04483406499678204,-1.0,-1.0,-1.0,-1.0,-1.0,greedy,1
REQ-00001,10000000,3000,0.22561097145080566,1.4499268531799316,['mobilenet_v3_small'],sea_anemone,0.714143693447113,most_confident,206.5044580376707,True,n01914609,1.0,sea_anemone,,,,,,0.514143693447113,-1.0,-1.0,-1.0,-1.0,-1.0,0.045410858497103836,-1.0,-1.0,-1.0,-1.0,-1.0,greedy,1
REQ-00002,10000000,3000,0.22457385063171387,4.940378904342651,['mobilenet_v3_small'],macaw,0.9991970658302307,most_confident,207.06154097570106,True,n01818515,1.0,macaw,,,,,,0.4991970658302307,-1.0,-1.0,-1.0,-1.0,-1.0,0.04464257264739345,-1.0,-1.0,-1.0,-1.0,-1.0,greedy,1
REQ-00003,10000000,3000,0.32408905029296875,5.405229091644287,['mobilenet_v3_small'],sea_slug,0.619322657585144,most_confident,307.4452920118347,True,n01950731,1.0,sea_slug,,,,,,0.619322657585144,-1.0,-1.0,-1.0,-1.0,-1.0,0.04387491538265411,-1.0,-1.0,-1.0,-1.0,-1.0,greedy,1
REQ-00004,10000000,3000,0.2563338279724121,11.41243600845337,['mobilenet_v3_small'],tarantula,0.993806004524231,most_confident,223.35225000279024,True,n01774750,1.0,tarantula,,,,,,0.493806004524231,-1.0,-1.0,-1.0,-1.0,-1.0,0.0517909238443887,-1.0,-1.0,-1.0,-1.0,-1.0,greedy,1
REQ-00005,10000000,3000,0.21609711647033691,13.43188214302063,['mobilenet_v3_small'],american_coot,0.9820266366004944,most_confident,197.5667920196429,True,n01774384,1.0,black_widow,,,,,,0.6820266366004944,-1.0,-1.0,-1.0,-1.0,-1.0,0.050548231459949834,-1.0,-1.0,-1.0,-1.0,-1.0,greedy,1
REQ-00006,10000000,3000,0.1598529815673828,13.532933950424194,['mobilenet_v3_small'],electric_ray,0.9530986547470093,most_confident,146.30895800655708,True,n01496331,1.0,electric_ray,,,,,,0.9530986547470093,-1.0,-1.0,-1.0,-1.0,-1.0,0.050548231459949834,-1.0,-1.0,-1.0,-1.0,-1.0,greedy,1
REQ-00007,10000000,3000,0.23842406272888184,13.859730005264282,['mobilenet_v3_small'],macaw,0.21186350286006927,most_confident,222.7192500140518,True,n01818515,1.0,macaw,,,,,,0.21186350286006927,-1.0,-1.0,-1.0,-1.0,-1.0,0.04754665748255937,-1.0,-1.0,-1.0,-1.0,-1.0,greedy,1
REQ-00008,10000000,3000,0.24223017692565918,17.246165990829468,['mobilenet_v3_small'],sea_snake,0.9994768500328064,most_confident,209.23233299981803,True,n01751748,1.0,sea_snake,,,,,,0.5994768500328064,-1.0,-1.0,-1.0,-1.0,-1.0,0.04673009173430343,-1.0,-1.0,-1.0,-1.0,-1.0,greedy,1
REQ-00009,10000000,3000,0.23914813995361328,17.51019287109375,['mobilenet_v3_small'],garter_snake,0.4160010516643524,most_confident,212.82145800068974,True,n01735189,1.0,garter_snake,,,,,,0.4160010516643524,-1.0,-1.0,-1.0,-1.0,-1.0,0.045821882560873085,-1.0,-1.0,-1.0,-1.0,-1.0,greedy,1
REQ-00010,10000000,3000,0.2522299289703369,17.822670221328735,['mobilenet_v3_small'],albatross,0.9914737939834595,most_confident,229.5231659663841,True,n01774750,1.0,tarantula,,,,,,0.9914737939834595,-1.0,-1.0,-1.0,-1.0,-1.0,0.04489069430478578,-1.0,-1.0,-1.0,-1.0,-1.0,greedy,1
REQ-00011,10000000,3000,0.3664062023162842,20.19140100479126,['mobilenet_v3_small'],sea_anemone,0.6307355165481567,most_confident,338.26783299446106,True,n02028035,1.0,redshank,,,,,,0.6307355165481567,-1.0,-1.0,-1.0,-1.0,-1.0,0.044071324874307205,-1.0,-1.0,-1.0,-1.0,-1.0,greedy,1
REQ-00012,10000000,3000,0.1950540542602539,21.90569806098938,['mobilenet_v3_small'],toucan,0.9999924898147583,most_confident,169.59358396707103,True,n01843383,1.0,toucan,,,,,,0.9999924898147583,-1.0,-1.0,-1.0,-1.0,-1.0,0.04360269238687648,-1.0,-1.0,-1.0,-1.0,-1.0,greedy,1
REQ-00013,10000000,3000,0.3457038402557373,24.829145908355713,['mobilenet_v3_small'],albatross,0.8992974758148193,most_confident,330.8414169587195,True,n02058221,1.0,albatross,,,,,,0.5992974758148193,-1.0,-1.0,-1.0,-1.0,-1.0,0.04269972314818883,-1.0,-1.0,-1.0,-1.0,-1.0,greedy,1
REQ-00014,10000000,3000,0.270169734954834,28.471374988555908,['mobilenet_v3_small'],sea_snake,0.9999228715896606,most_confident,238.42991603305563,True,n01751748,1.0,sea_snake,,,,,,0.9999228715896606,-1.0,-1.0,-1.0,-1.0,-1.0,0.04162275083336995,-1.0,-1.0,-1.0,-1.0,-1.0,greedy,1
REQ-00015,10000000,3000,0.24129986763000488,29.5243980884552,['mobilenet_v3_small'],albatross,0.6109277009963989,most_confident,216.22404200024903,True,n01753488,1.0,horned_viper,,,,,,0.6109277009963989,-1.0,-1.0,-1.0,-1.0,-1.0,0.041338075750032954,-1.0,-1.0,-1.0,-1.0,-1.0,greedy,1
REQ-00016,10000000,3000,0.2761979103088379,40.017555952072144,['mobilenet_v3_small'],sea_anemone,0.9865541458129883,most_confident,236.6418750025332,True,n01494475,1.0,hammerhead,,,,,,0.9865541458129883,-1.0,-1.0,-1.0,-1.0,-1.0,0.040811368175029665,-1.0,-1.0,-1.0,-1.0,-1.0,greedy,1
REQ-00017,10000000,3000,0.22498083114624023,42.12062692642212,['mobilenet_v3_small'],limpkin,0.7430708408355713,most_confident,197.33449997147545,True,n02013706,1.0,limpkin,,,,,,0.7430708408355713,-1.0,-1.0,-1.0,-1.0,-1.0,0.0404855313575267,-1.0,-1.0,-1.0,-1.0,-1.0,greedy,1
REQ-00018,10000000,3000,0.3216238021850586,43.284626960754395,['mobilenet_v3_small'],black_and_gold_garden_spider,0.7877979278564453,most_confident,296.5595840360038,True,n01773797,1.0,black_and_gold_garden_spider,,,,,,0.7877979278564453,-1.0,-1.0,-1.0,-1.0,-1.0,0.04001117822177403,-1.0,-1.0,-1.0,-1.0,-1.0,greedy,1
REQ-00019,10000000,3000,0.6124818325042725,45.725544929504395,['mobilenet_v3_small'],jellyfish,0.9945223331451416,most_confident,552.8712500235997,True,n01614925,1.0,bald_eagle,,,,,,0.9945223331451416,-1.0,-1.0,-1.0,-1.0,-1.0,0.03981856039959663,-1.0,-1.0,-1.0,-1.0,-1.0,greedy,1
REQ-00020,10000000,3000,0.45020270347595215,45.985166788101196,['mobilenet_v3_small'],black_swan,0.9998821020126343,most_confident,306.41050002304837,True,n01860187,1.0,black_swan,,,,,,0.9998821020126343,-1.0,-1.0,-1.0,-1.0,-1.0,0.03981856039959663,-1.0,-1.0,-1.0,-1.0,-1.0,greedy,1
REQ-00021,10000000,3000,0.2565648555755615,47.01419806480408,['mobilenet_v3_small'],diamondback,0.9233103394508362,most_confident,229.46779197081923,True,n01755581,1.0,diamondback,,,,,,0.9233103394508362,-1.0,-1.0,-1.0,-1.0,-1.0,0.039141193923673274,-1.0,-1.0,-1.0,-1.0,-1.0,greedy,1
REQ-00000,10000,3000,0.6259970664978027,2.86102294921875e-06,['mobilenet_v3_small'],jellyfish,0.9160464406013489,most_confident,610.5988749768585,True,n01775062,1.0,wolf_spider,,,,,,0.9160464406013489,-1.0,-1.0,-1.0,-1.0,-1.0,1.1830886461337045,-1.0,-1.0,-1.0,-1.0,-1.0,greedy,1
REQ-00001,10000,3000,0.296644926071167,6.809256076812744,['mobilenet_v3_small'],wing,0.21312840282917023,most_confident,263.64037505118176,True,n01498041,1.0,wing,,,,,,0.21312840282917023,-1.0,-1.0,-1.0,-1.0,-1.0,1.072356381520334,-1.0,-1.0,-1.0,-1.0,-1.0,greedy,1
REQ-00002,10000,3000,0.32529115676879883,7.419148921966553,['mobilenet_v3_small'],bald_eagle,0.976881206035614,most_confident,296.2929590139538,True,n01734418,1.0,king_snake,,,,,,0.976881206035614,-1.0,-1.0,-1.0,-1.0,-1.0,0.9695075433683007,-1.0,-1.0,-1.0,-1.0,-1.0,greedy,1
REQ-00003,10000,3000,0.4426231384277344,9.67122197151184,['mobilenet_v3_small'],pelican,0.9999780654907227,most_confident,415.0607500341721,True,n02051845,1.0,pelican,,,,,,0.9999780654907227,-1.0,-1.0,-1.0,-1.0,-1.0,0.8768161890314706,-1.0,-1.0,-1.0,-1.0,-1.0,greedy,1
REQ-00004,10000,3000,1.1788969039916992,13.034696102142334,['mobilenet_v3_small'],jellyfish,0.869191586971283,most_confident,241.81666696676984,True,n01910747,1.0,jellyfish,,,,,,0.869191586971283,-1.0,-1.0,-1.0,-1.0,-1.0,0.7933799701283235,-1.0,-1.0,-1.0,-1.0,-1.0,greedy,1
REQ-00005,10000,3000,0.44412803649902344,13.850045204162598,['mobilenet_v3_small'],black_and_gold_garden_spider,0.8315332531929016,most_confident,222.76791697368026,True,n01773157,1.0,black_and_gold_garden_spider,,,,,,0.8315332531929016,-1.0,-1.0,-1.0,-1.0,-1.0,0.7933799701283235,-1.0,-1.0,-1.0,-1.0,-1.0,greedy,1
REQ-00006,10000,3000,0.31339287757873535,15.149688959121704,['mobilenet_v3_small'],king_snake,0.7444037199020386,most_confident,289.8103750194423,True,n01734418,1.0,king_snake,,,,,,0.7444037199020386,-1.0,-1.0,-1.0,-1.0,-1.0,0.6562658858039421,-1.0,-1.0,-1.0,-1.0,-1.0,greedy,1
REQ-00007,10000,3000,0.4293200969696045,15.736119031906128,['mobilenet_v3_small'],green_snake,0.6572749018669128,most_confident,400.35691601224244,True,n01729977,1.0,green_snake,,,,,,0.6572749018669128,-1.0,-1.0,-1.0,-1.0,-1.0,0.5952811972235479,-1.0,-1.0,-1.0,-1.0,-1.0,greedy,1
REQ-00008,10000,3000,0.4401278495788574,19.715615034103394,['mobilenet_v3_small'],pelican,0.9970955848693848,most_confident,419.7688330314122,True,n02051845,1.0,pelican,,,,,,0.9970955848693848,-1.0,-1.0,-1.0,-1.0,-1.0,0.5401318775011932,-1.0,-1.0,-1.0,-1.0,-1.0,greedy,1
REQ-00009,10000,3000,0.4910860061645508,21.328020095825195,['mobilenet_v3_small'],oystercatcher,0.9200760126113892,most_confident,333.95800000289455,True,n02037110,1.0,oystercatcher,,,,,,0.9200760126113892,-1.0,-1.0,-1.0,-1.0,-1.0,0.4906501897510739,-1.0,-1.0,-1.0,-1.0,-1.0,greedy,1
REQ-00010,10000,3000,0.45788121223449707,21.41340208053589,['mobilenet_v3_small'],chickadee,0.9003778696060181,most_confident,189.8713749833405,True,n01592084,1.0,chickadee,,,,,,0.9003778696060181,-1.0,-1.0,-1.0,-1.0,-1.0,0.4906501897510739,-1.0,-1.0,-1.0,-1.0,-1.0,greedy,1
REQ-00011,10000,3000,1.5250391960144043,25.384238958358765,['mobilenet_v3_small'],electric_ray,0.9780137538909912,most_confident,1503.5754580167122,True,n01496331,1.0,electric_ray,,,,,,0.9780137538909912,-1.0,-1.0,-1.0,-1.0,-1.0,0.4057210536983698,-1.0,-1.0,-1.0,-1.0,-1.0,greedy,1
REQ-00012,10000,3000,0.5116910934448242,27.19990587234497,['mobilenet_v3_small'],magpie,0.29941192269325256,most_confident,485.6535000144504,True,n01582220,1.0,magpie,,,,,,0.29941192269325256,-1.0,-1.0,-1.0,-1.0,-1.0,0.36935344832853284,-1.0,-1.0,-1.0,-1.0,-1.0,greedy,1
REQ-00013,10000,3000,0.2576141357421875,33.41851305961609,['mobilenet_v3_small'],peacock,0.9999961853027344,most_confident,228.48545800661668,True,n01806143,1.0,peacock,,,,,,0.9999961853027344,-1.0,-1.0,-1.0,-1.0,-1.0,0.33727860349567956,-1.0,-1.0,-1.0,-1.0,-1.0,greedy,1
REQ-00014,10000,3000,0.8350651264190674,47.133803844451904,['mobilenet_v3_small'],crayfish,0.8664263486862183,most_confident,809.1523330076598,True,n01985128,1.0,crayfish,,,,,,0.8664263486862183,-1.0,-1.0,-1.0,-1.0,-1.0,0.30839254314611164,-1.0,-1.0,-1.0,-1.0,-1.0,greedy,1
REQ-00015,10000,3000,0.4893801212310791,48.66505694389343,['mobilenet_v3_small'],indian_cobra,0.2575141489505768,most_confident,462.2153749805875,True,n01742172,1.0,indian_cobra,,,,,,0.2575141489505768,-1.0,-1.0,-1.0,-1.0,-1.0,0.3050006888315005,-1.0,-1.0,-1.0,-1.0,-1.0,greedy,1
REQ-00016,10000,3000,0.29122209548950195,49.975939989089966,['mobilenet_v3_small'],axolotl,0.9987896084785461,most_confident,261.57691702246666,True,n01632777,1.0,axolotl,,,,,,0.9987896084785461,-1.0,-1.0,-1.0,-1.0,-1.0,0.27896771994835046,-1.0,-1.0,-1.0,-1.0,-1.0,greedy,1
REQ-00017,10000,3000,0.3325769901275635,52.50484108924866,['mobilenet_v3_small'],black_and_gold_garden_spider,0.572266161441803,most_confident,305.20599998999387,True,n01753488,1.0,horned_viper,,,,,,0.572266161441803,-1.0,-1.0,-1.0,-1.0,-1.0,0.2555187479535154,-1.0,-1.0,-1.0,-1.0,-1.0,greedy,1
REQ-00018,10000,3000,0.4901261329650879,57.97820711135864,['mobilenet_v3_small'],hen,0.8930298686027527,most_confident,460.78241599025205,True,n01514859,1.0,hen,,,,,,0.8930298686027527,-1.0,-1.0,-1.0,-1.0,-1.0,0.2349175731581639,-1.0,-1.0,-1.0,-1.0,-1.0,greedy,1
REQ-00019,10000,3000,0.3459961414337158,58.17639994621277,['mobilenet_v3_small'],magpie,0.9998862743377686,most_confident,245.7060000160709,True,n01582220,1.0,magpie,,,,,,0.9998862743377686,-1.0,-1.0,-1.0,-1.0,-1.0,0.2349175731581639,-1.0,-1.0,-1.0,-1.0,-1.0,greedy,1
REQ-00020,10000,3000,0.9547650814056396,61.30091094970703,['mobilenet_v3_small'],tailed_frog,0.764370322227478,most_confident,921.1742500192486,True,n01644900,1.0,tailed_frog,,,,,,0.764370322227478,-1.0,-1.0,-1.0,-1.0,-1.0,0.19909666425811276,-1.0,-1.0,-1.0,-1.0,-1.0,greedy,1
REQ-00021,10000,3000,0.368880033493042,62.87785196304321,['mobilenet_v3_small'],whiptail,0.555046021938324,most_confident,340.29754099901766,True,n01685808,1.0,whiptail,,,,,,0.555046021938324,-1.0,-1.0,-1.0,-1.0,-1.0,0.18924519783230148,-1.0,-1.0,-1.0,-1.0,-1.0,greedy,1
REQ-00022,10000,3000,0.6144514083862305,63.77811813354492,['mobilenet_v3_small'],goose,0.9824591875076294,most_confident,584.9687499576248,True,n01855672,1.0,goose,,,,,,0.9824591875076294,-1.0,-1.0,-1.0,-1.0,-1.0,0.17515427804907133,-1.0,-1.0,-1.0,-1.0,-1.0,greedy,1
REQ-00023,10000,3000,0.27177000045776367,71.70908498764038,['mobilenet_v3_small'],sea_lion,0.985645055770874,most_confident,245.63854100415483,True,n02077923,1.0,sea_lion,,,,,,0.985645055770874,-1.0,-1.0,-1.0,-1.0,-1.0,0.1622955502441642,-1.0,-1.0,-1.0,-1.0,-1.0,greedy,1
REQ-00024,10000,3000,0.32741785049438477,78.3719310760498,['mobilenet_v3_small'],peacock,0.6299458146095276,most_confident,263.04608304053545,True,n01514668,1.0,cock,,,,,,0.6299458146095276,-1.0,-1.0,-1.0,-1.0,-1.0,0.1507013952197478,-1.0,-1.0,-1.0,-1.0,-1.0,greedy,1
REQ-00025,10000,3000,0.32064294815063477,80.39365100860596,['mobilenet_v3_small'],magpie,0.9978746175765991,most_confident,298.119459010195,True,n01582220,1.0,magpie,,,,,,0.9978746175765991,-1.0,-1.0,-1.0,-1.0,-1.0,0.14016615569777302,-1.0,-1.0,-1.0,-1.0,-1.0,greedy,1
REQ-00026,10000,3000,0.2300736904144287,85.4187970161438,['mobilenet_v3_small'],three-toed_sloth,0.4856678247451782,most_confident,209.45362496422604,True,n01644900,1.0,three-toed_sloth,,,,,,0.4856678247451782,-1.0,-1.0,-1.0,-1.0,-1.0,0.13084334012799573,-1.0,-1.0,-1.0,-1.0,-1.0,greedy,1
REQ-00027,10000,3000,1.1577191352844238,86.85257887840271,['mobilenet_v3_small'],black_grouse,0.9946035742759705,most_confident,1125.1869580009952,True,n01795545,1.0,black_grouse,,,,,,0.9946035742759705,-1.0,-1.0,-1.0,-1.0,-1.0,0.12217690611519616,-1.0,-1.0,-1.0,-1.0,-1.0,greedy,1
REQ-00028,10000,3000,0.5940430164337158,87.51023697853088,['mobilenet_v3_small'],wombat,0.9999374151229858,most_confident,567.7621249924414,True,n01883070,1.0,wombat,,,,,,0.9999374151229858,-1.0,-1.0,-1.0,-1.0,-1.0,0.11565221550367655,-1.0,-1.0,-1.0,-1.0,-1.0,greedy,1
REQ-00029,10000,3000,0.23591399192810059,91.18450093269348,['mobilenet_v3_small'],banded_gecko,0.9118214845657349,most_confident,208.3153750281781,True,n01675722,1.0,banded_gecko,,,,,,0.9118214845657349,-1.0,-1.0,-1.0,-1.0,-1.0,0.1090888939533089,-1.0,-1.0,-1.0,-1.0,-1.0,greedy,1
REQ-00030,10000,3000,0.239516019821167,93.40235686302185,['mobilenet_v3_small'],red-backed_sandpiper,0.9919448494911194,most_confident,218.45366701018065,True,n02027492,1.0,red-backed_sandpiper,,,,,,0.9919448494911194,-1.0,-1.0,-1.0,-1.0,-1.0,0.10265080455797801,-1.0,-1.0,-1.0,-1.0,-1.0,greedy,1
REQ-00031,10000,3000,0.7373631000518799,93.69502997398376,['mobilenet_v3_small'],macaw,0.5200290679931641,most_confident,705.9267080039717,True,n01818515,1.0,macaw,,,,,,0.5200290679931641,-1.0,-1.0,-1.0,-1.0,-1.0,0.09698202410218021,-1.0,-1.0,-1.0,-1.0,-1.0,greedy,1
REQ-00032,10000,3000,1.0430760383605957,93.82592701911926,['mobilenet_v3_small'],nematode,0.4831494987010956,most_confident,766.677624953445,True,n01930112,1.0,nematode,,,,,,0.4831494987010956,-1.0,-1.0,-1.0,-1.0,-1.0,0.09698202410218021,-1.0,-1.0,-1.0,-1.0,-1.0,greedy,1
REQ-00033,10000,3000,1.3113017082214355,94.06778502464294,['mobilenet_v3_small'],peacock,0.9999951124191284,most_confident,1090.5217910185456,True,n01443537,1.0,goldfish,,,,,,0.9999951124191284,-1.0,-1.0,-1.0,-1.0,-1.0,0.09191962169196219,-1.0,-1.0,-1.0,-1.0,-1.0,greedy,1
REQ-00034,10000,3000,0.6373417377471924,98.98778986930847,['mobilenet_v3_small'],lorikeet,0.9999943971633911,most_confident,607.0377919822931,True,n01820546,1.0,lorikeet,,,,,,0.9999943971633911,-1.0,-1.0,-1.0,-1.0,-1.0,0.1830794735704894,-1.0,-1.0,-1.0,-1.0,-1.0,greedy,1
REQ-00000,10000,3000,0.29579997062683105,3.0994415283203125e-06,['mobilenet_v3_small'],komodo_dragon,0.9984526634216309,most_confident,278.05116696981713,True,n01695060,1.0,komodo_dragon,,,,,,0.5984526634216309,-1.0,-1.0,-1.0,-1.0,-1.0,0.16935602621344045,-1.0,-1.0,-1.0,-1.0,-1.0,greedy,1
REQ-00001,10000,3000,1.8478848934173584,1.564661979675293,['mobilenet_v3_small'],ptarmigan,0.9720373153686523,most_confident,1819.5743330288678,True,n01796340,1.0,ptarmigan,,,,,,0.5720373153686523,-1.0,-1.0,-1.0,-1.0,-1.0,0.1570218235920964,-1.0,-1.0,-1.0,-1.0,-1.0,greedy,1
REQ-00002,10000,3000,0.3019838333129883,8.822354793548584,['mobilenet_v3_small'],tailed_frog,0.9528638124465942,most_confident,268.3886250015348,True,n01644900,1.0,tailed_frog,,,,,,0.9528638124465942,-1.0,-1.0,-1.0,-1.0,-1.0,0.14600224123288677,-1.0,-1.0,-1.0,-1.0,-1.0,greedy,1
REQ-00003,10000,3000,0.21280479431152344,17.259654760360718,['mobilenet_v3_small'],night_snake,0.7642050981521606,most_confident,192.0618750154972,True,n01740131,1.0,night_snake,,,,,,0.7642050981521606,-1.0,-1.0,-1.0,-1.0,-1.0,0.1362657171095981,-1.0,-1.0,-1.0,-1.0,-1.0,greedy,1
REQ-00004,10000,3000,0.2418680191040039,18.024128913879395,['mobilenet_v3_small'],harvestman,0.9983025789260864,most_confident,217.4285830114968,True,n01770081,1.0,harvestman,,,,,,0.6983025789260864,-1.0,-1.0,-1.0,-1.0,-1.0,0.12713654539863828,-1.0,-1.0,-1.0,-1.0,-1.0,greedy,1
REQ-00005,10000,3000,0.381864070892334,20.12703514099121,['mobilenet_v3_small'],harvestman,0.9854843020439148,most_confident,363.49770799279213,True,n01770081,1.0,harvestman,,,,,,0.9854843020439148,-1.0,-1.0,-1.0,-1.0,-1.0,0.11909519085877446,-1.0,-1.0,-1.0,-1.0,-1.0,greedy,1
REQ-00006,10000,3000,0.2876100540161133,22.624294757843018,['mobilenet_v3_small'],vine_snake,0.6653028726577759,most_confident,260.67795796552673,True,n01739381,1.0,vine_snake,,,,,,0.6653028726577759,-1.0,-1.0,-1.0,-1.0,-1.0,0.11179617177289702,-1.0,-1.0,-1.0,-1.0,-1.0,greedy,1
REQ-00007,10000,3000,0.233414888381958,22.73483681678772,['mobilenet_v3_small'],wolf_spider,0.7916831970214844,most_confident,207.82875001896173,True,n01775062,1.0,wolf_spider,,,,,,0.7916831970214844,-1.0,-1.0,-1.0,-1.0,-1.0,0.11179617177289702,-1.0,-1.0,-1.0,-1.0,-1.0,greedy,1
REQ-00008,10000,3000,0.2476508617401123,30.650869846343994,['mobilenet_v3_small'],spoonbill,0.9995177984237671,most_confident,219.39849999034777,True,n02006656,1.0,spoonbill,,,,,,0.2995177984237671,-1.0,-1.0,-1.0,-1.0,-1.0,0.10116819913604659,-1.0,-1.0,-1.0,-1.0,-1.0,greedy,1
REQ-00009,10000,3000,0.30617189407348633,32.09268093109131,['mobilenet_v3_small'],american_coot,0.6342706084251404,most_confident,278.30945898313075,True,n02018207,1.0,american_coot,,,,,,0.6342706084251404,-1.0,-1.0,-1.0,-1.0,-1.0,0.09583407922244193,-1.0,-1.0,-1.0,-1.0,-1.0,greedy,1
REQ-00010,10000,3000,0.2287440299987793,32.77987194061279,['mobilenet_v3_small'],black_grouse,0.998781144618988,most_confident,206.08004200039431,True,n01795545,1.0,black_grouse,,,,,,0.398781144618988,-1.0,-1.0,-1.0,-1.0,-1.0,0.09105617130019775,-1.0,-1.0,-1.0,-1.0,-1.0,greedy,1
REQ-00011,10000,3000,0.22344684600830078,33.188523054122925,['mobilenet_v3_small'],night_snake,0.9999916553497314,most_confident,197.0420409925282,True,n01860187,1.0,black_swan,,,,,,0.2999916553497314,-1.0,-1.0,-1.0,-1.0,-1.0,0.08594795417017798,-1.0,-1.0,-1.0,-1.0,-1.0,greedy,1
REQ-00012,10000,3000,0.2968027591705322,33.510765075683594,['mobilenet_v3_small'],bald_eagle,0.42411962151527405,most_confident,267.3457079799846,True,n01582220,1.0,bald_eagle,,,,,,0.42411962151527405,-1.0,-1.0,-1.0,-1.0,-1.0,0.08178035875316018,-1.0,-1.0,-1.0,-1.0,-1.0,greedy,1
REQ-00013,10000,3000,0.24757003784179688,35.40448999404907,['mobilenet_v3_small'],electric_ray,0.6164930462837219,most_confident,220.57474998291582,True,n01498041,1.0,electric_ray,,,,,,0.6164930462837219,-1.0,-1.0,-1.0,-1.0,-1.0,0.07824792287784417,-1.0,-1.0,-1.0,-1.0,-1.0,greedy,1
REQ-00014,10000,3000,0.3127560615539551,36.95022416114807,['mobilenet_v3_small'],american_egret,0.2916746437549591,most_confident,292.1316670253873,True,n01667778,1.0,american_egret,,,,,,0.2916746437549591,-1.0,-1.0,-1.0,-1.0,-1.0,0.07490423059005975,-1.0,-1.0,-1.0,-1.0,-1.0,greedy,1
REQ-00015,10000,3000,0.25315260887145996,38.43381094932556,['mobilenet_v3_small'],night_snake,0.39366355538368225,most_confident,222.30162500636652,True,n01484850,1.0,tiger_shark,,,,,,0.39366355538368225,-1.0,-1.0,-1.0,-1.0,-1.0,0.07223710753105378,-1.0,-1.0,-1.0,-1.0,-1.0,greedy,1
REQ-00016,10000,3000,0.29637622833251953,39.641886949539185,['mobilenet_v3_small'],bald_eagle,0.8389413952827454,most_confident,267.9627910256386,True,n01667114,1.0,box_turtle,,,,,,0.4389413952827454,-1.0,-1.0,-1.0,-1.0,-1.0,0.0691525967779484,-1.0,-1.0,-1.0,-1.0,-1.0,greedy,1
REQ-00017,10000,3000,0.2590351104736328,46.6134147644043,['mobilenet_v3_small'],horned_viper,0.44809097051620483,most_confident,199.48283297708258,True,n01753488,1.0,horned_viper,,,,,,0.44809097051620483,-1.0,-1.0,-1.0,-1.0,-1.0,0.06704463710015356,-1.0,-1.0,-1.0,-1.0,-1.0,greedy,1
REQ-00018,10000,3000,1.26279616355896,52.85514807701111,['mobilenet_v3_small'],spotted_salamander,0.9865595102310181,most_confident,1235.8839589869604,True,n01632458,1.0,spotted_salamander,,,,,,0.9865595102310181,-1.0,-1.0,-1.0,-1.0,-1.0,0.06508467339013821,-1.0,-1.0,-1.0,-1.0,-1.0,greedy,1
REQ-00019,10000,3000,1.8418469429016113,54.774470806121826,['mobilenet_v3_small'],stingray,0.29963189363479614,most_confident,1827.1576659753919,True,n01498041,1.0,stingray,,,,,,0.29963189363479614,-1.0,-1.0,-1.0,-1.0,-1.0,0.0659290060511244,-1.0,-1.0,-1.0,-1.0,-1.0,greedy,1
REQ-00020,10000,3000,1.6984589099884033,57.69669985771179,['mobilenet_v3_small'],hermit_crab,0.9890530705451965,most_confident,1674.5772920548916,True,n01986214,1.0,hermit_crab,,,,,,0.3890530705451965,-1.0,-1.0,-1.0,-1.0,-1.0,0.06532890544601196,-1.0,-1.0,-1.0,-1.0,-1.0,greedy,1
REQ-00021,10000,3000,1.1639831066131592,58.432063817977905,['mobilenet_v3_small'],coucal,0.9729486107826233,most_confident,763.6666659964249,True,n01824575,1.0,coucal,,,,,,0.5729486107826233,-1.0,-1.0,-1.0,-1.0,-1.0,0.06532890544601196,-1.0,-1.0,-1.0,-1.0,-1.0,greedy,1
REQ-00022,10000,3000,1.6313440799713135,64.16167998313904,['mobilenet_v3_small'],ruffed_grouse,0.7780226469039917,most_confident,1613.8470419682562,True,n01798484,1.0,ruffed_grouse,,,,,,0.2780226469039917,-1.0,-1.0,-1.0,-1.0,-1.0,0.06526893341126969,-1.0,-1.0,-1.0,-1.0,-1.0,greedy,1
REQ-00023,10000,3000,0.7601327896118164,65.13173079490662,['mobilenet_v3_small'],frilled_lizard,0.11293875426054001,most_confident,727.5902080000378,True,n01687978,1.0,frilled_lizard,,,,,,0.11293875426054001,-1.0,-1.0,-1.0,-1.0,-1.0,0.06370794007014272,-1.0,-1.0,-1.0,-1.0,-1.0,greedy,1
REQ-00024,10000,3000,0.41660308837890625,68.13469791412354,['mobilenet_v3_small'],bulbul,0.49069640040397644,most_confident,387.97787501243874,True,n01829413,1.0,bulbul,,,,,,0.49069640040397644,-1.0,-1.0,-1.0,-1.0,-1.0,0.06354364606312844,-1.0,-1.0,-1.0,-1.0,-1.0,greedy,1
REQ-00025,10000,3000,0.8287069797515869,69.71537780761719,['mobilenet_v3_small'],american_alligator,0.8037696480751038,most_confident,774.9949999852106,True,n01698640,1.0,american_alligator,,,,,,0.8037696480751038,-1.0,-1.0,-1.0,-1.0,-1.0,0.0623884814568156,-1.0,-1.0,-1.0,-1.0,-1.0,greedy,1
REQ-00026,10000,3000,0.40540599822998047,76.20910596847534,['mobilenet_v3_small'],great_grey_owl,0.9996108412742615,most_confident,375.60379202477634,True,n01622779,1.0,great_grey_owl,,,,,,0.9996108412742615,-1.0,-1.0,-1.0,-1.0,-1.0,0.06196123331113404,-1.0,-1.0,-1.0,-1.0,-1.0,greedy,1
REQ-00027,10000,3000,0.30822300910949707,78.66810274124146,['mobilenet_v3_small'],whiptail,0.6637527346611023,most_confident,243.37687500519678,True,n01693334,1.0,whiptail,,,,,,0.6637527346611023,-1.0,-1.0,-1.0,-1.0,-1.0,0.06065550998002064,-1.0,-1.0,-1.0,-1.0,-1.0,greedy,1
REQ-00028,10000,3000,0.6214349269866943,82.63430285453796,['mobilenet_v3_small'],bald_eagle,0.5007886290550232,most_confident,603.0712079955265,True,n01608432,1.0,kite,,,,,,0.5007886290550232,-1.0,-1.0,-1.0,-1.0,-1.0,0.05933205898201857,-1.0,-1.0,-1.0,-1.0,-1.0,greedy,1
REQ-00029,10000,3000,1.354914903640747,87.1320309638977,['mobilenet_v3_small'],vine_snake,0.9488911032676697,most_confident,1325.8691660012119,True,n01739381,1.0,vine_snake,,,,,,0.3488911032676697,-1.0,-1.0,-1.0,-1.0,-1.0,0.05850305308381672,-1.0,-1.0,-1.0,-1.0,-1.0,greedy,1
REQ-00030,10000,3000,0.27538609504699707,95.18810391426086,['mobilenet_v3_small'],sea_snake,0.9807983040809631,most_confident,250.0221670488827,True,n01751748,1.0,sea_snake,,,,,,0.6807983040809631,-1.0,-1.0,-1.0,-1.0,-1.0,0.05773744777543505,-1.0,-1.0,-1.0,-1.0,-1.0,greedy,1
REQ-00031,10000,3000,0.301663875579834,98.53080892562866,['mobilenet_v3_small'],indigo_bunting,0.9999771118164062,most_confident,246.3398749823682,True,n01537544,1.0,indigo_bunting,,,,,,0.9999771118164062,-1.0,-1.0,-1.0,-1.0,-1.0,0.05641340299789154,-1.0,-1.0,-1.0,-1.0,-1.0,greedy,1




REQ-00000,10000000,3000,0.2855038642883301,2.86102294921875e-06,['resnet18'],pelican,0.8570471405982971,most_confident,256.45724998321384,True,n02051845,1.0,,pelican,,,,,-1.0,0.8570471405982971,-1.0,-1.0,-1.0,-1.0,-1.0,0.07053327410603291,-1.0,-1.0,-1.0,-1.0,greedy,1
REQ-00001,10000000,3000,0.3762960433959961,3.7928431034088135,['resnet18'],tiger_shark,0.8524395823478699,most_confident,213.96666701184586,True,n01491361,1.0,,tiger_shark,,,,,-1.0,0.8524395823478699,-1.0,-1.0,-1.0,-1.0,-1.0,0.07045584669542962,-1.0,-1.0,-1.0,-1.0,greedy,1
REQ-00002,10000000,3000,0.25141096115112305,8.062755823135376,['resnet18'],garter_snake,0.998793363571167,most_confident,227.77204198064283,True,n01735189,1.0,,garter_snake,,,,,-1.0,0.998793363571167,-1.0,-1.0,-1.0,-1.0,-1.0,0.06908476202588666,-1.0,-1.0,-1.0,-1.0,greedy,1
REQ-00003,10000000,3000,0.32624316215515137,10.870260000228882,['resnet18'],wombat,0.853559672832489,most_confident,295.96974997548386,True,n01883070,1.0,,wombat,,,,,-1.0,0.853559672832489,-1.0,-1.0,-1.0,-1.0,-1.0,0.067768785823298,-1.0,-1.0,-1.0,-1.0,greedy,1
REQ-00004,10000000,3000,0.24309706687927246,11.880733013153076,['resnet18'],crane,0.589403510093689,most_confident,210.74466599384323,True,n01943899,1.0,,conch,,,,,-1.0,0.589403510093689,-1.0,-1.0,-1.0,-1.0,-1.0,0.0667419072409682,-1.0,-1.0,-1.0,-1.0,greedy,1
REQ-00005,10000000,3000,0.22842884063720703,13.407582998275757,['resnet18'],spoonbill,0.8982773065567017,most_confident,203.04641698021442,True,n02006656,1.0,,spoonbill,,,,,-1.0,0.9982773065567017,-1.0,-1.0,-1.0,-1.0,-1.0,0.06394371651687139,-1.0,-1.0,-1.0,-1.0,greedy,1
REQ-00006,10000000,3000,0.31040096282958984,15.197901964187622,['resnet18'],hen,0.5833601355552673,most_confident,279.14575004251674,True,n01514668,1.0,,hen,,,,,-1.0,0.5833601355552673,-1.0,-1.0,-1.0,-1.0,-1.0,0.061480044865184255,-1.0,-1.0,-1.0,-1.0,greedy,1
REQ-00007,10000000,3000,0.26270580291748047,20.062960863113403,['resnet18'],chiton,0.9018126726150513,most_confident,234.27504196297377,True,n01955084,1.0,,chiton,,,,,-1.0,0.9018126726150513,-1.0,-1.0,-1.0,-1.0,-1.0,0.06166354037866584,-1.0,-1.0,-1.0,-1.0,greedy,1
REQ-00008,10000000,3000,0.3211400508880615,21.564573049545288,['resnet18'],hammerhead,0.9081923699378967,most_confident,292.80616698088124,True,n01855672,1.0,,goose,,,,,-1.0,0.9981923699378967,-1.0,-1.0,-1.0,-1.0,-1.0,0.06148198634079925,-1.0,-1.0,-1.0,-1.0,greedy,1
REQ-00009,10000000,3000,0.2871129512786865,21.950785875320435,['resnet18'],spiny_lobster,0.9992765784263611,most_confident,261.27175003057346,True,n01984695,1.0,,spiny_lobster,,,,,-1.0,0.4992765784263611,-1.0,-1.0,-1.0,-1.0,-1.0,0.06073518770671933,-1.0,-1.0,-1.0,-1.0,greedy,1
REQ-00010,10000000,3000,0.26226806640625,28.919305086135864,['resnet18'],chambered_nautilus,0.9523219871520996,most_confident,234.33449998265132,True,n01968897,1.0,,chambered_nautilus,,,,,-1.0,0.3723219871520996,-1.0,-1.0,-1.0,-1.0,-1.0,0.0598187689360474,-1.0,-1.0,-1.0,-1.0,greedy,1
REQ-00011,10000000,3000,0.2636549472808838,30.70616888999939,['resnet18'],crane,0.8980816841125488,most_confident,234.68316701473668,True,n01675722,1.0,,banded_gecko,,,,,-1.0,0.9980816841125488,-1.0,-1.0,-1.0,-1.0,-1.0,0.06000869204244266,-1.0,-1.0,-1.0,-1.0,greedy,1
REQ-00012,10000000,3000,0.21507620811462402,35.03617215156555,['resnet18'],spoonbill,0.5704317688941956,most_confident,190.33283402677625,True,n02006656,1.0,,spoonbill,,,,,-1.0,0.5704317688941956,-1.0,-1.0,-1.0,-1.0,-1.0,0.060786322838198396,-1.0,-1.0,-1.0,-1.0,greedy,1
REQ-00013,10000000,3000,0.22069787979125977,35.29296112060547,['resnet18'],scorpion,0.8997404217720032,most_confident,199.26512503298,True,n01770393,1.0,,scorpion,,,,,-1.0,0.9997404217720032,-1.0,-1.0,-1.0,-1.0,-1.0,0.05795429055437856,-1.0,-1.0,-1.0,-1.0,greedy,1
REQ-00014,10000000,3000,0.2241969108581543,38.547138929367065,['resnet18'],dungeness_crab,0.8507005214691162,most_confident,197.8952910285443,True,n01978287,1.0,,dungeness_crab,,,,,-1.0,0.9507005214691162,-1.0,-1.0,-1.0,-1.0,-1.0,0.05809456149894071,-1.0,-1.0,-1.0,-1.0,greedy,1
REQ-00015,10000000,3000,0.23308300971984863,39.456417083740234,['resnet18'],bald_eagle,0.9987210631370544,most_confident,204.4500419870019,True,n01614925,1.0,,bald_eagle,,,,,-1.0,0.5987210631370544,-1.0,-1.0,-1.0,-1.0,-1.0,0.056225205349046646,-1.0,-1.0,-1.0,-1.0,greedy,1
REQ-00016,10000000,3000,0.24215292930603027,43.44436001777649,['resnet18'],spotted_salamander,0.5893698930740356,most_confident,202.15195801574737,True,n01632458,1.0,,spotted_salamander,,,,,-1.0,0.5893698930740356,-1.0,-1.0,-1.0,-1.0,-1.0,0.05552018481414198,-1.0,-1.0,-1.0,-1.0,greedy,1
REQ-00017,10000000,3000,0.30770421028137207,46.3431351184845,['resnet18'],lorikeet,0.7073434591293335,most_confident,282.25629194639623,True,n01820546,1.0,,lorikeet,,,,,-1.0,0.7073434591293335,-1.0,-1.0,-1.0,-1.0,-1.0,0.055878766332727786,-1.0,-1.0,-1.0,-1.0,greedy,1
REQ-00000,10000000,3000,0.21459507942199707,1.9073486328125e-06,['resnet18'],indigo_bunting,0.9994737505912781,most_confident,203.43745802529156,True,n01537544,1.0,,indigo_bunting,,,,,-1.0,0.9994737505912781,-1.0,-1.0,-1.0,-1.0,-1.0,0.056335589699455006,-1.0,-1.0,-1.0,-1.0,greedy,1
REQ-00001,10000000,3000,0.34931302070617676,1.621729850769043,['resnet18'],hognose_snake,0.42662864923477173,most_confident,331.222084001638,True,n01729322,1.0,,hognose_snake,,,,,-1.0,0.42662864923477173,-1.0,-1.0,-1.0,-1.0,-1.0,0.0555657307295095,-1.0,-1.0,-1.0,-1.0,greedy,1
REQ-00002,10000000,3000,0.2572290897369385,2.674077033996582,['resnet18'],dungeness_crab,0.6116728186607361,most_confident,237.5171669991687,True,n01978455,1.0,,dungeness_crab,,,,,-1.0,0.6116728186607361,-1.0,-1.0,-1.0,-1.0,-1.0,0.058290757656558556,-1.0,-1.0,-1.0,-1.0,greedy,1
REQ-00003,10000000,3000,0.23448920249938965,7.715925693511963,['resnet18'],american_lobster,0.7351067066192627,most_confident,214.0729160164483,True,n01985128,1.0,,american_lobster,,,,,-1.0,0.7351067066192627,-1.0,-1.0,-1.0,-1.0,-1.0,0.058570181890902705,-1.0,-1.0,-1.0,-1.0,greedy,1
REQ-00004,10000000,3000,0.2740771770477295,15.412898778915405,['resnet18'],dungeness_crab,0.2554628849029541,most_confident,249.09424997167662,True,n01978287,1.0,,dungeness_crab,,,,,-1.0,0.2554628849029541,-1.0,-1.0,-1.0,-1.0,-1.0,0.05962986370181243,-1.0,-1.0,-1.0,-1.0,greedy,1
REQ-00005,10000000,3000,0.2189650535583496,15.728720903396606,['resnet18'],scorpion,0.7887871146202087,most_confident,197.4032080033794,True,n01770393,1.0,,scorpion,,,,,-1.0,0.5887871146202087,-1.0,-1.0,-1.0,-1.0,-1.0,0.06062007733163119,-1.0,-1.0,-1.0,-1.0,greedy,1
REQ-00006,10000000,3000,0.22576093673706055,20.028817892074585,['resnet18'],flamingo,0.7998695850372314,most_confident,197.46466702781618,True,n02007558,1.0,,flamingo,,,,,-1.0,0.5998695850372314,-1.0,-1.0,-1.0,-1.0,-1.0,0.06058356959846808,-1.0,-1.0,-1.0,-1.0,greedy,1
REQ-00007,10000000,3000,0.5291359424591064,21.43941879272461,['resnet18'],banded_gecko,0.32767245173454285,most_confident,505.5443749879487,True,n01630670,1.0,,banded_gecko,,,,,-1.0,0.32767245173454285,-1.0,-1.0,-1.0,-1.0,-1.0,0.05874761263862127,-1.0,-1.0,-1.0,-1.0,greedy,1
REQ-00008,10000000,3000,0.31047868728637695,24.64078187942505,['resnet18'],tarantula,0.6578525304794312,most_confident,289.58991600666195,True,n01774750,1.0,,tarantula,,,,,-1.0,0.6578525304794312,-1.0,-1.0,-1.0,-1.0,-1.0,0.05870865137475915,-1.0,-1.0,-1.0,-1.0,greedy,1
REQ-00009,10000000,3000,0.22979187965393066,25.475056886672974,['resnet18'],tick,0.7757745862007141,most_confident,208.84841703809798,True,n01776313,1.0,,tick,,,,,-1.0,0.5757745862007141,-1.0,-1.0,-1.0,-1.0,-1.0,0.05744038623728323,-1.0,-1.0,-1.0,-1.0,greedy,1
REQ-00010,10000000,3000,0.28028321266174316,26.06887984275818,['resnet18'],bustard,0.6999839067459106,most_confident,250.87479199282825,True,n02018795,1.0,,bustard,,,,,-1.0,0.9999839067459106,-1.0,-1.0,-1.0,-1.0,-1.0,0.05697514761355491,-1.0,-1.0,-1.0,-1.0,greedy,1
REQ-00011,10000000,3000,0.2772252559661865,29.452332735061646,['resnet18'],sea_slug,0.7565537095069885,most_confident,245.17304199980572,True,n01950731,1.0,,sea_slug,,,,,-1.0,0.6565537095069885,-1.0,-1.0,-1.0,-1.0,-1.0,0.05693413285219942,-1.0,-1.0,-1.0,-1.0,greedy,1
REQ-00012,10000000,3000,0.3282749652862549,31.842160940170288,['resnet18'],spiny_lobster,0.9786884784698486,most_confident,301.56483402242884,True,n01984695,1.0,,spiny_lobster,,,,,-1.0,0.9786884784698486,-1.0,-1.0,-1.0,-1.0,-1.0,0.05729221956697948,-1.0,-1.0,-1.0,-1.0,greedy,1
REQ-00013,10000000,3000,0.2630650997161865,33.115520000457764,['resnet18'],garter_snake,0.6939166903495789,most_confident,234.5344999921508,True,n01735189,1.0,,garter_snake,,,,,-1.0,0.2939166903495789,-1.0,-1.0,-1.0,-1.0,-1.0,0.05679449761028153,-1.0,-1.0,-1.0,-1.0,greedy,1
REQ-00014,10000000,3000,0.2360241413116455,38.48737597465515,['resnet18'],dungeness_crab,0.8670783042907715,most_confident,218.82420795736834,True,n01978287,1.0,,dungeness_crab,,,,,-1.0,0.8670783042907715,-1.0,-1.0,-1.0,-1.0,-1.0,0.05800054784925338,-1.0,-1.0,-1.0,-1.0,greedy,1
REQ-00015,10000000,3000,0.2353370189666748,39.97505187988281,['resnet18'],european_fire_salamander,0.994086742401123,most_confident,205.379166000057,True,n01632458,1.0,,european_fire_salamander,,,,,-1.0,0.994086742401123,-1.0,-1.0,-1.0,-1.0,-1.0,0.055768693064328044,-1.0,-1.0,-1.0,-1.0,greedy,1
REQ-00000,10000000,3000,0.3026409149169922,1.9073486328125e-06,['resnet18'],bagel,0.3363497853279114,most_confident,286.6727089858614,True,n01968897,1.0,,bagel,,,,,-1.0,0.3363497853279114,-1.0,-1.0,-1.0,-1.0,-1.0,0.05613052375789524,-1.0,-1.0,-1.0,-1.0,greedy,1
REQ-00001,10000000,3000,0.20684194564819336,3.3511769771575928,['resnet18'],black_widow,0.86510169506073,most_confident,183.83891601115465,True,n01774384,1.0,,black_widow,,,,,-1.0,0.86510169506073,-1.0,-1.0,-1.0,-1.0,-1.0,0.059204671382105716,-1.0,-1.0,-1.0,-1.0,greedy,1
REQ-00002,10000000,3000,0.23532390594482422,4.233686923980713,['resnet18'],hen,0.9020501804351807,most_confident,218.00770901609212,True,n01514859,1.0,,hen,,,,,-1.0,0.9820501804351807,-1.0,-1.0,-1.0,-1.0,-1.0,0.05789060424389514,-1.0,-1.0,-1.0,-1.0,greedy,1
REQ-00003,10000000,3000,0.32689690589904785,6.559682130813599,['resnet18'],green_lizard,0.5571498870849609,most_confident,311.0344999586232,True,n01693334,1.0,,green_lizard,,,,,-1.0,0.5571498870849609,-1.0,-1.0,-1.0,-1.0,-1.0,0.057349943819505624,-1.0,-1.0,-1.0,-1.0,greedy,1
REQ-00004,10000000,3000,0.24319696426391602,8.252453088760376,['resnet18'],bee_eater,0.7968580007553101,most_confident,226.79141600383446,True,n01828970,1.0,,bee_eater,,,,,-1.0,0.4968580007553101,-1.0,-1.0,-1.0,-1.0,-1.0,0.056597249437555064,-1.0,-1.0,-1.0,-1.0,greedy,1
REQ-00005,10000000,3000,0.39140820503234863,15.427296876907349,['resnet18'],conch,0.7965439438819885,most_confident,360.74487498262897,True,n01943899,1.0,,conch,,,,,-1.0,0.4965439438819885,-1.0,-1.0,-1.0,-1.0,-1.0,0.05722692449379956,-1.0,-1.0,-1.0,-1.0,greedy,1
REQ-00006,10000000,3000,0.25977230072021484,17.738566160202026,['resnet18'],hummingbird,0.9986068606376648,most_confident,223.98020897526294,True,n01833805,1.0,,hummingbird,,,,,-1.0,0.4986068606376648,-1.0,-1.0,-1.0,-1.0,-1.0,0.057641132044419605,-1.0,-1.0,-1.0,-1.0,greedy,1
REQ-00007,10000000,3000,0.2727060317993164,18.100751161575317,['resnet18'],black_swan,0.6999840259552002,most_confident,245.2052920125425,True,n01537544,1.0,,indigo_bunting,,,,,-1.0,0.3999840259552002,-1.0,-1.0,-1.0,-1.0,-1.0,0.05752441883997765,-1.0,-1.0,-1.0,-1.0,greedy,1
REQ-00008,10000000,3000,0.3590810298919678,18.145421981811523,['resnet18'],crane,0.6386169791221619,most_confident,228.87829196406528,True,n02012849,1.0,,crane,,,,,-1.0,0.6386169791221619,-1.0,-1.0,-1.0,-1.0,-1.0,0.05752441883997765,-1.0,-1.0,-1.0,-1.0,greedy,1
REQ-00009,10000000,3000,0.2778749465942383,18.5522620677948,['resnet18'],american_alligator,0.9241182804107666,most_confident,248.4348330181092,True,n01698640,1.0,,american_alligator,,,,,-1.0,0.9241182804107666,-1.0,-1.0,-1.0,-1.0,-1.0,0.0547383392603819,-1.0,-1.0,-1.0,-1.0,greedy,1
REQ-00010,10000000,3000,0.31266212463378906,19.957000970840454,['resnet18'],tench,0.9995831847190857,most_confident,299.05487498035654,True,n01440764,1.0,,tench,,,,,-1.0,0.5995831847190857,-1.0,-1.0,-1.0,-1.0,-1.0,0.05613050533434372,-1.0,-1.0,-1.0,-1.0,greedy,1
REQ-00011,10000000,3000,0.29739999771118164,20.841660022735596,['resnet18'],great_white_shark,0.9600061774253845,most_confident,277.63312502065673,True,n01734418,1.0,,king_snake,,,,,-1.0,0.9600061774253845,-1.0,-1.0,-1.0,-1.0,-1.0,0.05712825480090935,-1.0,-1.0,-1.0,-1.0,greedy,1
REQ-00012,10000000,3000,0.4259226322174072,21.364129066467285,['resnet18'],cock,0.5322492718696594,most_confident,399.4229169911705,True,n01514668,1.0,,cock,,,,,-1.0,0.5322492718696594,-1.0,-1.0,-1.0,-1.0,-1.0,0.05753582932081841,-1.0,-1.0,-1.0,-1.0,greedy,1
REQ-00013,10000000,3000,0.29605698585510254,25.17984890937805,['resnet18'],conch,0.7507055044174194,most_confident,262.66887498786673,True,n01943899,1.0,,conch,,,,,-1.0,0.3507055044174194,-1.0,-1.0,-1.0,-1.0,-1.0,0.05684244638873657,-1.0,-1.0,-1.0,-1.0,greedy,1
REQ-00014,10000000,3000,0.4522700309753418,29.49885892868042,['resnet18'],sea_snake,0.747212827205658,most_confident,404.13849998731166,True,n01751748,1.0,,sea_snake,,,,,-1.0,0.747212827205658,-1.0,-1.0,-1.0,-1.0,-1.0,0.05744920174986291,-1.0,-1.0,-1.0,-1.0,greedy,1
REQ-00015,10000000,3000,0.2607691287994385,30.19281005859375,['resnet18'],whiptail,0.6963028430938721,most_confident,238.8884160318412,True,n01440764,1.0,,tench,,,,,-1.0,0.6963028430938721,-1.0,-1.0,-1.0,-1.0,-1.0,0.058049481574876625,-1.0,-1.0,-1.0,-1.0,greedy,1
REQ-00016,10000000,3000,0.24866509437561035,32.90573787689209,['resnet18'],magpie,0.9989816546440125,most_confident,232.00745799113065,True,n01622779,1.0,,great_grey_owl,,,,,-1.0,0.3989816546440125,-1.0,-1.0,-1.0,-1.0,-1.0,0.05740473341738897,-1.0,-1.0,-1.0,-1.0,greedy,1
REQ-00017,10000000,3000,0.253220796585083,35.13895606994629,['resnet18'],sea_slug,0.7663383364677429,most_confident,221.7801669612527,True,n01950731,1.0,,sea_slug,,,,,-1.0,0.5663383364677429,-1.0,-1.0,-1.0,-1.0,-1.0,0.05754366007565007,-1.0,-1.0,-1.0,-1.0,greedy,1
REQ-00018,10000000,3000,0.4953494071960449,36.27805995941162,['resnet18'],black_swan,0.6878036975860596,most_confident,470.3262909897603,True,n01776313,1.0,,tick,,,,,-1.0,0.5878036975860596,-1.0,-1.0,-1.0,-1.0,-1.0,0.05575749406808506,-1.0,-1.0,-1.0,-1.0,greedy,1
REQ-00019,10000000,3000,0.3582439422607422,37.18780994415283,['resnet18'],goldfinch,0.998815655708313,most_confident,328.82429100573063,True,n01531178,1.0,,goldfinch,,,,,-1.0,0.998815655708313,-1.0,-1.0,-1.0,-1.0,-1.0,0.05958994466127655,-1.0,-1.0,-1.0,-1.0,greedy,1
REQ-00020,10000000,3000,0.28336286544799805,38.42471694946289,['resnet18'],american_coot,0.9912039041519165,most_confident,254.30912501178682,True,n02018207,1.0,,american_coot,,,,,-1.0,0.9912039041519165,-1.0,-1.0,-1.0,-1.0,-1.0,0.0593845501951489,-1.0,-1.0,-1.0,-1.0,greedy,1
REQ-00021,10000000,3000,0.25707197189331055,38.54692006111145,['resnet18'],leatherback_turtle,0.9978194236755371,most_confident,221.55299998121336,True,n01665541,1.0,,leatherback_turtle,,,,,-1.0,0.9978194236755371,-1.0,-1.0,-1.0,-1.0,-1.0,0.0593845501951489,-1.0,-1.0,-1.0,-1.0,greedy,1
REQ-00022,10000000,3000,0.24367117881774902,39.5009388923645,['resnet18'],goldfish,0.8892320394515991,most_confident,217.76937501272187,True,n01443537,1.0,,goldfish,,,,,-1.0,0.8892320394515991,-1.0,-1.0,-1.0,-1.0,-1.0,0.05740762565807061,-1.0,-1.0,-1.0,-1.0,greedy,1
REQ-00023,10000000,3000,0.5901079177856445,43.11160111427307,['resnet18'],snail,0.23589958250522614,most_confident,577.5276250205934,True,n01943899,1.0,,snail,,,,,-1.0,0.23589958250522614,-1.0,-1.0,-1.0,-1.0,-1.0,0.06023406309226355,-1.0,-1.0,-1.0,-1.0,greedy,1
REQ-00024,10000000,3000,0.45900917053222656,43.325865030288696,['resnet18'],magpie,0.23577207326889038,most_confident,346.28641698509455,True,n02077923,1.0,,sea_lion,,,,,-1.0,0.23577207326889038,-1.0,-1.0,-1.0,-1.0,-1.0,0.06023406309226355,-1.0,-1.0,-1.0,-1.0,greedy,1
REQ-00025,10000000,3000,0.23553991317749023,44.97491002082825,['resnet18'],great_white_shark,0.4787558078765869,most_confident,209.26345803309232,True,n01749939,1.0,,green_mamba,,,,,-1.0,0.8787558078765869,-1.0,-1.0,-1.0,-1.0,-1.0,0.06016107110473347,-1.0,-1.0,-1.0,-1.0,greedy,1
REQ-00000,10000000,3000,0.19376015663146973,2.86102294921875e-06,['resnet18'],oystercatcher,0.9998810291290283,most_confident,178.1761670135893,True,n02037110,1.0,,oystercatcher,,,,,-1.0,0.9998810291290283,-1.0,-1.0,-1.0,-1.0,-1.0,0.05997966399426012,-1.0,-1.0,-1.0,-1.0,greedy,1
REQ-00001,10000000,3000,0.24415993690490723,1.0807628631591797,['resnet18'],common_newt,0.7260233163833618,most_confident,231.5978339756839,True,n01630670,1.0,,common_newt,,,,,-1.0,0.5260233163833618,-1.0,-1.0,-1.0,-1.0,-1.0,0.05742809759483411,-1.0,-1.0,-1.0,-1.0,greedy,1
REQ-00002,10000000,3000,0.4260070323944092,2.486243963241577,['resnet18'],prairie_chicken,0.875027060508728,most_confident,411.60166601184756,True,n01795545,1.0,,prairie_chicken,,,,,-1.0,0.875027060508728,-1.0,-1.0,-1.0,-1.0,-1.0,0.0571328878353507,-1.0,-1.0,-1.0,-1.0,greedy,1
REQ-00003,10000000,3000,0.3154470920562744,13.163556814193726,['resnet18'],toucan,0.7063166499137878,most_confident,289.7469590534456,True,n01843383,1.0,,toucan,,,,,-1.0,0.7063166499137878,-1.0,-1.0,-1.0,-1.0,-1.0,0.05754179905181563,-1.0,-1.0,-1.0,-1.0,greedy,1
REQ-00004,10000000,3000,1.4295051097869873,18.135648012161255,['resnet18'],whiptail,0.7106121063232422,most_confident,1414.4248340162449,True,n01443537,1.0,,goldfish,,,,,-1.0,0.9106121063232422,-1.0,-1.0,-1.0,-1.0,-1.0,0.05741481914663407,-1.0,-1.0,-1.0,-1.0,greedy,1
REQ-00005,10000000,3000,0.326174259185791,19.32947301864624,['resnet18'],black_swan,0.33333873748779297,most_confident,297.1438750391826,True,n01798484,1.0,,american_coot,,,,,-1.0,0.33333873748779297,-1.0,-1.0,-1.0,-1.0,-1.0,0.05515023723197066,-1.0,-1.0,-1.0,-1.0,greedy,1
REQ-00006,10000000,3000,0.3611459732055664,20.52817702293396,['resnet18'],diamondback,0.9900280833244324,most_confident,344.98724999139085,True,n01755581,1.0,,diamondback,,,,,-1.0,0.9900280833244324,-1.0,-1.0,-1.0,-1.0,-1.0,0.0548994135087736,-1.0,-1.0,-1.0,-1.0,greedy,1
REQ-00007,10000000,3000,0.25965094566345215,21.117976903915405,['resnet18'],red-backed_sandpiper,0.9614726901054382,most_confident,243.37016697973013,True,n02027492,1.0,,red-backed_sandpiper,,,,,-1.0,0.5614726901054382,-1.0,-1.0,-1.0,-1.0,-1.0,0.05511417215789624,-1.0,-1.0,-1.0,-1.0,greedy,1
REQ-00008,10000000,3000,0.4138209819793701,22.44960379600525,['resnet18'],sea_slug,0.5755277395248413,most_confident,387.17237499076873,True,n01950731,1.0,,sea_slug,,,,,-1.0,0.5755277395248413,-1.0,-1.0,-1.0,-1.0,-1.0,0.05550125494210662,-1.0,-1.0,-1.0,-1.0,greedy,1
REQ-00009,10000000,3000,0.7241220474243164,24.561901807785034,['resnet18'],spotted_salamander,0.9943331480026245,most_confident,694.6826669736765,True,n01632458,1.0,,spotted_salamander,,,,,-1.0,0.9943331480026245,-1.0,-1.0,-1.0,-1.0,-1.0,0.055901629447895965,-1.0,-1.0,-1.0,-1.0,greedy,1
REQ-00010,10000000,3000,0.25272393226623535,26.43158984184265,['resnet18'],jellyfish,0.5960293769836426,most_confident,240.54666695883498,True,n01910747,1.0,,jellyfish,,,,,-1.0,0.9960293769836426,-1.0,-1.0,-1.0,-1.0,-1.0,0.05680886650310637,-1.0,-1.0,-1.0,-1.0,greedy,1
REQ-00011,10000000,3000,0.25026798248291016,27.276933908462524,['resnet18'],great_white_shark,0.948158860206604,most_confident,238.27454197453335,True,n01491361,1.0,,great_white_shark,,,,,-1.0,0.948158860206604,-1.0,-1.0,-1.0,-1.0,-1.0,0.05699647985279573,-1.0,-1.0,-1.0,-1.0,greedy,1
REQ-00012,10000000,3000,0.5409693717956543,28.073750972747803,['resnet18'],hornbill,0.984919548034668,most_confident,525.7490419899113,True,n01829413,1.0,,hornbill,,,,,-1.0,0.984919548034668,-1.0,-1.0,-1.0,-1.0,-1.0,0.05558143186751616,-1.0,-1.0,-1.0,-1.0,greedy,1
REQ-00013,10000000,3000,0.259340763092041,30.03450608253479,['resnet18'],garden_spider,0.8182047009468079,most_confident,244.12329198094085,True,n01773797,1.0,,garden_spider,,,,,-1.0,0.8182047009468079,-1.0,-1.0,-1.0,-1.0,-1.0,0.05577478868076454,-1.0,-1.0,-1.0,-1.0,greedy,1
REQ-00014,10000000,3000,0.31539392471313477,33.94414281845093,['resnet18'],stingray,0.958954393863678,most_confident,293.85712498333305,True,n01498041,1.0,,stingray,,,,,-1.0,0.958954393863678,-1.0,-1.0,-1.0,-1.0,-1.0,0.056300109812688084,-1.0,-1.0,-1.0,-1.0,greedy,1
REQ-00015,10000000,3000,0.19935107231140137,34.14747500419617,['resnet18'],red-backed_sandpiper,0.9640556573867798,most_confident,184.00491698412225,True,n02027492,1.0,,red-backed_sandpiper,,,,,-1.0,0.6640556573867798,-1.0,-1.0,-1.0,-1.0,-1.0,0.05429649883141928,-1.0,-1.0,-1.0,-1.0,greedy,1
REQ-00016,10000000,3000,0.4077169895172119,47.80615997314453,['resnet18'],tailed_frog,0.7843502163887024,most_confident,385.10212500113994,True,n01644900,1.0,,tailed_frog,,,,,-1.0,0.7843502163887024,-1.0,-1.0,-1.0,-1.0,-1.0,0.05476344894827735,-1.0,-1.0,-1.0,-1.0,greedy,1
REQ-00017,10000000,3000,0.21000099182128906,49.11178398132324,['resnet18'],common_newt,0.7992344379425049,most_confident,180.6460419902578,True,n01795545,1.0,,black_grouse,,,,,-1.0,0.6992344379425049,-1.0,-1.0,-1.0,-1.0,-1.0,0.056903604053449616,-1.0,-1.0,-1.0,-1.0,greedy,1





REQ-00000,10000000,3000,0.6728677749633789,3.0994415283203125e-06,['resnet34'],bald_eagle,0.8321152329444885,most_confident,655.7991249719635,True,n01614925,1.0,,,bald_eagle,,,,-1.0,-1.0,0.8321152329444885,-1.0,-1.0,-1.0,-1.0,-1.0,0.11858383700740145,-1.0,-1.0,-1.0,greedy,1
REQ-00001,10000000,3000,0.5083250999450684,8.766340017318726,['resnet34'],sea_lion,0.8586944937705994,most_confident,492.8226250340231,True,n02077923,1.0,,,sea_lion,,,,-1.0,-1.0,0.8586944937705994,-1.0,-1.0,-1.0,-1.0,-1.0,0.1190517533066613,-1.0,-1.0,-1.0,greedy,1
REQ-00002,10000000,3000,0.365642786026001,10.180015087127686,['resnet34'],agama,0.5525950789451599,most_confident,344.13949999725446,True,n01687978,1.0,,,agama,,,,-1.0,-1.0,0.5525950789451599,-1.0,-1.0,-1.0,-1.0,-1.0,0.11642027797599518,-1.0,-1.0,-1.0,greedy,1
REQ-00003,10000000,3000,0.5289788246154785,11.288541078567505,['resnet34'],toucan,0.9979568719863892,most_confident,509.71133302664384,True,n01843383,1.0,,,toucan,,,,-1.0,-1.0,0.9979568719863892,-1.0,-1.0,-1.0,-1.0,-1.0,0.11459805017839567,-1.0,-1.0,-1.0,greedy,1
REQ-00004,10000000,3000,0.3555729389190674,13.388848066329956,['resnet34'],great_white_shark,0.9271929860115051,most_confident,339.1147920046933,True,n01484850,1.0,,,great_white_shark,,,,-1.0,-1.0,0.9271929860115051,-1.0,-1.0,-1.0,-1.0,-1.0,0.1127347451605561,-1.0,-1.0,-1.0,greedy,1
REQ-00005,10000000,3000,0.3824951648712158,23.766482830047607,['resnet34'],european_fire_salamander,0.8932316303253174,most_confident,362.93316702358425,True,n01632458,1.0,,,european_fire_salamander,,,,-1.0,-1.0,0.8932316303253174,-1.0,-1.0,-1.0,-1.0,-1.0,0.11103727064450049,-1.0,-1.0,-1.0,greedy,1
REQ-00006,10000000,3000,0.30248188972473145,24.050418853759766,['resnet34'],hornbill,0.8824471831321716,most_confident,286.4145840285346,True,n01687978,1.0,,,agama,,,,-1.0,-1.0,0.8824471831321716,-1.0,-1.0,-1.0,-1.0,-1.0,0.10923324358005043,-1.0,-1.0,-1.0,greedy,1
REQ-00007,10000000,3000,0.621290922164917,25.580883979797363,['resnet34'],drake,0.7755522131919861,most_confident,588.1675420096144,True,n01847000,1.0,,,drake,,,,-1.0,-1.0,0.7755522131919861,-1.0,-1.0,-1.0,-1.0,-1.0,0.10876221922204539,-1.0,-1.0,-1.0,greedy,1
REQ-00009,10000000,3000,0.23095703125,34.12090802192688,['resnet34'],barn_spider,0.5222841501235962,most_confident,210.22516599623486,True,n01773549,1.0,,,barn_spider,,,,-1.0,-1.0,0.5222841501235962,-1.0,-1.0,-1.0,-1.0,-1.0,0.10876299729984085,-1.0,-1.0,-1.0,greedy,1
REQ-00010,10000000,3000,2.8472838401794434,35.95397400856018,['resnet34'],garden_spider,0.5667421221733093,most_confident,2806.168416980654,True,n01773797,1.0,,,garden_spider,,,,-1.0,-1.0,0.5667421221733093,-1.0,-1.0,-1.0,-1.0,-1.0,0.10718129756985677,-1.0,-1.0,-1.0,greedy,1
REQ-00011,10000000,3000,0.2735249996185303,44.84596920013428,['resnet34'],tench,0.9998283386230469,most_confident,247.2700000507757,True,n01440764,1.0,,,tench,,,,-1.0,-1.0,0.9998283386230469,-1.0,-1.0,-1.0,-1.0,-1.0,0.10593236781287109,-1.0,-1.0,-1.0,greedy,1
REQ-00000,10000000,3000,0.3453638553619385,3.0994415283203125e-06,['resnet34'],hammerhead,0.9774038791656494,most_confident,330.7437500334345,True,n01494475,1.0,,,hammerhead,,,,-1.0,-1.0,0.9774038791656494,-1.0,-1.0,-1.0,-1.0,-1.0,0.10451203103158398,-1.0,-1.0,-1.0,greedy,1
REQ-00001,10000000,3000,0.27064085006713867,0.5870721340179443,['resnet34'],whiptail,0.9984065890312195,most_confident,255.18912496045232,True,n01685808,1.0,,,whiptail,,,,-1.0,-1.0,0.9984065890312195,-1.0,-1.0,-1.0,-1.0,-1.0,0.10342442792842559,-1.0,-1.0,-1.0,greedy,1
REQ-00002,10000000,3000,0.3424530029296875,4.208523988723755,['resnet34'],jellyfish,0.9969390630722046,most_confident,325.9577499702573,True,n01910747,1.0,,,jellyfish,,,,-1.0,-1.0,0.9969390630722046,-1.0,-1.0,-1.0,-1.0,-1.0,0.10289408513558303,-1.0,-1.0,-1.0,greedy,1
REQ-00003,10000000,3000,0.5241520404815674,14.231185913085938,['resnet34'],great_white_shark,0.9085451364517212,most_confident,489.42291602725163,True,n01484850,1.0,,,great_white_shark,,,,-1.0,-1.0,0.9085451364517212,-1.0,-1.0,-1.0,-1.0,-1.0,0.10289587662202472,-1.0,-1.0,-1.0,greedy,1
REQ-00004,10000000,3000,1.8062450885772705,17.797648906707764,['resnet34'],tiger_shark,0.9575654864311218,most_confident,1773.5482080024667,True,n01491361,1.0,,,tiger_shark,,,,-1.0,-1.0,0.9575654864311218,-1.0,-1.0,-1.0,-1.0,-1.0,0.10197698895982224,-1.0,-1.0,-1.0,greedy,1
REQ-00005,10000000,3000,1.6823511123657227,19.558239936828613,['resnet34'],hornbill,0.9348974823951721,most_confident,1617.9618330206722,True,n01498041,1.0,,,stingray,,,,-1.0,-1.0,0.9348974823951721,-1.0,-1.0,-1.0,-1.0,-1.0,0.10101859006384002,-1.0,-1.0,-1.0,greedy,1
REQ-00006,10000000,3000,0.30214405059814453,24.505381107330322,['resnet34'],bald_eagle,0.9446883797645569,most_confident,261.6690840222873,True,n01614925,1.0,,,bald_eagle,,,,-1.0,-1.0,0.9446883797645569,-1.0,-1.0,-1.0,-1.0,-1.0,0.10070123105745603,-1.0,-1.0,-1.0,greedy,1
REQ-00007,10000000,3000,0.5491430759429932,26.857295036315918,['resnet34'],jellyfish,0.9994969367980957,most_confident,532.0922079845332,True,n01860187,1.0,,,black_swan,,,,-1.0,-1.0,0.9994969367980957,-1.0,-1.0,-1.0,-1.0,-1.0,0.10017640795171043,-1.0,-1.0,-1.0,greedy,1
REQ-00008,10000000,3000,0.40580129623413086,28.703469038009644,['resnet34'],flamingo,0.9999798536300659,most_confident,390.58037498034537,True,n02007558,1.0,,,flamingo,,,,-1.0,-1.0,0.9999798536300659,-1.0,-1.0,-1.0,-1.0,-1.0,0.10046236715653939,-1.0,-1.0,-1.0,greedy,1
REQ-00009,10000000,3000,0.25505614280700684,30.016295909881592,['resnet34'],crane,0.9879288077354431,most_confident,236.72795802121982,True,n02012849,1.0,,,crane,,,,-1.0,-1.0,0.9879288077354431,-1.0,-1.0,-1.0,-1.0,-1.0,0.09987873044088545,-1.0,-1.0,-1.0,greedy,1
REQ-00010,10000000,3000,0.2644960880279541,30.27699613571167,['resnet34'],chambered_nautilus,0.9999879598617554,most_confident,247.19958304194734,True,n01968897,1.0,,,chambered_nautilus,,,,-1.0,-1.0,0.9999879598617554,-1.0,-1.0,-1.0,-1.0,-1.0,0.09955715739679691,-1.0,-1.0,-1.0,greedy,1
REQ-00011,10000000,3000,0.24037885665893555,30.5618839263916,['resnet34'],sulphur-crested_cockatoo,0.9741106033325195,most_confident,211.33316698251292,True,n01819313,1.0,,,sulphur-crested_cockatoo,,,,-1.0,-1.0,0.9741106033325195,-1.0,-1.0,-1.0,-1.0,-1.0,0.09972474165711723,-1.0,-1.0,-1.0,greedy,1
REQ-00012,10000000,3000,0.2730710506439209,33.88335108757019,['resnet34'],boa_constrictor,0.9858666062355042,most_confident,241.82975001167506,True,n01742172,1.0,,,boa_constrictor,,,,-1.0,-1.0,0.9858666062355042,-1.0,-1.0,-1.0,-1.0,-1.0,0.0950661674914055,-1.0,-1.0,-1.0,greedy,1
REQ-00013,10000000,3000,0.5326657295227051,40.024291038513184,['resnet34'],american_alligator,0.9052473902702332,most_confident,504.0467910002917,True,n01698640,1.0,,,american_alligator,,,,-1.0,-1.0,0.9052473902702332,-1.0,-1.0,-1.0,-1.0,-1.0,0.09515375074226495,-1.0,-1.0,-1.0,greedy,1
REQ-00015,10000000,3000,0.9159348011016846,41.50434422492981,['resnet34'],mud_turtle,0.5836530923843384,most_confident,884.047958010342,True,n01667778,1.0,,,mud_turtle,,,,-1.0,-1.0,0.5836530923843384,-1.0,-1.0,-1.0,-1.0,-1.0,0.09530507566803846,-1.0,-1.0,-1.0,greedy,1
REQ-00016,10000000,3000,1.2213592529296875,46.18173122406006,['resnet34'],stingray,0.8584697246551514,most_confident,1203.3919169916771,True,n01944390,1.0,,,snail,,,,-1.0,-1.0,0.8584697246551514,-1.0,-1.0,-1.0,-1.0,-1.0,0.1390406681012346,-1.0,-1.0,-1.0,greedy,1
REQ-00000,10000000,3000,0.2665247917175293,3.0994415283203125e-06,['resnet34'],pelican,0.9973903298377991,most_confident,251.7999999690801,True,n02051845,1.0,,,pelican,,,,-1.0,-1.0,0.9973903298377991,-1.0,-1.0,-1.0,-1.0,-1.0,0.22800670129111117,-1.0,-1.0,-1.0,greedy,1
REQ-00001,10000000,3000,0.31667089462280273,1.762965202331543,['resnet34'],pelican,0.9981291890144348,most_confident,300.379708991386,True,n02051845,1.0,,,pelican,,,,-1.0,-1.0,0.9981291890144348,-1.0,-1.0,-1.0,-1.0,-1.0,0.21489383116200006,-1.0,-1.0,-1.0,greedy,1
REQ-00002,10000000,3000,0.666546106338501,16.21982216835022,['resnet34'],long-horned_beetle,0.3442106544971466,most_confident,626.198083977215,True,n01773157,1.0,,,long-horned_beetle,,,,-1.0,-1.0,0.3442106544971466,-1.0,-1.0,-1.0,-1.0,-1.0,0.20443054804580008,-1.0,-1.0,-1.0,greedy,1
REQ-00003,10000000,3000,0.28348803520202637,19.51986527442932,['resnet34'],jellyfish,0.9988829493522644,most_confident,266.45158301107585,True,n01910747,1.0,,,jellyfish,,,,-1.0,-1.0,0.9988829493522644,-1.0,-1.0,-1.0,-1.0,-1.0,0.1952414932412201,-1.0,-1.0,-1.0,greedy,1
REQ-00004,10000000,3000,0.37061619758605957,23.36706304550171,['resnet34'],oystercatcher,0.9987446069717407,most_confident,352.80204098671675,True,n02037110,1.0,,,oystercatcher,,,,-1.0,-1.0,0.9987446069717407,-1.0,-1.0,-1.0,-1.0,-1.0,0.1873453439170981,-1.0,-1.0,-1.0,greedy,1
REQ-00005,10000000,3000,0.3354160785675049,26.10409712791443,['resnet34'],hornbill,0.998977780342102,most_confident,317.9629999794997,True,n01955084,1.0,,,chiton,,,,-1.0,-1.0,0.698977780342102,-1.0,-1.0,-1.0,-1.0,-1.0,0.1816601095253883,-1.0,-1.0,-1.0,greedy,1
REQ-00006,10000000,3000,0.3476271629333496,29.400374174118042,['resnet34'],wolf_spider,0.7930859327316284,most_confident,319.60945803439245,True,n01775062,1.0,,,wolf_spider,,,,-1.0,-1.0,0.7930859327316284,-1.0,-1.0,-1.0,-1.0,-1.0,0.17542829857284947,-1.0,-1.0,-1.0,greedy,1
REQ-00007,10000000,3000,0.28183913230895996,31.624861240386963,['resnet34'],wolf_spider,0.8675106167793274,most_confident,270.53162502124906,True,n01775062,1.0,,,wolf_spider,,,,-1.0,-1.0,0.6675106167793274,-1.0,-1.0,-1.0,-1.0,-1.0,0.17072716871556454,-1.0,-1.0,-1.0,greedy,1
REQ-00008,10000000,3000,0.35751986503601074,34.091416120529175,['resnet34'],peacock,1.0,most_confident,313.3092080242932,True,n01806143,1.0,,,peacock,,,,-1.0,-1.0,1.0,-1.0,-1.0,-1.0,-1.0,-1.0,0.1655030518440081,-1.0,-1.0,-1.0,greedy,1
REQ-00009,10000000,3000,0.3904411792755127,34.520087242126465,['resnet34'],sulphur-crested_cockatoo,0.9999741315841675,most_confident,369.00308303302154,True,n01819313,1.0,,,sulphur-crested_cockatoo,,,,-1.0,-1.0,0.9999741315841675,-1.0,-1.0,-1.0,-1.0,-1.0,0.1609342466596073,-1.0,-1.0,-1.0,greedy,1
REQ-00010,10000000,3000,0.3109860420227051,35.18930721282959,['resnet34'],tiger_shark,0.9786206483840942,most_confident,293.9607920125127,True,n01491361,1.0,,,tiger_shark,,,,-1.0,-1.0,0.5786206483840942,-1.0,-1.0,-1.0,-1.0,-1.0,0.15842142199364656,-1.0,-1.0,-1.0,greedy,1
REQ-00011,10000000,3000,0.3263130187988281,39.23309326171875,['resnet34'],red-backed_sandpiper,0.9766696691513062,most_confident,305.4797080112621,True,n02027492,1.0,,,red-backed_sandpiper,,,,-1.0,-1.0,0.9766696691513062,-1.0,-1.0,-1.0,-1.0,-1.0,0.15564427979428191,-1.0,-1.0,-1.0,greedy,1
REQ-00012,10000000,3000,0.42516088485717773,44.42762804031372,['resnet34'],jellyfish,0.9989049434661865,most_confident,389.958374958951,True,n02013706,1.0,,,limpkin,,,,-1.0,-1.0,0.5989049434661865,-1.0,-1.0,-1.0,-1.0,-1.0,0.1527036518148537,-1.0,-1.0,-1.0,greedy,1
REQ-00013,10000000,3000,0.5048422813415527,47.43689703941345,['resnet34'],tench,0.9999370574951172,most_confident,488.93445800058544,True,n01440764,1.0,,,tench,,,,-1.0,-1.0,0.5999370574951172,-1.0,-1.0,-1.0,-1.0,-1.0,0.14931418663336835,-1.0,-1.0,-1.0,greedy,1
REQ-00014,10000000,3000,0.5237929821014404,48.284937381744385,['resnet34'],common_newt,0.974388062953949,most_confident,510.55545796407387,True,n01630670,1.0,,,common_newt,,,,-1.0,-1.0,0.674388062953949,-1.0,-1.0,-1.0,-1.0,-1.0,0.1465093679700315,-1.0,-1.0,-1.0,greedy,1
REQ-00000,10000000,3000,0.34316372871398926,2.1457672119140625e-06,['resnet34'],harvestman,0.9271673560142517,most_confident,322.10208399919793,True,n01770081,1.0,,,harvestman,,,,-1.0,-1.0,0.9271673560142517,-1.0,-1.0,-1.0,-1.0,-1.0,0.14476553117302837,-1.0,-1.0,-1.0,greedy,1
REQ-00001,10000000,3000,0.525162935256958,1.225816011428833,['resnet34'],stingray,0.9918129444122314,most_confident,507.14070798130706,True,n01494475,1.0,,,hammerhead,,,,-1.0,-1.0,0.7918129444122314,-1.0,-1.0,-1.0,-1.0,-1.0,0.14160907805572553,-1.0,-1.0,-1.0,greedy,1
REQ-00002,10000000,3000,0.3197669982910156,1.631331205368042,['resnet34'],scorpion,0.939302921295166,most_confident,294.8976249899715,True,n01770393,1.0,,,scorpion,,,,-1.0,-1.0,0.939302921295166,-1.0,-1.0,-1.0,-1.0,-1.0,5.654543662,-1.0,-1.0,-1.0,greedy,1
REQ-00003,10000000,3000,0.6723248958587646,6.275943279266357,['resnet34'],american_alligator,0.9569457173347473,most_confident,644.6110419929028,True,n01698640,1.0,,,american_alligator,,,,-1.0,-1.0,0.9569457173347473,-1.0,-1.0,-1.0,-1.0,-1.0,0.1378747132251377,-1.0,-1.0,-1.0,greedy,1
REQ-00005,10000000,3000,0.9404480457305908,9.024707078933716,['resnet34'],tiger_shark,0.623928964138031,most_confident,919.1090840031393,True,n01491361,1.0,,,tiger_shark,,,,-1.0,-1.0,0.623928964138031,-1.0,-1.0,-1.0,-1.0,-1.0,0.16902344190262394,-1.0,-1.0,-1.0,greedy,1
REQ-00006,10000000,3000,1.7603919506072998,13.43073034286499,['resnet34'],macaw,0.9994305968284607,most_confident,1699.5092500001192,True,n01818515,1.0,,,macaw,,,,-1.0,-1.0,0.9994305968284607,-1.0,-1.0,-1.0,-1.0,-1.0,0.22771559771236155,-1.0,-1.0,-1.0,greedy,1
REQ-00007,10000000,3000,0.37130093574523926,15.445119380950928,['resnet34'],crayfish,0.842167854309082,most_confident,336.6986669716425,True,n01985128,1.0,,,crayfish,,,,-1.0,-1.0,0.842167854309082,-1.0,-1.0,-1.0,-1.0,-1.0,0.3046175379411254,-1.0,-1.0,-1.0,greedy,1
REQ-00008,10000000,3000,0.36700892448425293,20.546993255615234,['resnet34'],magpie,0.937025785446167,most_confident,352.193291997537,True,n01582220,1.0,,,magpie,,,,-1.0,-1.0,0.737025785446167,-1.0,-1.0,-1.0,-1.0,-1.0,0.28691028414701286,-1.0,-1.0,-1.0,greedy,1
REQ-00009,10000000,3000,0.34650111198425293,20.93199324607849,['resnet34'],chickadee,0.9156897068023682,most_confident,330.99041698733345,True,n01592084,1.0,,,chickadee,,,,-1.0,-1.0,0.9156897068023682,-1.0,-1.0,-1.0,-1.0,-1.0,0.2705623557323116,-1.0,-1.0,-1.0,greedy,1
REQ-00010,10000000,3000,0.31483006477355957,22.199342250823975,['resnet34'],sea_lion,0.9997575879096985,most_confident,295.4380000010133,True,n02077923,1.0,,,sea_lion,,,,-1.0,-1.0,0.6997575879096985,-1.0,-1.0,-1.0,-1.0,-1.0,0.2564272201590804,-1.0,-1.0,-1.0,greedy,1
REQ-00011,10000000,3000,0.4527122974395752,24.215217113494873,['resnet34'],stingray,0.6819883584976196,most_confident,420.3407080494799,True,n01751748,1.0,,,sea_snake,,,,-1.0,-1.0,0.6819883584976196,-1.0,-1.0,-1.0,-1.0,-1.0,0.24372389814317238,-1.0,-1.0,-1.0,greedy,1
REQ-00012,10000000,3000,0.39667201042175293,25.888301134109497,['resnet34'],hornbill,0.9996750354766846,most_confident,367.3498750431463,True,n01687978,1.0,,,agama,,,,-1.0,-1.0,0.9996750354766846,-1.0,-1.0,-1.0,-1.0,-1.0,0.23580660832885514,-1.0,-1.0,-1.0,greedy,1
REQ-00013,10000000,3000,0.5162489414215088,28.472102165222168,['resnet34'],bustard,0.9996538162231445,most_confident,479.7543329768814,True,n02018795,1.0,,,bustard,,,,-1.0,-1.0,0.9996538162231445,-1.0,-1.0,-1.0,-1.0,-1.0,0.22567914749596962,-1.0,-1.0,-1.0,greedy,1
REQ-00014,10000000,3000,0.3101170063018799,28.97351908683777,['resnet34'],terrapin,0.6257511377334595,most_confident,283.29508303431794,True,n01667778,1.0,,,terrapin,,,,-1.0,-1.0,0.6257511377334595,-1.0,-1.0,-1.0,-1.0,-1.0,0.21630323274637267,-1.0,-1.0,-1.0,greedy,1
REQ-00015,10000000,3000,0.6492230892181396,33.0471510887146,['resnet34'],green_snake,0.9452390670776367,most_confident,627.2441670298576,True,n01729977,1.0,,,green_snake,,,,-1.0,-1.0,0.7452390670776367,-1.0,-1.0,-1.0,-1.0,-1.0,0.2084686094717354,-1.0,-1.0,-1.0,greedy,1
REQ-00017,10000000,3000,0.34663915634155273,47.683826208114624,['resnet34'],leatherback_turtle,0.9996390342712402,most_confident,316.34408299578354,True,n01665541,1.0,,,leatherback_turtle,,,,-1.0,-1.0,0.6996390342712402,-1.0,-1.0,-1.0,-1.0,-1.0,0.20441274852456187,-1.0,-1.0,-1.0,greedy,1
REQ-00018,10000000,3000,0.5983030796051025,48.314980268478394,['resnet34'],rock_python,0.4392823278903961,most_confident,573.748082970269,True,n01740131,1.0,,,rock_python,,,,-1.0,-1.0,0.4392823278903961,-1.0,-1.0,-1.0,-1.0,-1.0,0.1967236736721057,-1.0,-1.0,-1.0,greedy,1
REQ-00000,10000000,3000,0.5827689170837402,2.86102294921875e-06,['resnet34'],hammerhead,0.9154561758041382,most_confident,559.8902910132892,True,n01494475,1.0,,,hammerhead,,,,-1.0,-1.0,0.7154561758041382,-1.0,-1.0,-1.0,-1.0,-1.0,0.21783680630489513,-1.0,-1.0,-1.0,greedy,1
REQ-00001,10000000,3000,0.39806413650512695,7.432738780975342,['resnet34'],black_widow,0.9968969821929932,most_confident,379.4979579979554,True,n01774384,1.0,,,black_widow,,,,-1.0,-1.0,0.6968969821929932,-1.0,-1.0,-1.0,-1.0,-1.0,0.2351385256744056,-1.0,-1.0,-1.0,greedy,1
REQ-00002,10000000,3000,0.4683499336242676,8.908549785614014,['resnet34'],jellyfish,0.9450979232788086,most_confident,440.0095830205828,True,n01860187,1.0,,,black_swan,,,,-1.0,-1.0,0.9450979232788086,-1.0,-1.0,-1.0,-1.0,-1.0,0.23176937310696505,-1.0,-1.0,-1.0,greedy,1
REQ-00003,10000000,3000,0.773500919342041,9.267607927322388,['resnet34'],european_fire_salamander,0.4434371888637543,most_confident,748.8477919832803,True,n01630670,1.0,,,european_fire_salamander,,,,-1.0,-1.0,0.4434371888637543,-1.0,-1.0,-1.0,-1.0,-1.0,0.22589643579626856,-1.0,-1.0,-1.0,greedy,1
REQ-00004,10000000,3000,0.3579120635986328,12.267908811569214,['resnet34'],conch,0.6815097332000732,most_confident,331.1182920006104,True,n01943899,1.0,,,conch,,,,-1.0,-1.0,0.6815097332000732,-1.0,-1.0,-1.0,-1.0,-1.0,0.2679588922166417,-1.0,-1.0,-1.0,greedy,1
REQ-00005,10000000,3000,0.34545397758483887,13.330451011657715,['resnet34'],agama,0.9704664349555969,most_confident,320.1553340186365,True,n01687978,1.0,,,agama,,,,-1.0,-1.0,0.5704664349555969,-1.0,-1.0,-1.0,-1.0,-1.0,0.25762170299497755,-1.0,-1.0,-1.0,greedy,1
REQ-00006,10000000,3000,0.3826160430908203,15.831697940826416,['resnet34'],sea_snake,0.8691439628601074,most_confident,351.90466698259115,True,n01751748,1.0,,,sea_snake,,,,-1.0,-1.0,0.8691439628601074,-1.0,-1.0,-1.0,-1.0,-1.0,0.24735573269547978,-1.0,-1.0,-1.0,greedy,1
REQ-00007,10000000,3000,0.4227728843688965,18.274045944213867,['resnet34'],stingray,0.9595382809638977,most_confident,396.5434590354562,True,n01498041,1.0,,,stingray,,,,-1.0,-1.0,0.4595382809638977,-1.0,-1.0,-1.0,-1.0,-1.0,0.2378304594259318,-1.0,-1.0,-1.0,greedy,1
REQ-00008,10000000,3000,0.39615941047668457,22.1290020942688,['resnet34'],goldfish,0.9956337809562683,most_confident,368.6222499818541,True,n01443537,1.0,,,goldfish,,,,-1.0,-1.0,0.4956337809562683,-1.0,-1.0,-1.0,-1.0,-1.0,0.23132201348333864,-1.0,-1.0,-1.0,greedy,1
REQ-00009,10000000,3000,0.33429598808288574,25.3206307888031,['resnet34'],hognose_snake,0.5023312568664551,most_confident,314.26833401201293,True,n01729322,1.0,,,hognose_snake,,,,-1.0,-1.0,0.5023312568664551,-1.0,-1.0,-1.0,-1.0,-1.0,0.22476811213500478,-1.0,-1.0,-1.0,greedy,1
REQ-00010,10000000,3000,0.37808799743652344,26.809810876846313,['resnet34'],peacock,0.9999992847442627,most_confident,334.94925004197285,True,n01806143,1.0,,,peacock,,,,-1.0,-1.0,0.4999992847442627,-1.0,-1.0,-1.0,-1.0,-1.0,0.2178246009215043,-1.0,-1.0,-1.0,greedy,1
REQ-00011,10000000,3000,0.7664260864257812,27.340435028076172,['resnet34'],bee_eater,0.9903165698051453,most_confident,746.2640419835225,True,n01828970,1.0,,,bee_eater,,,,-1.0,-1.0,0.9903165698051453,-1.0,-1.0,-1.0,-1.0,-1.0,0.21171644082935387,-1.0,-1.0,-1.0,greedy,1
REQ-00013,10000000,3000,1.2534232139587402,29.855013847351074,['resnet34'],garden_spider,0.9758973717689514,most_confident,1232.303457974922,True,n01755581,1.0,,,diamondback,,,,-1.0,-1.0,0.9758973717689514,-1.0,-1.0,-1.0,-1.0,-1.0,0.2444206967464185,-1.0,-1.0,-1.0,greedy,1
REQ-00015,10000000,3000,1.5449299812316895,35.53864669799805,['resnet34'],boa_constrictor,0.06364896893501282,most_confident,1523.017166997306,True,n01742172,1.0,,,boa_constrictor,,,,-1.0,-1.0,0.06364896893501282,-1.0,-1.0,-1.0,-1.0,-1.0,0.32422372707177666,-1.0,-1.0,-1.0,greedy,1
REQ-00017,10000000,3000,1.6703450679779053,37.80788779258728,['resnet34'],stingray,0.9989330172538757,most_confident,1648.3545830124058,True,n01751748,1.0,,,sea_snake,,,,-1.0,-1.0,0.6989330172538757,-1.0,-1.0,-1.0,-1.0,-1.0,0.42069275436459896,-1.0,-1.0,-1.0,greedy,1
REQ-00018,10000000,3000,1.962857961654663,39.0708749294281,['resnet34'],american_lobster,0.9419775009155273,most_confident,1940.0062499917112,True,n01985128,1.0,,,american_lobster,,,,-1.0,-1.0,0.9419775009155273,-1.0,-1.0,-1.0,-1.0,-1.0,0.4811730789281391,-1.0,-1.0,-1.0,greedy,1
REQ-00019,10000000,3000,1.7120509147644043,44.32407784461975,['resnet34'],tick,0.5422738194465637,most_confident,1687.79125000583,True,n01776313,1.0,,,tick,,,,-1.0,-1.0,0.5422738194465637,-1.0,-1.0,-1.0,-1.0,-1.0,0.5614430710353252,-1.0,-1.0,-1.0,greedy,1
REQ-00021,10000000,3000,1.002027988433838,46.075762033462524,['resnet34'],snail,0.8994696736335754,most_confident,977.0132920239121,True,n01944390,1.0,,,snail,,,,-1.0,-1.0,0.8994696736335754,-1.0,-1.0,-1.0,-1.0,-1.0,0.6580195639317927,-1.0,-1.0,-1.0,greedy,1
REQ-00000,10000000,3000,0.42424607276916504,3.0994415283203125e-06,['resnet34'],great_grey_owl,0.24446485936641693,most_confident,408.6130420328118,True,n01622779,1.0,,,great_grey_owl,,,,-1.0,-1.0,0.24446485936641693,-1.0,-1.0,-1.0,-1.0,-1.0,0.6694257075386135,-1.0,-1.0,-1.0,greedy,1
REQ-00001,10000000,3000,0.47959089279174805,5.294022083282471,['resnet34'],jellyfish,0.9999997615814209,most_confident,462.163291987963,True,n01806143,1.0,,,peacock,,,,-1.0,-1.0,0.9999997615814209,-1.0,-1.0,-1.0,-1.0,-1.0,0.6174280367847522,-1.0,-1.0,-1.0,greedy,1
REQ-00002,10000000,3000,0.4087553024291992,6.268403053283691,['resnet34'],great_white_shark,0.9969457983970642,most_confident,392.5247919978574,True,n01484850,1.0,,,great_white_shark,,,,-1.0,-1.0,0.5969457983970642,-1.0,-1.0,-1.0,-1.0,-1.0,0.571716133106277,-1.0,-1.0,-1.0,greedy,1
REQ-00003,10000000,3000,0.35328102111816406,7.531118154525757,['resnet34'],american_coot,0.9969063401222229,most_confident,335.94329201150686,True,n02018207,1.0,,,american_coot,,,,-1.0,-1.0,0.5969063401222229,-1.0,-1.0,-1.0,-1.0,-1.0,0.5312141197956493,-1.0,-1.0,-1.0,greedy,1
REQ-00004,10000000,3000,0.44688892364501953,8.46668529510498,['resnet34'],conch,0.9310553669929504,most_confident,423.30141697311774,True,n01943899,1.0,,,conch,,,,-1.0,-1.0,0.6310553669929504,-1.0,-1.0,-1.0,-1.0,-1.0,0.4935997078160843,-1.0,-1.0,-1.0,greedy,1
REQ-00005,10000000,3000,0.31022214889526367,8.813116312026978,['resnet34'],garden_spider,0.9999579191207886,most_confident,284.60983297554776,True,n02011460,1.0,,,bittern,,,,-1.0,-1.0,0.5999579191207886,-1.0,-1.0,-1.0,-1.0,-1.0,0.46034073703447587,-1.0,-1.0,-1.0,greedy,1
REQ-00006,10000000,3000,0.42613911628723145,9.478766202926636,['resnet34'],tarantula,0.9291673302650452,most_confident,399.4826669804752,True,n01774750,1.0,,,tarantula,,,,-1.0,-1.0,0.4291673302650452,-1.0,-1.0,-1.0,-1.0,-1.0,0.43115676333102826,-1.0,-1.0,-1.0,greedy,1
REQ-00007,10000000,3000,0.5527076721191406,15.437048196792603,['resnet34'],vine_snake,0.9699787497520447,most_confident,519.1207499592565,True,n01739381,1.0,,,vine_snake,,,,-1.0,-1.0,0.9699787497520447,-1.0,-1.0,-1.0,-1.0,-1.0,0.40647438699792543,-1.0,-1.0,-1.0,greedy,1
REQ-00008,10000000,3000,0.35569214820861816,19.125483989715576,['resnet34'],black_and_gold_garden_spider,0.4522031843662262,most_confident,323.7054579658434,True,n01773549,1.0,,,black_and_gold_garden_spider,,,,-1.0,-1.0,0.4522031843662262,-1.0,-1.0,-1.0,-1.0,-1.0,0.3842764482981329,-1.0,-1.0,-1.0,greedy,1
REQ-00009,10000000,3000,0.32643914222717285,25.229319095611572,['resnet34'],barn_spider,0.47843602299690247,most_confident,303.73808299191296,True,n01773549,1.0,,,barn_spider,,,,-1.0,-1.0,0.47843602299690247,-1.0,-1.0,-1.0,-1.0,-1.0,0.3601196034683196,-1.0,-1.0,-1.0,greedy,1
REQ-00010,10000000,3000,0.7779760360717773,27.2974112033844,['resnet34'],night_snake,0.437610000371933,most_confident,539.3591670435853,True,n01740131,1.0,,,night_snake,,,,-1.0,-1.0,0.437610000371933,-1.0,-1.0,-1.0,-1.0,-1.0,0.33857984312148764,-1.0,-1.0,-1.0,greedy,1
REQ-00011,10000000,3000,0.38338208198547363,31.28586506843567,['resnet34'],sea_slug,0.5575028657913208,most_confident,333.3703750395216,True,n01950731,1.0,,,sea_slug,,,,-1.0,-1.0,0.5575028657913208,-1.0,-1.0,-1.0,-1.0,-1.0,0.31931925880933887,-1.0,-1.0,-1.0,greedy,1
REQ-00012,10000000,3000,0.35410594940185547,37.778083086013794,['resnet34'],stingray,0.9013513922691345,most_confident,327.7956670499407,True,n01498041,1.0,,,stingray,,,,-1.0,-1.0,0.6013513922691345,-1.0,-1.0,-1.0,-1.0,-1.0,0.30158463292840504,-1.0,-1.0,-1.0,greedy,1
REQ-00013,10000000,3000,0.5214910507202148,44.82878518104553,['resnet34'],drake,0.9998981952667236,most_confident,486.66537494864315,True,n01847000,1.0,,,drake,,,,-1.0,-1.0,0.6998981952667236,-1.0,-1.0,-1.0,-1.0,-1.0,0.28578656963556454,-1.0,-1.0,-1.0,greedy,1
REQ-00014,10000000,3000,0.38059210777282715,46.01057815551758,['resnet34'],wallaby,0.9969906806945801,most_confident,353.8423329591751,True,n01877812,1.0,,,wallaby,,,,-1.0,-1.0,0.9969906806945801,-1.0,-1.0,-1.0,-1.0,-1.0,0.2729465126720081,-1.0,-1.0,-1.0,greedy,1
REQ-00015,10000000,3000,0.3587830066680908,47.40613293647766,['resnet34'],water_ouzel,0.8862473964691162,most_confident,338.0817919969559,True,n01601694,1.0,,,water_ouzel,,,,-1.0,-1.0,0.8862473964691162,-1.0,-1.0,-1.0,-1.0,-1.0,0.2611948614048073,-1.0,-1.0,-1.0,greedy,1
REQ-00016,10000000,3000,0.8218882083892822,49.40975618362427,['resnet34'],stingray,0.735313892364502,most_confident,796.7472500167787,True,n02058221,1.0,,,albatross,,,,-1.0,-1.0,0.635313892364502,-1.0,-1.0,-1.0,-1.0,-1.0,0.25083747526432654,-1.0,-1.0,-1.0,greedy,1
REQ-00000,10000000,3000,0.32243990898132324,1.9073486328125e-06,['resnet34'],whiptail,0.34538549184799194,most_confident,306.5609580371529,True,n01685808,1.0,,,whiptail,,,,-1.0,-1.0,0.34538549184799194,-1.0,-1.0,-1.0,-1.0,-1.0,0.2448588277378939,-1.0,-1.0,-1.0,greedy,1
REQ-00001,10000000,3000,0.31337976455688477,0.66343092918396,['resnet34'],sidewinder,0.5366807579994202,most_confident,300.22620799718425,True,n01756291,1.0,,,sidewinder,,,,-1.0,-1.0,0.5366807579994202,-1.0,-1.0,-1.0,-1.0,-1.0,0.23594174496410453,-1.0,-1.0,-1.0,greedy,1
REQ-00003,10000000,3000,1.0081501007080078,2.242126941680908,['resnet34'],hummingbird,0.9960338473320007,most_confident,988.2619580021128,True,n01833805,1.0,,,hummingbird,,,,-1.0,-1.0,0.9960338473320007,-1.0,-1.0,-1.0,-1.0,-1.0,0.2295391704676941,-1.0,-1.0,-1.0,greedy,1
REQ-00004,10000000,3000,0.6198577880859375,12.733783721923828,['resnet34'],green_snake,0.42239195108413696,most_confident,569.9367090128362,True,n01749939,1.0,,,green_snake,,,,-1.0,-1.0,0.42239195108413696,-1.0,-1.0,-1.0,-1.0,-1.0,0.2877007534209247,-1.0,-1.0,-1.0,greedy,1
REQ-00005,10000000,3000,0.2679429054260254,17.5796639919281,['resnet34'],black_grouse,0.9998471736907959,most_confident,241.69616698054597,True,n01795545,1.0,,,black_grouse,,,,-1.0,-1.0,0.7998471736907959,-1.0,-1.0,-1.0,-1.0,-1.0,0.28717307807883224,-1.0,-1.0,-1.0,greedy,1
REQ-00010,10000000,3000,1.1600251197814941,41.21286392211914,['resnet34'],jellyfish,0.46472808718681335,most_confident,1130.0095829647034,True,n01924916,1.0,,,sea_slug,,,,-1.0,-1.0,0.46472808718681335,-1.0,-1.0,-1.0,-1.0,-1.0,0.3382229529194687,-1.0,-1.0,-1.0,greedy,1
REQ-00011,10000000,3000,2.5196990966796875,43.77937579154968,['resnet34'],sea_slug,0.9775828123092651,most_confident,2498.5237499931827,True,n01950731,1.0,,,sea_slug,,,,-1.0,-1.0,0.9775828123092651,-1.0,-1.0,-1.0,-1.0,-1.0,0.3847278576275218,-1.0,-1.0,-1.0,greedy,1
REQ-00013,10000000,3000,0.9715969562530518,47.37670087814331,['resnet34'],terrapin,0.9968043565750122,most_confident,939.7754170349799,True,n01667778,1.0,,,terrapin,,,,-1.0,-1.0,0.9968043565750122,-1.0,-1.0,-1.0,-1.0,-1.0,0.5637535718647697,-1.0,-1.0,-1.0,greedy,1
REQ-00014,10000000,3000,2.0506279468536377,48.24535512924194,['resnet34'],kite,0.8029783368110657,most_confident,2027.2028329782188,True,n01608432,1.0,,,kite,,,,-1.0,-1.0,0.8029783368110657,-1.0,-1.0,-1.0,-1.0,-1.0,5.654543662,-1.0,-1.0,-1.0,greedy,1
REQ-00000,10000000,3000,0.3285958766937256,4.0531158447265625e-06,['resnet34'],bulbul,0.9649189710617065,most_confident,305.897707992699,True,n01560419,1.0,,,bulbul,,,,-1.0,-1.0,0.9649189710617065,-1.0,-1.0,-1.0,-1.0,-1.0,0.7059295932104636,-1.0,-1.0,-1.0,greedy,1
REQ-00001,10000000,3000,0.3131899833679199,6.144893169403076,['resnet34'],chambered_nautilus,0.9999817609786987,most_confident,300.36779202055186,True,n01968897,1.0,,,chambered_nautilus,,,,-1.0,-1.0,0.8999817609786987,-1.0,-1.0,-1.0,-1.0,-1.0,0.6510384338894172,-1.0,-1.0,-1.0,greedy,1
REQ-00002,10000000,3000,0.3422071933746338,8.996009349822998,['resnet34'],sea_lion,0.6073771715164185,most_confident,316.4580420125276,True,n02077923,1.0,,,sea_lion,,,,-1.0,-1.0,0.6073771715164185,-1.0,-1.0,-1.0,-1.0,-1.0,0.6009777905004755,-1.0,-1.0,-1.0,greedy,1
REQ-00003,10000000,3000,0.3432121276855469,13.296350240707397,['resnet34'],tiger_shark,0.6252180933952332,most_confident,315.38687500869855,True,n01491361,1.0,,,tiger_shark,,,,-1.0,-1.0,0.4252180933952332,-1.0,-1.0,-1.0,-1.0,-1.0,0.556277011450428,-1.0,-1.0,-1.0,greedy,1
REQ-00004,10000000,3000,0.32146310806274414,21.911709308624268,['resnet34'],stingray,0.483146071434021,most_confident,297.9041250073351,True,n01773549,1.0,,,garden_spider,,,,-1.0,-1.0,0.483146071434021,-1.0,-1.0,-1.0,-1.0,-1.0,0.5150427103053852,-1.0,-1.0,-1.0,greedy,1
REQ-00005,10000000,3000,0.5762002468109131,28.00272822380066,['resnet34'],jellyfish,0.5098126530647278,most_confident,432.62254196451977,True,n01667114,1.0,,,terrapin,,,,-1.0,-1.0,0.5098126530647278,-1.0,-1.0,-1.0,-1.0,-1.0,0.47897573927484666,-1.0,-1.0,-1.0,greedy,1
REQ-00006,10000000,3000,1.6548559665679932,31.38126516342163,['resnet34'],axolotl,0.9503723382949829,most_confident,1527.6896249852143,True,n01632777,1.0,,,axolotl,,,,-1.0,-1.0,0.9503723382949829,-1.0,-1.0,-1.0,-1.0,-1.0,0.447063065347362,-1.0,-1.0,-1.0,greedy,1
REQ-00007,10000000,3000,2.766557216644287,31.474279165267944,['resnet34'],electric_ray,0.9915593266487122,most_confident,1779.35745799914,True,n01496331,1.0,,,electric_ray,,,,-1.0,-1.0,0.9915593266487122,-1.0,-1.0,-1.0,-1.0,-1.0,5.654543662,-1.0,-1.0,-1.0,greedy,1
REQ-00010,10000000,3000,1.3345751762390137,35.92286419868469,['resnet34'],dungeness_crab,0.9993993043899536,most_confident,1308.7542909779586,True,n01978287,1.0,,,dungeness_crab,,,,-1.0,-1.0,0.9993993043899536,-1.0,-1.0,-1.0,-1.0,-1.0,0.4826726629313633,-1.0,-1.0,-1.0,greedy,1
REQ-00011,10000000,3000,2.097978115081787,36.175679206848145,['resnet34'],stingray,0.9983147382736206,most_confident,1918.2647920097224,True,n01818515,1.0,,,macaw,,,,-1.0,-1.0,0.9983147382736206,-1.0,-1.0,-1.0,-1.0,-1.0,0.4826726629313633,-1.0,-1.0,-1.0,greedy,1
REQ-00012,10000000,3000,1.686661720275879,48.47391104698181,['resnet34'],garden_spider,0.44469451904296875,most_confident,1671.8334580073133,True,n01608432,1.0,,,kite,,,,-1.0,-1.0,0.44469451904296875,-1.0,-1.0,-1.0,-1.0,-1.0,0.5133681269744043,-1.0,-1.0,-1.0,greedy,1




REQ-00000,10000,3000,0.9825308322906494,1.9073486328125e-06,['resnet50'],whiptail,0.9939350485801697,most_confident,950.123833026737,True,n01685808,1.0,,,,whiptail,,,-1.0,-1.0,-1.0,0.9939350485801697,-1.0,-1.0,-1.0,-1.0,-1.0,0.17255830880787978,-1.0,-1.0,greedy,1
REQ-00001,10000,3000,0.3317759037017822,2.6578378677368164,['resnet50'],common_newt,0.9504508376121521,most_confident,315.9355000243522,True,n01630670,1.0,,,,common_newt,,,-1.0,-1.0,-1.0,0.9504508376121521,-1.0,-1.0,-1.0,-1.0,-1.0,0.17352137792709182,-1.0,-1.0,greedy,1
REQ-00002,10000,3000,1.3900389671325684,7.396367788314819,['resnet50'],wallaby,0.9999825954437256,most_confident,1370.906250027474,True,n01877812,1.0,,,,wallaby,,,-1.0,-1.0,-1.0,0.9999825954437256,-1.0,-1.0,-1.0,-1.0,-1.0,0.17451264013438267,-1.0,-1.0,greedy,1
REQ-00003,10000,3000,0.36751890182495117,11.581799745559692,['resnet50'],bulbul,0.9755866527557373,most_confident,340.77829198213294,True,n01984695,1.0,,,,spiny_lobster,,,-1.0,-1.0,-1.0,0.9755866527557373,-1.0,-1.0,-1.0,-1.0,-1.0,0.1759381761209444,-1.0,-1.0,greedy,1
REQ-00004,10000,3000,0.3652839660644531,14.131341934204102,['resnet50'],chiton,0.5729267001152039,most_confident,344.33891699882224,True,n01693334,1.0,,,,green_lizard,,,-1.0,-1.0,-1.0,0.5729267001152039,-1.0,-1.0,-1.0,-1.0,-1.0,0.17050315850884995,-1.0,-1.0,greedy,1
REQ-00005,10000,3000,0.4013359546661377,15.385869026184082,['resnet50'],garden_spider,0.5043424367904663,most_confident,371.8741659540683,True,n01773797,1.0,,,,garden_spider,,,-1.0,-1.0,-1.0,0.5043424367904663,-1.0,-1.0,-1.0,-1.0,-1.0,0.16803224265796496,-1.0,-1.0,greedy,1
REQ-00006,10000,3000,0.37254881858825684,39.44631600379944,['resnet50'],pelican,0.999164342880249,most_confident,328.0367910047062,True,n02051845,1.0,,,,pelican,,,-1.0,-1.0,-1.0,0.999164342880249,-1.0,-1.0,-1.0,-1.0,-1.0,0.17052781839216846,-1.0,-1.0,greedy,1
REQ-00007,10000,3000,0.39257287979125977,43.51579165458679,['resnet50'],cock,0.5393377542495728,most_confident,363.4752919897437,True,n01514668,1.0,,,,cock,,,-1.0,-1.0,-1.0,0.5393377542495728,-1.0,-1.0,-1.0,-1.0,-1.0,0.17174203655295162,-1.0,-1.0,greedy,1
REQ-00008,10000,3000,0.596116304397583,50.23397707939148,['resnet50'],spoonbill,0.9999339580535889,most_confident,559.7300420049578,True,n02006656,1.0,,,,spoonbill,,,-1.0,-1.0,-1.0,0.9999339580535889,-1.0,-1.0,-1.0,-1.0,-1.0,0.17352293289765647,-1.0,-1.0,greedy,1
REQ-00009,10000,3000,0.4734189510345459,51.03856897354126,['resnet50'],banded_gecko,0.9997491240501404,most_confident,445.54441602667794,True,n01675722,1.0,,,,banded_gecko,,,-1.0,-1.0,-1.0,0.9997491240501404,-1.0,-1.0,-1.0,-1.0,-1.0,0.18234693960789083,-1.0,-1.0,greedy,1
REQ-00010,10000,3000,1.9811718463897705,54.918728828430176,['resnet50'],sea_snake,0.3003040850162506,most_confident,1952.6854580035433,True,n01751748,1.0,,,,sea_snake,,,-1.0,-1.0,-1.0,0.3003040850162506,-1.0,-1.0,-1.0,-1.0,-1.0,0.18373824564710176,-1.0,-1.0,greedy,1
REQ-00011,10000,3000,1.7008049488067627,55.667892932891846,['resnet50'],limpkin,0.9998608827590942,most_confident,1658.5951670422219,True,n02013706,1.0,,,,limpkin,,,-1.0,-1.0,-1.0,0.9998608827590942,-1.0,-1.0,-1.0,-1.0,-1.0,0.18343342108239158,-1.0,-1.0,greedy,1
REQ-00012,10000,3000,0.9458301067352295,57.34144473075867,['resnet50'],bulbul,0.9138889908790588,most_confident,897.7664590347558,True,n01775062,1.0,,,,wolf_spider,,,-1.0,-1.0,-1.0,0.9138889908790588,-1.0,-1.0,-1.0,-1.0,-1.0,0.17844937897415242,-1.0,-1.0,greedy,1
REQ-00013,10000,3000,1.4209659099578857,58.86243200302124,['resnet50'],agama,0.9977588653564453,most_confident,1390.8617079723626,True,n01687978,1.0,,,,agama,,,-1.0,-1.0,-1.0,0.9977588653564453,-1.0,-1.0,-1.0,-1.0,-1.0,0.21025134107673718,-1.0,-1.0,greedy,1
REQ-00015,10000,3000,0.857795000076294,60.506452798843384,['resnet50'],boa_constrictor,0.6378000378608704,most_confident,823.4173330129124,True,n01742172,1.0,,,,boa_constrictor,,,-1.0,-1.0,-1.0,0.6378000378608704,-1.0,-1.0,-1.0,-1.0,-1.0,0.3038103069690635,-1.0,-1.0,greedy,1
REQ-00014,10000,3000,7.31485915184021,58.952322006225586,['resnet50'],magpie,0.6410562992095947,most_confident,7217.336250003427,True,n01582220,1.0,,,,magpie,,,-1.0,-1.0,-1.0,0.6410562992095947,-1.0,-1.0,-1.0,-1.0,-1.0,0.21025134107673718,-1.0,-1.0,greedy,1
REQ-00016,10000,3000,15.517560720443726,72.22654891014099,['resnet50'],sidewinder,0.6903253197669983,most_confident,15481.51495901402,True,n01753488,1.0,,,,sidewinder,,,-1.0,-1.0,-1.0,0.6903253197669983,-1.0,-1.0,-1.0,-1.0,-1.0,0.3417868762721572,-1.0,-1.0,greedy,1
REQ-00017,10000,3000,18.123952865600586,72.45404696464539,['resnet50'],komodo_dragon,0.999882698059082,most_confident,18100.227291986812,True,n01695060,1.0,,,,komodo_dragon,,,-1.0,-1.0,-1.0,0.999882698059082,-1.0,-1.0,-1.0,-1.0,-1.0,0.3417868762721572,-1.0,-1.0,greedy,1
REQ-00018,10000,3000,27.12024712562561,72.5769419670105,['resnet50'],chiton,0.8860356211662292,most_confident,27093.274708022363,True,n01986214,1.0,,,,hermit_crab,,,-1.0,-1.0,-1.0,0.6860356211662292,-1.0,-1.0,-1.0,-1.0,-1.0,6.0836514606000005,-1.0,-1.0,greedy,1
REQ-00019,10000,3000,27.402865886688232,74.870521068573,['resnet50'],loggerhead,0.9884721040725708,most_confident,27375.17241598107,True,n01664065,1.0,,,,loggerhead,,,-1.0,-1.0,-1.0,0.9884721040725708,-1.0,-1.0,-1.0,-1.0,-1.0,6.0836514606000005,-1.0,-1.0,greedy,1
REQ-00020,10000,3000,23.49790382385254,79.1004889011383,['resnet50'],spotted_salamander,0.997506320476532,most_confident,23479.512083984446,True,n01632458,1.0,,,,spotted_salamander,,,-1.0,-1.0,-1.0,0.997506320476532,-1.0,-1.0,-1.0,-1.0,-1.0,6.0836514606000005,-1.0,-1.0,greedy,1
REQ-00021,10000,3000,16.574652194976807,90.33295679092407,['resnet50'],bald_eagle,0.8582752346992493,most_confident,16535.099041997455,True,n01614925,1.0,,,,bald_eagle,,,-1.0,-1.0,-1.0,0.8582752346992493,-1.0,-1.0,-1.0,-1.0,-1.0,1.8302981886449416,-1.0,-1.0,greedy,1
REQ-00024,10000,3000,16.271557807922363,92.9828588962555,['resnet50'],coral_reef,0.38492342829704285,most_confident,16247.409874980804,True,n01978455,1.0,,,,coral_reef,,,-1.0,-1.0,-1.0,0.38492342829704285,-1.0,-1.0,-1.0,-1.0,-1.0,6.59062241565,-1.0,-1.0,greedy,1
REQ-00022,10000,3000,19.165100812911987,90.37703800201416,['resnet50'],bald_eagle,0.995083212852478,most_confident,19087.04749995377,True,n01614925,1.0,,,,bald_eagle,,,-1.0,-1.0,-1.0,0.795083212852478,-1.0,-1.0,-1.0,-1.0,-1.0,3.4314276697804473,-1.0,-1.0,greedy,1
REQ-00025,10000,3000,17.36403203010559,94.90311598777771,['resnet50'],bulbul,0.9261540770530701,most_confident,17333.96850002464,True,n01753488,1.0,,,,horned_viper,,,-1.0,-1.0,-1.0,0.9261540770530701,-1.0,-1.0,-1.0,-1.0,-1.0,13.1812448313,-1.0,-1.0,greedy,1
REQ-00023,10000,3000,23.617815017700195,90.65450692176819,['resnet50'],flatworm,0.9666299223899841,most_confident,23581.84966701083,True,n01924916,1.0,,,,flatworm,,,-1.0,-1.0,-1.0,0.7666299223899841,-1.0,-1.0,-1.0,-1.0,-1.0,6.0836514606000005,-1.0,-1.0,greedy,1
REQ-00026,10000,3000,14.599794149398804,99.71398496627808,['resnet50'],conch,0.7455973029136658,most_confident,14571.674707985949,True,n01943899,1.0,,,,conch,,,-1.0,-1.0,-1.0,0.7455973029136658,-1.0,-1.0,-1.0,-1.0,-1.0,15.438236352001669,-1.0,-1.0,greedy,1
REQ-00000,10000,3000,0.47887420654296875,2.86102294921875e-06,['resnet50'],hognose_snake,0.7915599346160889,most_confident,460.29104199260473,True,n01729322,1.0,,,,hognose_snake,,,-1.0,-1.0,-1.0,0.7915599346160889,-1.0,-1.0,-1.0,-1.0,-1.0,7.392799416318658,-1.0,-1.0,greedy,1
REQ-00001,10000,3000,0.5515499114990234,1.1406757831573486,['resnet50'],cock,0.98223876953125,most_confident,532.7615840360522,True,n01514668,1.0,,,,cock,,,-1.0,-1.0,-1.0,0.98223876953125,-1.0,-1.0,-1.0,-1.0,-1.0,6.681655174686792,-1.0,-1.0,greedy,1
REQ-00002,10000,3000,0.4537038803100586,3.9577150344848633,['resnet50'],harvestman,0.9999052286148071,most_confident,431.63224996533245,True,n01770081,1.0,,,,harvestman,,,-1.0,-1.0,-1.0,0.6999052286148071,-1.0,-1.0,-1.0,-1.0,-1.0,6.0349590572181135,-1.0,-1.0,greedy,1
REQ-00003,10000,3000,0.38948702812194824,8.662079095840454,['resnet50'],black_grouse,0.6413575410842896,most_confident,361.05550004867837,True,n01798484,1.0,,,,black_grouse,,,-1.0,-1.0,-1.0,0.6413575410842896,-1.0,-1.0,-1.0,-1.0,-1.0,5.450970351496302,-1.0,-1.0,greedy,1
REQ-00004,10000,3000,0.8833050727844238,11.935144901275635,['resnet50'],wolf_spider,0.973347008228302,most_confident,858.1659999908879,True,n01775062,1.0,,,,wolf_spider,,,-1.0,-1.0,-1.0,0.973347008228302,-1.0,-1.0,-1.0,-1.0,-1.0,4.925921916346672,-1.0,-1.0,greedy,1
REQ-00005,10000,3000,0.7168979644775391,12.375338077545166,['resnet50'],crane,0.9634832143783569,most_confident,684.9777500028722,True,n02012849,1.0,,,,crane,,,-1.0,-1.0,-1.0,0.6634832143783569,-1.0,-1.0,-1.0,-1.0,-1.0,4.4523828247120045,-1.0,-1.0,greedy,1
REQ-00006,10000,3000,0.64115309715271,13.441687822341919,['resnet50'],chiton,0.999083399772644,most_confident,617.482999979984,True,n01855672,1.0,,,,goose,,,-1.0,-1.0,-1.0,0.999083399772644,-1.0,-1.0,-1.0,-1.0,-1.0,4.027271442240805,-1.0,-1.0,greedy,1
REQ-00007,10000,3000,0.49170613288879395,15.224194765090942,['resnet50'],green_snake,0.6151748895645142,most_confident,465.92241601319984,True,n01749939,1.0,,,,green_snake,,,-1.0,-1.0,-1.0,0.6151748895645142,-1.0,-1.0,-1.0,-1.0,-1.0,3.6630522980167246,-1.0,-1.0,greedy,1
REQ-00008,10000,3000,0.4629499912261963,16.67588210105896,['resnet50'],diamondback,0.4899596571922302,most_confident,426.88804102363065,True,n01755581,1.0,,,,diamondback,,,-1.0,-1.0,-1.0,0.4899596571922302,-1.0,-1.0,-1.0,-1.0,-1.0,3.319189768215052,-1.0,-1.0,greedy,1
REQ-00009,10000,3000,0.43132615089416504,20.393474817276,['resnet50'],jellyfish,0.9176715612411499,most_confident,403.61983299953863,True,n01910747,1.0,,,,jellyfish,,,-1.0,-1.0,-1.0,0.9176715612411499,-1.0,-1.0,-1.0,-1.0,-1.0,3.0065331913935474,-1.0,-1.0,greedy,1
REQ-00010,10000,3000,1.31705904006958,21.223315000534058,['resnet50'],banded_gecko,0.7937846183776855,most_confident,1292.0549170230515,True,n01675722,1.0,,,,banded_gecko,,,-1.0,-1.0,-1.0,0.7937846183776855,-1.0,-1.0,-1.0,-1.0,-1.0,2.726768772254193,-1.0,-1.0,greedy,1
REQ-00011,10000,3000,0.37121105194091797,31.07393193244934,['resnet50'],scorpion,0.9996941089630127,most_confident,336.4233750035055,True,n01770393,1.0,,,,scorpion,,,-1.0,-1.0,-1.0,0.9996941089630127,-1.0,-1.0,-1.0,-1.0,-1.0,2.474006595028774,-1.0,-1.0,greedy,1
REQ-00012,10000,3000,0.40657901763916016,32.383750915527344,['resnet50'],goldfish,0.9986019730567932,most_confident,383.1355419824831,True,n01443537,1.0,,,,goldfish,,,-1.0,-1.0,-1.0,0.9986019730567932,-1.0,-1.0,-1.0,-1.0,-1.0,2.2449835355258965,-1.0,-1.0,greedy,1
REQ-00013,10000,3000,0.6090621948242188,33.443535804748535,['resnet50'],goldfish,0.9983837604522705,most_confident,584.2492909869179,True,n01443537,1.0,,,,goldfish,,,-1.0,-1.0,-1.0,0.6983837604522705,-1.0,-1.0,-1.0,-1.0,-1.0,2.039929881973307,-1.0,-1.0,greedy,1
REQ-00014,10000,3000,0.567385196685791,35.679628133773804,['resnet50'],toucan,0.9991520643234253,most_confident,546.462917001918,True,n01843383,1.0,,,,toucan,,,-1.0,-1.0,-1.0,0.9991520643234253,-1.0,-1.0,-1.0,-1.0,-1.0,1.8555331937759765,-1.0,-1.0,greedy,1
REQ-00015,10000,3000,0.42814183235168457,45.75656199455261,['resnet50'],ptarmigan,0.9660924673080444,most_confident,387.70795898744836,True,n01796340,1.0,,,,ptarmigan,,,-1.0,-1.0,-1.0,0.9660924673080444,-1.0,-1.0,-1.0,-1.0,-1.0,1.689594274398379,-1.0,-1.0,greedy,1
REQ-00016,10000,3000,0.36495399475097656,48.47397589683533,['resnet50'],nematode,0.9998708963394165,most_confident,338.417874998413,True,n01930112,1.0,,,,nematode,,,-1.0,-1.0,-1.0,0.6998708963394165,-1.0,-1.0,-1.0,-1.0,-1.0,1.5397890469585411,-1.0,-1.0,greedy,1
REQ-00017,10000,3000,0.40949296951293945,49.24107384681702,['resnet50'],sea_snake,0.9951677322387695,most_confident,378.66662500891834,True,n01751748,1.0,,,,sea_snake,,,-1.0,-1.0,-1.0,0.6951677322387695,-1.0,-1.0,-1.0,-1.0,-1.0,1.405135942262687,-1.0,-1.0,greedy,1
REQ-00018,10000,3000,0.927433967590332,51.512112855911255,['resnet50'],bald_eagle,0.9962712526321411,most_confident,906.9708329625428,True,n01614925,1.0,,,,bald_eagle,,,-1.0,-1.0,-1.0,0.4962712526321411,-1.0,-1.0,-1.0,-1.0,-1.0,1.2841463480364184,-1.0,-1.0,greedy,1
REQ-00019,10000,3000,0.42197418212890625,53.51756191253662,['resnet50'],ptarmigan,0.9550459384918213,most_confident,398.3575419988483,True,n01796340,1.0,,,,ptarmigan,,,-1.0,-1.0,-1.0,0.4550459384918213,-1.0,-1.0,-1.0,-1.0,-1.0,1.1751343132327765,-1.0,-1.0,greedy,1
REQ-00020,10000,3000,0.4312458038330078,55.16049385070801,['resnet50'],bulbul,0.9996693134307861,most_confident,404.9850419978611,True,n01824575,1.0,,,,coucal,,,-1.0,-1.0,-1.0,0.9996693134307861,-1.0,-1.0,-1.0,-1.0,-1.0,1.076390481909499,-1.0,-1.0,greedy,1
REQ-00021,10000,3000,0.4894130229949951,55.67366671562195,['resnet50'],komodo_dragon,0.9980352520942688,most_confident,464.0971249900758,True,n01695060,1.0,,,,komodo_dragon,,,-1.0,-1.0,-1.0,0.7980352520942688,-1.0,-1.0,-1.0,-1.0,-1.0,0.9874981337185491,-1.0,-1.0,greedy,1
REQ-00022,10000,3000,0.46985793113708496,56.83787989616394,['resnet50'],magpie,0.6456526517868042,most_confident,446.1347080068663,True,n01582220,1.0,,,,magpie,,,-1.0,-1.0,-1.0,0.6456526517868042,-1.0,-1.0,-1.0,-1.0,-1.0,0.9078815203466942,-1.0,-1.0,greedy,1
REQ-00023,10000,3000,0.39768505096435547,58.05355501174927,['resnet50'],agama,0.5805547833442688,most_confident,361.8728330475278,True,n01687978,1.0,,,,agama,,,-1.0,-1.0,-1.0,0.5805547833442688,-1.0,-1.0,-1.0,-1.0,-1.0,0.8358732683120248,-1.0,-1.0,greedy,1
REQ-00024,10000,3000,0.4261608123779297,63.45926785469055,['resnet50'],king_snake,0.47215771675109863,most_confident,400.15070798108354,True,n01685808,1.0,,,,king_snake,,,-1.0,-1.0,-1.0,0.47215771675109863,-1.0,-1.0,-1.0,-1.0,-1.0,0.7710278414808223,-1.0,-1.0,greedy,1
REQ-00025,10000,3000,0.403536319732666,65.88179779052734,['resnet50'],tench,0.9864897727966309,most_confident,342.4809999996796,True,n01440764,1.0,,,,tench,,,-1.0,-1.0,-1.0,0.8864897727966309,-1.0,-1.0,-1.0,-1.0,-1.0,0.71348865733274,-1.0,-1.0,greedy,1
REQ-00026,10000,3000,0.6233992576599121,69.91287612915039,['resnet50'],stingray,0.49547407031059265,most_confident,590.9630840178579,True,n01498041,1.0,,,,stingray,,,-1.0,-1.0,-1.0,0.49547407031059265,-1.0,-1.0,-1.0,-1.0,-1.0,0.661404291599466,-1.0,-1.0,greedy,1
REQ-00027,10000,3000,0.7093839645385742,70.35001492500305,['resnet50'],harvestman,0.998944103717804,most_confident,681.3684169901535,True,n01770081,1.0,,,,harvestman,,,-1.0,-1.0,-1.0,0.798944103717804,-1.0,-1.0,-1.0,-1.0,-1.0,0.6141512624395195,-1.0,-1.0,greedy,1
REQ-00028,10000,3000,0.424915075302124,75.58996796607971,['resnet50'],bee_eater,0.9913105964660645,most_confident,385.0714580039494,True,n01828970,1.0,,,,bee_eater,,,-1.0,-1.0,-1.0,0.9913105964660645,-1.0,-1.0,-1.0,-1.0,-1.0,0.6006013361955675,-1.0,-1.0,greedy,1
REQ-00029,10000,3000,0.39710402488708496,75.87887597084045,['resnet50'],dungeness_crab,0.9476823210716248,most_confident,356.3796660164371,True,n01978287,1.0,,,,dungeness_crab,,,-1.0,-1.0,-1.0,0.9476823210716248,-1.0,-1.0,-1.0,-1.0,-1.0,0.5577951025760108,-1.0,-1.0,greedy,1
REQ-00030,10000,3000,4.626791954040527,77.88083100318909,['resnet50'],chickadee,0.9955556988716125,most_confident,4604.254791978747,True,n01592084,1.0,,,,chickadee,,,-1.0,-1.0,-1.0,0.9955556988716125,-1.0,-1.0,-1.0,-1.0,-1.0,0.5223267923184097,-1.0,-1.0,greedy,1
REQ-00032,10000,3000,3.14011287689209,79.95716190338135,['resnet50'],great_white_shark,0.8943282961845398,most_confident,3095.3502090414986,True,n01484850,1.0,,,,great_white_shark,,,-1.0,-1.0,-1.0,0.8943282961845398,-1.0,-1.0,-1.0,-1.0,-1.0,0.5223267923184097,-1.0,-1.0,greedy,1
REQ-00034,10000,3000,0.6043117046356201,83.18523383140564,['resnet50'],spotted_salamander,0.9970080256462097,most_confident,581.869249988813,True,n01632458,1.0,,,,spotted_salamander,,,-1.0,-1.0,-1.0,0.7970080256462097,-1.0,-1.0,-1.0,-1.0,-1.0,1.058180001777912,-1.0,-1.0,greedy,1
REQ-00035,10000,3000,1.0812339782714844,83.93161988258362,['resnet50'],common_newt,0.9995532631874084,most_confident,1064.5247080246918,True,n01820546,1.0,,,,lorikeet,,,-1.0,-1.0,-1.0,0.9995532631874084,-1.0,-1.0,-1.0,-1.0,-1.0,0.9729470016001207,-1.0,-1.0,greedy,1
REQ-00036,10000,3000,0.3929920196533203,85.96507096290588,['resnet50'],bulbul,0.3667623698711395,most_confident,372.2597500309348,True,n01943899,1.0,,,,conch,,,-1.0,-1.0,-1.0,0.3667623698711395,-1.0,-1.0,-1.0,-1.0,-1.0,0.9664735014401087,-1.0,-1.0,greedy,1
REQ-00033,10000,3000,9.862644910812378,80.18274307250977,['resnet50'],sea_lion,0.999996542930603,most_confident,9841.166749945842,True,n02077923,1.0,,,,sea_lion,,,-1.0,-1.0,-1.0,0.999996542930603,-1.0,-1.0,-1.0,-1.0,-1.0,0.5223267923184097,-1.0,-1.0,greedy,1
REQ-00031,10000,3000,11.818758964538574,78.24695205688477,['resnet50'],great_grey_owl,0.9999796152114868,most_confident,11781.37516597053,True,n01622779,1.0,,,,great_grey_owl,,,-1.0,-1.0,-1.0,0.9999796152114868,-1.0,-1.0,-1.0,-1.0,-1.0,0.5223267923184097,-1.0,-1.0,greedy,1


REQ-00000,10000000,3000,0.9585437774658203,5.245208740234375e-06,['resnet101'],drake,0.9997666478157043,most_confident,941.2456670543179,True,n01847000,1.0,,,,,drake,,-1.0,-1.0,-1.0,-1.0,0.9997666478157043,-1.0,-1.0,-1.0,-1.0,-1.0,0.8204564551287397,-1.0,greedy,1
REQ-00001,10000000,3000,1.1267237663269043,6.660860061645508,['resnet101'],sulphur-crested_cockatoo,0.9889195561408997,most_confident,1094.1997080226429,True,n01819313,1.0,,,,,sulphur-crested_cockatoo,,-1.0,-1.0,-1.0,-1.0,0.9889195561408997,-1.0,-1.0,-1.0,-1.0,-1.0,0.8095934096158657,-1.0,greedy,1
REQ-00005,10000000,3000,0.5495398044586182,9.414546966552734,-1,-1,0.0,FAILED,-1,False,,-1,,,,,,,-1.0,-1.0,-1.0,-1.0,-1.0,-1.0,-1.0,-1.0,-1.0,-1.0,6.274705780770001,-1.0,,
REQ-00003,10000000,3000,2.9087390899658203,7.8127312660217285,['resnet101'],chiton,0.9889800548553467,most_confident,2884.465458977502,True,n01955084,1.0,,,,,chiton,,-1.0,-1.0,-1.0,-1.0,0.9889800548553467,-1.0,-1.0,-1.0,-1.0,-1.0,0.7665799686542791,-1.0,greedy,1
REQ-00007,10000000,3000,0.3561251163482666,12.282654047012329,-1,-1,0.0,FAILED,-1,False,,-1,,,,,,,-1.0,-1.0,-1.0,-1.0,-1.0,-1.0,-1.0,-1.0,-1.0,-1.0,6.274705780770001,-1.0,,
REQ-00004,10000000,3000,4.066195249557495,9.078886985778809,['resnet101'],white_stork,0.834315836429596,most_confident,4039.4640829763375,True,n02002556,1.0,,,,,white_stork,,-1.0,-1.0,-1.0,-1.0,0.834315836429596,-1.0,-1.0,-1.0,-1.0,-1.0,0.7665799686542791,-1.0,greedy,1
REQ-00006,10000000,3000,17.646667957305908,11.083632946014404,['resnet101'],green_snake,0.8813092112541199,most_confident,17620.74008298805,True,n01749939,1.0,,,,,green_snake,,-1.0,-1.0,-1.0,-1.0,0.8813092112541199,-1.0,-1.0,-1.0,-1.0,-1.0,0.9595373717888513,-1.0,greedy,1
REQ-00010,10000000,3000,0.5519087314605713,31.73668622970581,-1,-1,0.0,FAILED,-1,False,,-1,,,,,,,-1.0,-1.0,-1.0,-1.0,-1.0,-1.0,-1.0,-1.0,-1.0,-1.0,6.274705780770001,-1.0,,
REQ-00002,10000000,3000,29.261500120162964,7.666252136230469,['resnet101'],sea_lion,0.9999804496765137,most_confident,29232.35504096374,True,n02077923,1.0,,,,,sea_lion,,-1.0,-1.0,-1.0,-1.0,0.9999804496765137,-1.0,-1.0,-1.0,-1.0,-1.0,0.7665799686542791,-1.0,greedy,1
REQ-00009,10000000,3000,9.320413827896118,28.546504020690918,['resnet101'],oystercatcher,0.5831769704818726,most_confident,9293.465583003126,True,n02037110,1.0,,,,,oystercatcher,,-1.0,-1.0,-1.0,-1.0,0.5831769704818726,-1.0,-1.0,-1.0,-1.0,-1.0,6.274705780770001,-1.0,greedy,1
REQ-00008,10000000,3000,13.24092698097229,27.576242923736572,['resnet101'],whiptail,0.9897940158843994,most_confident,13204.614125017542,True,n01685808,1.0,,,,,whiptail,,-1.0,-1.0,-1.0,-1.0,0.9897940158843994,-1.0,-1.0,-1.0,-1.0,-1.0,1.2446348346099663,-1.0,greedy,1
REQ-00014,10000000,3000,0.6731040477752686,44.62876796722412,-1,-1,0.0,FAILED,-1,False,,-1,,,,,,,-1.0,-1.0,-1.0,-1.0,-1.0,-1.0,-1.0,-1.0,-1.0,-1.0,6.274705780770001,-1.0,,
REQ-00015,10000000,3000,0.5114398002624512,46.729840993881226,-1,-1,0.0,FAILED,-1,False,,-1,,,,,,,-1.0,-1.0,-1.0,-1.0,-1.0,-1.0,-1.0,-1.0,-1.0,-1.0,6.274705780770001,-1.0,,
REQ-00011,10000000,3000,5.53168511390686,42.66937208175659,['resnet101'],tench,0.9999686479568481,most_confident,5508.065624977462,True,n01440764,1.0,,,,,tench,,-1.0,-1.0,-1.0,-1.0,0.9999686479568481,-1.0,-1.0,-1.0,-1.0,-1.0,6.555281750987599,-1.0,greedy,1
REQ-00017,10000000,3000,0.4373931884765625,48.01311802864075,-1,-1,0.0,FAILED,-1,False,,-1,,,,,,,-1.0,-1.0,-1.0,-1.0,-1.0,-1.0,-1.0,-1.0,-1.0,-1.0,6.274705780770001,-1.0,,
REQ-00018,10000000,3000,0.39708399772644043,49.09705185890198,-1,-1,0.0,FAILED,-1,False,,-1,,,,,,,-1.0,-1.0,-1.0,-1.0,-1.0,-1.0,-1.0,-1.0,-1.0,-1.0,6.274705780770001,-1.0,,
REQ-00012,10000000,3000,26.6116840839386,43.38595414161682,['resnet101'],oystercatcher,0.9998238682746887,most_confident,26582.97320798738,True,n02037110,1.0,,,,,oystercatcher,,-1.0,-1.0,-1.0,-1.0,0.9998238682746887,-1.0,-1.0,-1.0,-1.0,-1.0,6.555281750987599,-1.0,greedy,1
REQ-00013,10000000,3000,28.01034688949585,43.780019998550415,['resnet101'],magpie,0.6200324892997742,most_confident,27984.70220901072,True,n01677366,1.0,,,,,common_iguana,,-1.0,-1.0,-1.0,-1.0,0.6200324892997742,-1.0,-1.0,-1.0,-1.0,-1.0,6.555281750987599,-1.0,greedy,1
REQ-00016,10000000,3000,26.844619750976562,47.94434213638306,['resnet101'],wombat,0.9996485710144043,most_confident,26812.941125012003,True,n01883070,1.0,,,,,wombat,,-1.0,-1.0,-1.0,-1.0,0.9996485710144043,-1.0,-1.0,-1.0,-1.0,-1.0,6.274705780770001,-1.0,greedy,1
REQ-00000,10000000,3000,1.4241149425506592,2.1457672119140625e-06,['resnet101'],garter_snake,0.9990938901901245,most_confident,1407.2111250134185,True,n01735189,1.0,,,,,garter_snake,,-1.0,-1.0,-1.0,-1.0,0.9990938901901245,-1.0,-1.0,-1.0,-1.0,-1.0,11.978523332822965,-1.0,greedy,1
REQ-00001,10000000,3000,1.0531151294708252,1.2783219814300537,['resnet101'],peacock,0.9999852180480957,most_confident,1034.9229159764946,True,n01806143,1.0,,,,,peacock,,-1.0,-1.0,-1.0,-1.0,0.9999852180480957,-1.0,-1.0,-1.0,-1.0,-1.0,10.810736899540668,-1.0,greedy,1
REQ-00002,10000000,3000,0.856644868850708,8.475462913513184,['resnet101'],black_and_gold_garden_spider,0.5999271273612976,most_confident,830.4207909968682,True,n01773549,1.0,,,,,black_and_gold_garden_spider,,-1.0,-1.0,-1.0,-1.0,0.5999271273612976,-1.0,-1.0,-1.0,-1.0,-1.0,9.8049198095866,-1.0,greedy,1
REQ-00003,10000000,3000,0.9076318740844727,19.43196392059326,['resnet101'],sea_lion,0.9999010562896729,most_confident,875.8176669944078,True,n02077923,1.0,,,,,sea_lion,,-1.0,-1.0,-1.0,-1.0,0.9999010562896729,-1.0,-1.0,-1.0,-1.0,-1.0,8.890350428627942,-1.0,greedy,1
REQ-00004,10000000,3000,0.9770889282226562,20.41271185874939,['resnet101'],king_snake,0.9999188184738159,most_confident,948.6736669787206,True,n02018207,1.0,,,,,american_coot,,-1.0,-1.0,-1.0,-1.0,0.9999188184738159,-1.0,-1.0,-1.0,-1.0,-1.0,8.069468685765148,-1.0,greedy,1
REQ-00005,10000000,3000,1.157456874847412,21.27745008468628,['resnet101'],garden_spider,0.9082137942314148,most_confident,1132.4913750286214,True,n01773797,1.0,,,,,garden_spider,,-1.0,-1.0,-1.0,-1.0,0.9082137942314148,-1.0,-1.0,-1.0,-1.0,-1.0,7.336441017188633,-1.0,greedy,1
REQ-00006,10000000,3000,3.3629860877990723,26.042567014694214,['resnet101'],common_newt,0.9233621954917908,most_confident,3336.56525000697,True,n01630670,1.0,,,,,common_newt,,-1.0,-1.0,-1.0,-1.0,0.9233621954917908,-1.0,-1.0,-1.0,-1.0,-1.0,6.69804901546977,-1.0,greedy,1
REQ-00007,10000000,3000,3.8687798976898193,26.42535400390625,['resnet101'],night_snake,0.8528235554695129,most_confident,3844.117458036635,True,n01728572,1.0,,,,,night_snake,,-1.0,-1.0,-1.0,-1.0,0.8528235554695129,-1.0,-1.0,-1.0,-1.0,-1.0,6.69804901546977,-1.0,greedy,1
REQ-00008,10000000,3000,1.2072420120239258,38.175437927246094,['resnet101'],vine_snake,0.977070689201355,most_confident,1147.6867079618387,True,n01739381,1.0,,,,,vine_snake,,-1.0,-1.0,-1.0,-1.0,0.977070689201355,-1.0,-1.0,-1.0,-1.0,-1.0,6.060210702530513,-1.0,greedy,1
REQ-00012,10000000,3000,0.554563045501709,43.6899631023407,-1,-1,0.0,FAILED,-1,False,,-1,,,,,,,-1.0,-1.0,-1.0,-1.0,-1.0,-1.0,-1.0,-1.0,-1.0,-1.0,6.274705780770001,-1.0,,
REQ-00013,10000000,3000,0.5813360214233398,48.73788809776306,-1,-1,0.0,FAILED,-1,False,,-1,,,,,,,-1.0,-1.0,-1.0,-1.0,-1.0,-1.0,-1.0,-1.0,-1.0,-1.0,6.274705780770001,-1.0,,
REQ-00009,10000000,3000,9.986813306808472,41.40640592575073,['resnet101'],water_ouzel,0.9999856948852539,most_confident,9851.593416009564,True,n01601694,1.0,,,,,water_ouzel,,-1.0,-1.0,-1.0,-1.0,0.9999856948852539,-1.0,-1.0,-1.0,-1.0,-1.0,5.484467932277462,-1.0,greedy,1
REQ-00011,10000000,3000,17.33759307861328,41.96180295944214,['resnet101'],african_chameleon,0.5478572249412537,most_confident,17147.792375006247,True,n01677366,1.0,,,,,african_chameleon,,-1.0,-1.0,-1.0,-1.0,0.5478572249412537,-1.0,-1.0,-1.0,-1.0,-1.0,5.484467932277462,-1.0,greedy,1
REQ-00010,10000000,3000,18.594821214675903,41.781139850616455,['resnet101'],hen,0.9302480816841125,most_confident,18571.09587499872,True,n01514859,1.0,,,,,hen,,-1.0,-1.0,-1.0,-1.0,0.9302480816841125,-1.0,-1.0,-1.0,-1.0,-1.0,5.484467932277462,-1.0,greedy,1
REQ-00000,10000000,3000,0.857295036315918,3.0994415283203125e-06,['resnet101'],toucan,0.9856776595115662,most_confident,833.5038750083186,True,n01843383,1.0,,,,,toucan,,-1.0,-1.0,-1.0,-1.0,0.9856776595115662,-1.0,-1.0,-1.0,-1.0,-1.0,8.076701369630271,-1.0,greedy,1
REQ-00001,10000000,3000,0.4862861633300781,2.391853094100952,['resnet101'],sea_snake,0.7016705870628357,most_confident,468.70012499857694,True,n01751748,1.0,,,,,sea_snake,,-1.0,-1.0,-1.0,-1.0,0.7016705870628357,-1.0,-1.0,-1.0,-1.0,-1.0,7.295963232667245,-1.0,greedy,1
REQ-00002,10000000,3000,1.6173591613769531,3.207475185394287,['resnet101'],magpie,0.9999520778656006,most_confident,1554.9725000164472,True,n01798484,1.0,,,,,prairie_chicken,,-1.0,-1.0,-1.0,-1.0,0.9999520778656006,-1.0,-1.0,-1.0,-1.0,-1.0,6.58721890940052,-1.0,greedy,1
REQ-00003,10000000,3000,0.5646457672119141,10.168305158615112,['resnet101'],hornbill,0.9998496770858765,most_confident,538.4439999470487,True,n01829413,1.0,,,,,hornbill,,-1.0,-1.0,-1.0,-1.0,0.9998496770858765,-1.0,-1.0,-1.0,-1.0,-1.0,5.976606718460468,-1.0,greedy,1
REQ-00004,10000000,3000,2.0097429752349854,13.7294340133667,['resnet101'],ptarmigan,0.9341170191764832,most_confident,1975.2625420223922,True,n01796340,1.0,,,,,ptarmigan,,-1.0,-1.0,-1.0,-1.0,0.9341170191764832,-1.0,-1.0,-1.0,-1.0,-1.0,5.416574446614422,-1.0,greedy,1
REQ-00005,10000000,3000,0.5374660491943359,18.221621990203857,['resnet101'],common_newt,0.9869639277458191,most_confident,508.9772500214167,True,n01630670,1.0,,,,,common_newt,,-1.0,-1.0,-1.0,-1.0,0.9869639277458191,-1.0,-1.0,-1.0,-1.0,-1.0,4.9757208019529795,-1.0,greedy,1
REQ-00006,10000000,3000,0.6885519027709961,20.173927068710327,['resnet101'],leatherback_turtle,0.9953171014785767,most_confident,662.329749960918,True,n01665541,1.0,,,,,leatherback_turtle,,-1.0,-1.0,-1.0,-1.0,0.9953171014785767,-1.0,-1.0,-1.0,-1.0,-1.0,4.509536921757682,-1.0,greedy,1
REQ-00007,10000000,3000,1.0425500869750977,20.983628034591675,['resnet101'],conch,0.9999097585678101,most_confident,1019.2574160173535,True,n01943899,1.0,,,,,conch,,-1.0,-1.0,-1.0,-1.0,0.9999097585678101,-1.0,-1.0,-1.0,-1.0,-1.0,4.088683629581914,-1.0,greedy,1
REQ-00008,10000000,3000,0.6197168827056885,24.886816024780273,['resnet101'],vine_snake,0.6993085741996765,most_confident,590.833583031781,True,n01739381,1.0,,,,,vine_snake,,-1.0,-1.0,-1.0,-1.0,0.6993085741996765,-1.0,-1.0,-1.0,-1.0,-1.0,3.7572111666237227,-1.0,greedy,1
REQ-00009,10000000,3000,1.2906930446624756,27.49765706062317,['resnet101'],king_snake,0.9996054768562317,most_confident,1259.1658750316128,True,n01537544,1.0,,,,,indigo_bunting,,-1.0,-1.0,-1.0,-1.0,0.9996054768562317,-1.0,-1.0,-1.0,-1.0,-1.0,3.4098297499613506,-1.0,greedy,1
REQ-00010,10000000,3000,0.8342058658599854,44.94916009902954,['resnet101'],white_stork,0.9916453957557678,most_confident,804.8068750067614,True,n02002556,1.0,,,,,white_stork,,-1.0,-1.0,-1.0,-1.0,0.9916453957557678,-1.0,-1.0,-1.0,-1.0,-1.0,3.163246874965216,-1.0,greedy,1
REQ-00011,10000000,3000,0.7496218681335449,46.05621695518494,['resnet101'],green_lizard,0.9220497012138367,most_confident,722.8974160389043,True,n01693334,1.0,,,,,green_lizard,,-1.0,-1.0,-1.0,-1.0,0.9220497012138367,-1.0,-1.0,-1.0,-1.0,-1.0,2.8744142874686944,-1.0,greedy,1
REQ-00012,10000000,3000,3.855151891708374,47.83361601829529,['resnet101'],terrapin,0.5925625562667847,most_confident,3735.9632089501247,True,n01667114,1.0,,,,,terrapin,,-1.0,-1.0,-1.0,-1.0,0.5925625562667847,-1.0,-1.0,-1.0,-1.0,-1.0,2.623915758721825,-1.0,greedy,1
REQ-00013,10000000,3000,3.436875104904175,48.284125089645386,['resnet101'],limpkin,0.7518237829208374,most_confident,3413.8481250265613,True,n02013706,1.0,,,,,limpkin,,-1.0,-1.0,-1.0,-1.0,0.7518237829208374,-1.0,-1.0,-1.0,-1.0,-1.0,2.623915758721825,-1.0,greedy,1
REQ-00000,10000000,3000,0.7335569858551025,1.9073486328125e-06,['resnet101'],electric_ray,0.4623681306838989,most_confident,717.0673339860514,True,n01496331,1.0,,,,,electric_ray,,-1.0,-1.0,-1.0,-1.0,0.4623681306838989,-1.0,-1.0,-1.0,-1.0,-1.0,2.6495788145646784,-1.0,greedy,1
REQ-00002,10000000,3000,1.1197199821472168,2.4434852600097656,['resnet101'],axolotl,0.9999233484268188,most_confident,1094.942208030261,True,n01632777,1.0,,,,,axolotl,,-1.0,-1.0,-1.0,-1.0,0.9999233484268188,-1.0,-1.0,-1.0,-1.0,-1.0,2.4313293331082106,-1.0,greedy,1
REQ-00001,10000000,3000,1.508603811264038,2.156060218811035,['resnet101'],bee_eater,0.7720596790313721,most_confident,1480.356291984208,True,n01828970,1.0,,,,,bee_eater,,-1.0,-1.0,-1.0,-1.0,0.7720596790313721,-1.0,-1.0,-1.0,-1.0,-1.0,2.4313293331082106,-1.0,greedy,1
REQ-00004,10000000,3000,0.6807219982147217,6.090517044067383,['resnet101'],barn_spider,0.7637821435928345,most_confident,655.9072919772007,True,n01773549,1.0,,,,,barn_spider,,-1.0,-1.0,-1.0,-1.0,0.7637821435928345,-1.0,-1.0,-1.0,-1.0,-1.0,2.1781267698176507,-1.0,greedy,1
REQ-00003,10000000,3000,1.3443751335144043,5.440317153930664,['resnet101'],spotted_salamander,0.7588254809379578,most_confident,1308.79795801593,True,n01632458,1.0,,,,,spotted_salamander,,-1.0,-1.0,-1.0,-1.0,0.7588254809379578,-1.0,-1.0,-1.0,-1.0,-1.0,2.1781267698176507,-1.0,greedy,1
REQ-00005,10000000,3000,0.6163527965545654,7.082376956939697,['resnet101'],barn_spider,0.6207117438316345,most_confident,595.0802500010468,True,n01773549,1.0,,,,,barn_spider,,-1.0,-1.0,-1.0,-1.0,0.6207117438316345,-1.0,-1.0,-1.0,-1.0,-1.0,1.9000001735522973,-1.0,greedy,1
REQ-00006,10000000,3000,1.1995091438293457,11.513352155685425,['resnet101'],frilled_lizard,0.5080741047859192,most_confident,1150.815083005,True,n01687978,1.0,,,,,frilled_lizard,,-1.0,-1.0,-1.0,-1.0,0.5080741047859192,-1.0,-1.0,-1.0,-1.0,-1.0,1.7403652561970677,-1.0,greedy,1
REQ-00007,10000000,3000,0.694429874420166,14.061503887176514,['resnet101'],ptarmigan,0.9994730353355408,most_confident,668.6622920096852,True,n01796340,1.0,,,,,ptarmigan,,-1.0,-1.0,-1.0,-1.0,0.9994730353355408,-1.0,-1.0,-1.0,-1.0,-1.0,1.649171630577361,-1.0,greedy,1
REQ-00009,10000000,3000,3.406959056854248,15.206892013549805,['resnet101'],night_snake,0.32123851776123047,most_confident,3359.400832967367,True,n01756291,1.0,,,,,night_snake,,-1.0,-1.0,-1.0,-1.0,0.32123851776123047,-1.0,-1.0,-1.0,-1.0,-1.0,1.514455867519625,-1.0,greedy,1
REQ-00010,10000000,3000,1.0879909992218018,18.499913930892944,['resnet101'],magpie,0.9996320009231567,most_confident,1064.5883330143988,True,n01440764,1.0,,,,,tench,,-1.0,-1.0,-1.0,-1.0,0.9996320009231567,-1.0,-1.0,-1.0,-1.0,-1.0,1.6717514807676626,-1.0,greedy,1
REQ-00008,10000000,3000,4.963241100311279,14.727788925170898,['resnet101'],great_grey_owl,0.9895949363708496,most_confident,4937.376625020988,True,n01622779,1.0,,,,,great_grey_owl,,-1.0,-1.0,-1.0,-1.0,0.9895949363708496,-1.0,-1.0,-1.0,-1.0,-1.0,1.514455867519625,-1.0,greedy,1
REQ-00011,10000000,3000,0.6591217517852783,20.11367917060852,['resnet101'],boa_constrictor,0.9759522080421448,most_confident,631.3128329929896,True,n01742172,1.0,,,,,boa_constrictor,,-1.0,-1.0,-1.0,-1.0,0.9759522080421448,-1.0,-1.0,-1.0,-1.0,-1.0,1.8944764694218068,-1.0,greedy,1
REQ-00012,10000000,3000,1.4135019779205322,24.29959225654602,['resnet101'],wombat,0.9992974996566772,most_confident,1395.9477500175126,True,n01883070,1.0,,,,,wombat,,-1.0,-1.0,-1.0,-1.0,0.9992974996566772,-1.0,-1.0,-1.0,-1.0,-1.0,1.7489139224796262,-1.0,greedy,1
REQ-00013,10000000,3000,0.9657838344573975,28.74100923538208,['resnet101'],flatworm,0.9999759197235107,most_confident,950.8519169758074,True,n01924916,1.0,,,,,flatworm,,-1.0,-1.0,-1.0,-1.0,0.9999759197235107,-1.0,-1.0,-1.0,-1.0,-1.0,1.6056422302316635,-1.0,greedy,1
REQ-00014,10000000,3000,1.2606759071350098,31.384615182876587,['resnet101'],goldfinch,0.9987103939056396,most_confident,1244.8687920114025,True,n01531178,1.0,,,,,goldfinch,,-1.0,-1.0,-1.0,-1.0,0.9987103939056396,-1.0,-1.0,-1.0,-1.0,-1.0,1.511747807208497,-1.0,greedy,1
REQ-00015,10000000,3000,1.4879999160766602,35.15748596191406,['resnet101'],king_snake,0.6444138288497925,most_confident,1448.1859160005115,True,n01773797,1.0,,,,,garden_spider,,-1.0,-1.0,-1.0,-1.0,0.6444138288497925,-1.0,-1.0,-1.0,-1.0,-1.0,1.4632271264876475,-1.0,greedy,1
REQ-00016,10000000,3000,1.6001698970794678,37.04722309112549,['resnet101'],thunder_snake,0.9260992407798767,most_confident,1570.0909579754807,True,n01728572,1.0,,,,,thunder_snake,,-1.0,-1.0,-1.0,-1.0,0.9260992407798767,-1.0,-1.0,-1.0,-1.0,-1.0,1.3576828138388828,-1.0,greedy,1
REQ-00017,10000000,3000,0.721663236618042,42.060396909713745,['resnet101'],vine_snake,0.6647154092788696,most_confident,702.7626250055619,True,n01729977,1.0,,,,,vine_snake,,-1.0,-1.0,-1.0,-1.0,0.6647154092788696,-1.0,-1.0,-1.0,-1.0,-1.0,1.3466726324549945,-1.0,greedy,1
REQ-00018,10000000,3000,1.19638991355896,42.647982120513916,['resnet101'],great_grey_owl,0.9999969005584717,most_confident,1180.3182910080068,True,n01622779,1.0,,,,,great_grey_owl,,-1.0,-1.0,-1.0,-1.0,0.9999969005584717,-1.0,-1.0,-1.0,-1.0,-1.0,1.252648669209495,-1.0,greedy,1
REQ-00019,10000000,3000,1.2261180877685547,44.565995931625366,['resnet101'],agama,0.8836655616760254,most_confident,1201.3338329852559,True,n01687978,1.0,,,,,agama,,-1.0,-1.0,-1.0,-1.0,0.8836655616760254,-1.0,-1.0,-1.0,-1.0,-1.0,1.2185087022885455,-1.0,greedy,1
REQ-00020,10000000,3000,0.6401832103729248,48.00045990943909,['resnet101'],flamingo,0.998478353023529,most_confident,614.2545830225572,True,n02007558,1.0,,,,,flamingo,,-1.0,-1.0,-1.0,-1.0,0.998478353023529,-1.0,-1.0,-1.0,-1.0,-1.0,1.182982632059691,-1.0,greedy,1
REQ-00000,10000000,3000,0.9719409942626953,3.0994415283203125e-06,['resnet101'],cock,0.9654290080070496,most_confident,954.6538750291802,True,n01514668,1.0,,,,,cock,,-1.0,-1.0,-1.0,-1.0,0.9654290080070496,-1.0,-1.0,-1.0,-1.0,-1.0,1.106105468853722,-1.0,greedy,1
REQ-00001,10000000,3000,2.1286940574645996,1.0526371002197266,['resnet101'],flatworm,0.5871020555496216,most_confident,2113.4217079961672,True,n01950731,1.0,,,,,flatworm,,-1.0,-1.0,-1.0,-1.0,0.5871020555496216,-1.0,-1.0,-1.0,-1.0,-1.0,1.0326280219683497,-1.0,greedy,1
REQ-00002,10000000,3000,2.256253957748413,1.7455520629882812,['resnet101'],black_grouse,0.9263594150543213,most_confident,2241.8671249761246,True,n01795545,1.0,,,,,black_grouse,,-1.0,-1.0,-1.0,-1.0,0.9263594150543213,-1.0,-1.0,-1.0,-1.0,-1.0,1.0326280219683497,-1.0,greedy,1
REQ-00003,10000000,3000,0.6870710849761963,8.335829019546509,['resnet101'],red-backed_sandpiper,0.9639101028442383,most_confident,665.4235000023618,True,n02027492,1.0,,,,,red-backed_sandpiper,,-1.0,-1.0,-1.0,-1.0,0.9639101028442383,-1.0,-1.0,-1.0,-1.0,-1.0,1.2110380377943635,-1.0,greedy,1
REQ-00004,10000000,3000,1.0453579425811768,10.885462045669556,['resnet101'],american_coot,0.9999158382415771,most_confident,1012.9289170145057,True,n02018207,1.0,,,,,american_coot,,-1.0,-1.0,-1.0,-1.0,0.9999158382415771,-1.0,-1.0,-1.0,-1.0,-1.0,1.128446334014927,-1.0,greedy,1
REQ-00005,10000000,3000,0.8433089256286621,11.245351076126099,['resnet101'],macaw,0.9998735189437866,most_confident,814.4496669992805,True,n01818515,1.0,,,,,macaw,,-1.0,-1.0,-1.0,-1.0,0.9998735189437866,-1.0,-1.0,-1.0,-1.0,-1.0,1.128446334014927,-1.0,greedy,1
REQ-00006,10000000,3000,0.6481232643127441,17.58860683441162,['resnet101'],tailed_frog,0.9970417618751526,most_confident,618.860415997915,True,n01644900,1.0,,,,,tailed_frog,,-1.0,-1.0,-1.0,-1.0,0.9970417618751526,-1.0,-1.0,-1.0,-1.0,-1.0,1.050318600552091,-1.0,greedy,1
REQ-00007,10000000,3000,1.2344887256622314,22.889214277267456,['resnet101'],hammerhead,0.9805049300193787,most_confident,1208.3144999924116,True,n01494475,1.0,,,,,hammerhead,,-1.0,-1.0,-1.0,-1.0,0.9805049300193787,-1.0,-1.0,-1.0,-1.0,-1.0,0.9798184404968819,-1.0,greedy,1
REQ-00008,10000000,3000,0.843878984451294,32.34473896026611,['resnet101'],hammerhead,0.9920571446418762,most_confident,819.6255000075325,True,n01494475,1.0,,,,,hammerhead,,-1.0,-1.0,-1.0,-1.0,0.9920571446418762,-1.0,-1.0,-1.0,-1.0,-1.0,0.9732477964471938,-1.0,greedy,1
REQ-00009,10000000,3000,0.7251472473144531,44.44514513015747,['resnet101'],magpie,0.900867223739624,most_confident,693.5851250309497,True,n01514859,1.0,,,,,hen,,-1.0,-1.0,-1.0,-1.0,0.900867223739624,-1.0,-1.0,-1.0,-1.0,-1.0,0.9100004168024745,-1.0,greedy,1
REQ-00010,10000000,3000,0.6717731952667236,46.07739305496216,['resnet101'],red-backed_sandpiper,0.9963422417640686,most_confident,627.4303329992108,True,n02027492,1.0,,,,,red-backed_sandpiper,,-1.0,-1.0,-1.0,-1.0,0.9963422417640686,-1.0,-1.0,-1.0,-1.0,-1.0,0.8537773751222271,-1.0,greedy,1
REQ-00011,10000000,3000,1.3041789531707764,46.73050117492676,['resnet101'],pelican,0.9991052746772766,most_confident,1270.5354160279967,True,n02051845,1.0,,,,,pelican,,-1.0,-1.0,-1.0,-1.0,0.9991052746772766,-1.0,-1.0,-1.0,-1.0,-1.0,0.8044390376100043,-1.0,greedy,1
REQ-00012,10000000,3000,0.4840109348297119,49.41895389556885,['resnet101'],hognose_snake,0.9920724034309387,most_confident,456.2794159865007,True,n01729322,1.0,,,,,hognose_snake,,-1.0,-1.0,-1.0,-1.0,0.9920724034309387,-1.0,-1.0,-1.0,-1.0,-1.0,0.820359533849004,-1.0,greedy,1
REQ-00000,10000000,3000,1.2483222484588623,1.9073486328125e-06,['resnet101'],king_snake,0.9971206784248352,most_confident,1236.5029170177877,True,n01820546,1.0,,,,,lorikeet,,-1.0,-1.0,-1.0,-1.0,0.9971206784248352,-1.0,-1.0,-1.0,-1.0,-1.0,0.7607104804641036,-1.0,greedy,1
REQ-00001,10000000,3000,1.1802749633789062,0.8842458724975586,['resnet101'],axolotl,0.9940981864929199,most_confident,1166.0546659841202,True,n01632777,1.0,,,,,axolotl,,-1.0,-1.0,-1.0,-1.0,0.9940981864929199,-1.0,-1.0,-1.0,-1.0,-1.0,0.7638315324176933,-1.0,greedy,1
REQ-00002,10000000,3000,1.0663228034973145,2.9457967281341553,['resnet101'],common_iguana,0.9948886036872864,most_confident,1050.3668340388685,True,n01677366,1.0,,,,,common_iguana,,-1.0,-1.0,-1.0,-1.0,0.9948886036872864,-1.0,-1.0,-1.0,-1.0,-1.0,0.7545904791759239,-1.0,greedy,1
REQ-00004,10000000,3000,2.5416481494903564,4.449413776397705,['resnet101'],wallaby,0.9998376369476318,most_confident,2523.5413749469444,True,n01877812,1.0,,,,,wallaby,,-1.0,-1.0,-1.0,-1.0,0.9998376369476318,-1.0,-1.0,-1.0,-1.0,-1.0,0.7606344312583315,-1.0,greedy,1
REQ-00003,10000000,3000,2.7188680171966553,4.311529874801636,['resnet101'],sea_slug,0.9991776347160339,most_confident,2699.2797079728916,True,n01950731,1.0,,,,,sea_slug,,-1.0,-1.0,-1.0,-1.0,0.9991776347160339,-1.0,-1.0,-1.0,-1.0,-1.0,0.7606344312583315,-1.0,greedy,1
REQ-00005,10000000,3000,0.7696259021759033,12.184885025024414,['resnet101'],rock_crab,0.9889464974403381,most_confident,739.5785840344615,True,n01978455,1.0,,,,,rock_crab,,-1.0,-1.0,-1.0,-1.0,0.9889464974403381,-1.0,-1.0,-1.0,-1.0,-1.0,1.0807958093192487,-1.0,greedy,1
REQ-00006,10000000,3000,0.5400919914245605,12.614591836929321,['resnet101'],sea_lion,0.8869636058807373,most_confident,515.0333750061691,True,n02077923,1.0,,,,,sea_lion,,-1.0,-1.0,-1.0,-1.0,0.8869636058807373,-1.0,-1.0,-1.0,-1.0,-1.0,1.0807958093192487,-1.0,greedy,1
REQ-00007,10000000,3000,0.5544579029083252,16.04969596862793,['resnet101'],loggerhead,0.9115347266197205,most_confident,539.5132920239121,True,n01664065,1.0,,,,,loggerhead,,-1.0,-1.0,-1.0,-1.0,0.9115347266197205,-1.0,-1.0,-1.0,-1.0,-1.0,0.9508192155485914,-1.0,greedy,1
REQ-00008,10000000,3000,0.601309061050415,18.564944744110107,['resnet101'],indigo_bunting,0.9978146553039551,most_confident,589.6208750200458,True,n01537544,1.0,,,,,indigo_bunting,,-1.0,-1.0,-1.0,-1.0,0.9978146553039551,-1.0,-1.0,-1.0,-1.0,-1.0,0.8832497939937323,-1.0,greedy,1
REQ-00009,10000000,3000,0.5340240001678467,20.22686195373535,['resnet101'],dungeness_crab,0.9536762833595276,most_confident,504.39879100304097,True,n01978287,1.0,,,,,dungeness_crab,,-1.0,-1.0,-1.0,-1.0,0.9536762833595276,-1.0,-1.0,-1.0,-1.0,-1.0,0.8248168145943591,-1.0,greedy,1
REQ-00010,10000000,3000,1.2922420501708984,21.610779762268066,['resnet101'],jellyfish,0.9999822378158569,most_confident,1270.4639580333605,True,n01910747,1.0,,,,,jellyfish,,-1.0,-1.0,-1.0,-1.0,0.9999822378158569,-1.0,-1.0,-1.0,-1.0,-1.0,0.7722109331349232,-1.0,greedy,1
REQ-00011,10000000,3000,0.5145800113677979,27.707600831985474,['resnet101'],hammerhead,0.9677910804748535,most_confident,485.70745799224824,True,n01494475,1.0,,,,,hammerhead,,-1.0,-1.0,-1.0,-1.0,0.9677910804748535,-1.0,-1.0,-1.0,-1.0,-1.0,0.7324029398214309,-1.0,greedy,1
REQ-00012,10000000,3000,0.8654141426086426,31.03693389892578,['resnet101'],barn_spider,0.7195366621017456,most_confident,836.7086249636486,True,n01773549,1.0,,,,,barn_spider,,-1.0,-1.0,-1.0,-1.0,0.7195366621017456,-1.0,-1.0,-1.0,-1.0,-1.0,0.6865956458392879,-1.0,greedy,1
REQ-00013,10000000,3000,0.6388378143310547,32.658591985702515,['resnet101'],macaw,0.9998922348022461,most_confident,610.7391670229845,True,n01818515,1.0,,,,,macaw,,-1.0,-1.0,-1.0,-1.0,0.9998922348022461,-1.0,-1.0,-1.0,-1.0,-1.0,0.6830959812553592,-1.0,greedy,1
REQ-00014,10000000,3000,0.6328668594360352,34.274582862854004,['resnet101'],magpie,0.9999911785125732,most_confident,604.2017909931019,True,n01819313,1.0,,,,,sulphur-crested_cockatoo,,-1.0,-1.0,-1.0,-1.0,0.9999911785125732,-1.0,-1.0,-1.0,-1.0,-1.0,0.6442172831298233,-1.0,greedy,1
REQ-00015,10000000,3000,0.5840620994567871,37.636162996292114,['resnet101'],black_grouse,0.9998594522476196,most_confident,558.6715000099503,True,n01795545,1.0,,,,,black_grouse,,-1.0,-1.0,-1.0,-1.0,0.9998594522476196,-1.0,-1.0,-1.0,-1.0,-1.0,0.608769354816841,-1.0,greedy,1
REQ-00016,10000000,3000,0.595081090927124,40.36290788650513,['resnet101'],sea_snake,0.9560556411743164,most_confident,561.2193749984726,True,n01751748,1.0,,,,,sea_snake,,-1.0,-1.0,-1.0,-1.0,0.9560556411743164,-1.0,-1.0,-1.0,-1.0,-1.0,0.575655219335157,-1.0,greedy,1
REQ-00000,10000000,3000,3.2830960750579834,1.9073486328125e-06,['resnet101'],whiptail,0.9931806325912476,most_confident,3257.7878330484964,True,n01685808,1.0,,,,,whiptail,,-1.0,-1.0,-1.0,-1.0,0.9931806325912476,-1.0,-1.0,-1.0,-1.0,-1.0,0.5521776974016412,-1.0,greedy,1
REQ-00004,10000000,3000,0.40294885635375977,5.459739923477173,-1,-1,0.0,FAILED,-1,False,,-1,,,,,,,-1.0,-1.0,-1.0,-1.0,-1.0,-1.0,-1.0,-1.0,-1.0,-1.0,6.274705780770001,-1.0,,
REQ-00003,10000000,3000,1.800037145614624,4.380495071411133,['resnet101'],flatworm,0.46344947814941406,most_confident,1784.198166045826,True,n01950731,1.0,,,,,flatworm,,-1.0,-1.0,-1.0,-1.0,0.46344947814941406,-1.0,-1.0,-1.0,-1.0,-1.0,0.8015010276614771,-1.0,greedy,1
REQ-00001,10000000,3000,5.411051034927368,0.8203048706054688,['resnet101'],king_snake,0.9729219675064087,most_confident,5390.286749985535,True,n01734418,1.0,,,,,king_snake,,-1.0,-1.0,-1.0,-1.0,0.9729219675064087,-1.0,-1.0,-1.0,-1.0,-1.0,0.5521776974016412,-1.0,greedy,1
REQ-00002,10000000,3000,11.739228963851929,1.7848188877105713,['resnet101'],coucal,0.9999594688415527,most_confident,11719.42645899253,True,n01824575,1.0,,,,,coucal,,-1.0,-1.0,-1.0,-1.0,0.9999594688415527,-1.0,-1.0,-1.0,-1.0,-1.0,0.5521776974016412,-1.0,greedy,1
REQ-00006,10000000,3000,17.59469509124756,8.591179847717285,['resnet101'],toucan,0.9998962879180908,most_confident,17561.742624966428,True,n01843383,1.0,,,,,toucan,,-1.0,-1.0,-1.0,-1.0,0.9998962879180908,-1.0,-1.0,-1.0,-1.0,-1.0,1.3207687224057967,-1.0,greedy,1
REQ-00005,10000000,3000,27.172837018966675,6.219505786895752,['resnet101'],magpie,0.9993382096290588,most_confident,27154.44362501148,True,n01986214,1.0,,,,,hermit_crab,,-1.0,-1.0,-1.0,-1.0,0.9993382096290588,-1.0,-1.0,-1.0,-1.0,-1.0,1.3207687224057967,-1.0,greedy,1
REQ-00011,10000000,3000,27.55332899093628,25.969242095947266,['resnet101'],barn_spider,0.7196891903877258,most_confident,27511.573707975913,True,n01773549,1.0,,,,,barn_spider,,-1.0,-1.0,-1.0,-1.0,0.7196891903877258,-1.0,-1.0,-1.0,-1.0,-1.0,2.343939150165217,-1.0,greedy,1
REQ-00013,10000000,3000,28.61433696746826,34.68625092506409,['resnet101'],chickadee,0.9992640614509583,most_confident,28581.844083033502,True,n01592084,1.0,,,,,chickadee,,-1.0,-1.0,-1.0,-1.0,0.9992640614509583,-1.0,-1.0,-1.0,-1.0,-1.0,6.158742721633826,-1.0,greedy,1
REQ-00012,10000000,3000,29.93091106414795,33.41138291358948,['resnet101'],hammerhead,0.994509756565094,most_confident,29907.871333009098,True,n01494475,1.0,,,,,hammerhead,,-1.0,-1.0,-1.0,-1.0,0.994509756565094,-1.0,-1.0,-1.0,-1.0,-1.0,6.158742721633826,-1.0,greedy,1
REQ-00000,10000000,3000,0.7546310424804688,1.9073486328125e-06,['resnet101'],black_widow,0.9997850060462952,most_confident,734.5532079925761,True,n01774384,1.0,,,,,black_widow,,-1.0,-1.0,-1.0,-1.0,0.9997850060462952,-1.0,-1.0,-1.0,-1.0,-1.0,12.23362656407106,-1.0,greedy,1
REQ-00001,10000000,3000,1.0663301944732666,6.655582904815674,['resnet101'],water_ouzel,0.9886355400085449,most_confident,1038.840707973577,True,n01601694,1.0,,,,,water_ouzel,,-1.0,-1.0,-1.0,-1.0,0.9886355400085449,-1.0,-1.0,-1.0,-1.0,-1.0,11.057248807663953,-1.0,greedy,1
REQ-00002,10000000,3000,1.3477282524108887,8.422185897827148,['resnet101'],harvestman,0.999717652797699,most_confident,1323.7409580033273,True,n01770081,1.0,,,,,harvestman,,-1.0,-1.0,-1.0,-1.0,0.999717652797699,-1.0,-1.0,-1.0,-1.0,-1.0,10.031798126897558,-1.0,greedy,1
REQ-00003,10000000,3000,0.6283090114593506,12.011752128601074,['resnet101'],king_snake,0.9999008178710938,most_confident,592.5034589599818,True,n01806143,1.0,,,,,peacock,,-1.0,-1.0,-1.0,-1.0,0.9999008178710938,-1.0,-1.0,-1.0,-1.0,-1.0,9.063447914207803,-1.0,greedy,1
REQ-00004,10000000,3000,1.0039880275726318,16.633860111236572,['resnet101'],diamondback,0.9475696086883545,most_confident,977.0739999949001,True,n01755581,1.0,,,,,diamondback,,-1.0,-1.0,-1.0,-1.0,0.9475696086883545,-1.0,-1.0,-1.0,-1.0,-1.0,8.196722022787023,-1.0,greedy,1
REQ-00005,10000000,3000,1.31368088722229,22.381777048110962,['resnet101'],bittern,0.9995699524879456,most_confident,1289.2540419707075,True,n02011460,1.0,,,,,bittern,,-1.0,-1.0,-1.0,-1.0,0.9995699524879456,-1.0,-1.0,-1.0,-1.0,-1.0,7.456040520508322,-1.0,greedy,1
REQ-00006,10000000,3000,0.8357267379760742,28.80851101875305,['resnet101'],goldfinch,0.999896764755249,most_confident,809.4249159912579,True,n01531178,1.0,,,,,goldfinch,,-1.0,-1.0,-1.0,-1.0,0.999896764755249,-1.0,-1.0,-1.0,-1.0,-1.0,6.804079668457489,-1.0,greedy,1
REQ-00007,10000000,3000,0.8244569301605225,29.321859121322632,['resnet101'],bittern,0.9999423027038574,most_confident,785.2230410207994,True,n02011460,1.0,,,,,bittern,,-1.0,-1.0,-1.0,-1.0,0.9999423027038574,-1.0,-1.0,-1.0,-1.0,-1.0,6.15694040161174,-1.0,greedy,1
REQ-00008,10000000,3000,1.5064060688018799,31.125872135162354,['resnet101'],limpkin,0.9999287128448486,most_confident,1475.3733340185136,True,n02013706,1.0,,,,,limpkin,,-1.0,-1.0,-1.0,-1.0,0.9999287128448486,-1.0,-1.0,-1.0,-1.0,-1.0,5.562042861450567,-1.0,greedy,1
REQ-00009,10000000,3000,0.7914829254150391,33.04278898239136,['resnet101'],coucal,0.9999743700027466,most_confident,762.4287499929778,True,n01824575,1.0,,,,,coucal,,-1.0,-1.0,-1.0,-1.0,0.9999743700027466,-1.0,-1.0,-1.0,-1.0,-1.0,5.122324975305511,-1.0,greedy,1
REQ-00011,10000000,3000,25.841471910476685,34.83310794830322,['resnet101'],jellyfish,0.9999990463256836,most_confident,25791.056375019252,True,n01910747,1.0,,,,,jellyfish,,-1.0,-1.0,-1.0,-1.0,0.9999990463256836,-1.0,-1.0,-1.0,-1.0,-1.0,4.64492527777496,-1.0,greedy,1
REQ-00010,10000000,3000,29.14846420288086,34.70879602432251,['resnet101'],goose,0.996347963809967,most_confident,29127.054999989923,True,n01855672,1.0,,,,,goose,,-1.0,-1.0,-1.0,-1.0,0.996347963809967,-1.0,-1.0,-1.0,-1.0,-1.0,4.64492527777496,-1.0,greedy,1
REQ-00012,10000000,3000,30.827054977416992,34.85563111305237,['resnet101'],king_snake,0.9840052127838135,most_confident,30682.484041026328,True,n01734418,1.0,,,,,king_snake,,-1.0,-1.0,-1.0,-1.0,0.9840052127838135,-1.0,-1.0,-1.0,-1.0,-1.0,4.64492527777496,-1.0,greedy,1
REQ-00000,10000000,3000,0.4592423439025879,3.0994415283203125e-06,['resnet101'],green_snake,0.8060627579689026,most_confident,442.3872919869609,True,n01729977,1.0,,,,,green_snake,,-1.0,-1.0,-1.0,-1.0,0.8060627579689026,-1.0,-1.0,-1.0,-1.0,-1.0,0.6967863184701161,-1.0,greedy,1
REQ-00001,10000000,3000,0.4283421039581299,2.2098028659820557,['resnet101'],american_chameleon,0.5471203327178955,most_confident,405.7702920399606,True,n01693334,1.0,,,,,american_chameleon,,-1.0,-1.0,-1.0,-1.0,0.5471203327178955,-1.0,-1.0,-1.0,-1.0,-1.0,0.6473234866231045,-1.0,greedy,1
REQ-00002,10000000,3000,0.8762760162353516,9.112369060516357,['resnet101'],tiger_shark,0.43447649478912354,most_confident,849.3694589706138,True,n01494475,1.0,,,,,tiger_shark,,-1.0,-1.0,-1.0,-1.0,0.43447649478912354,-1.0,-1.0,-1.0,-1.0,-1.0,0.603656037960794,-1.0,greedy,1
REQ-00003,10000000,3000,0.9204351902008057,10.092153072357178,['resnet101'],boa_constrictor,0.9143576622009277,most_confident,883.4895829786547,True,n01742172,1.0,,,,,boa_constrictor,,-1.0,-1.0,-1.0,-1.0,0.9143576622009277,-1.0,-1.0,-1.0,-1.0,-1.0,0.5745062341647147,-1.0,greedy,1
REQ-00004,10000000,3000,1.0790989398956299,11.02491807937622,['resnet101'],loggerhead,0.8425329923629761,most_confident,1057.5452920165844,True,n01664065,1.0,,,,,loggerhead,,-1.0,-1.0,-1.0,-1.0,0.8425329923629761,-1.0,-1.0,-1.0,-1.0,-1.0,0.5858707107482433,-1.0,greedy,1
REQ-00005,10000000,3000,0.6024010181427002,16.724982023239136,['resnet101'],magpie,0.8773971199989319,most_confident,572.3772500059567,True,n01773157,1.0,,,,,black_and_gold_garden_spider,,-1.0,-1.0,-1.0,-1.0,0.8773971199989319,-1.0,-1.0,-1.0,-1.0,-1.0,0.6106979396734189,-1.0,greedy,1
REQ-00006,10000000,3000,0.48640012741088867,20.69837999343872,['resnet101'],black_and_gold_garden_spider,0.7468731999397278,most_confident,463.6720839771442,True,n01773157,1.0,,,,,black_and_gold_garden_spider,,-1.0,-1.0,-1.0,-1.0,0.7468731999397278,-1.0,-1.0,-1.0,-1.0,-1.0,0.580041045706077,-1.0,greedy,1
REQ-00007,10000000,3000,0.8218581676483154,21.524307250976562,['resnet101'],hornbill,0.998327910900116,most_confident,794.8602910037152,True,n01829413,1.0,,,,,hornbill,,-1.0,-1.0,-1.0,-1.0,0.498327910900116,-1.0,-1.0,-1.0,-1.0,-1.0,0.5529846411354693,-1.0,greedy,1
REQ-00008,10000000,3000,0.5199990272521973,25.019495010375977,['resnet101'],whiptail,0.9966765642166138,most_confident,506.2749999924563,True,n01685808,1.0,,,,,whiptail,,-1.0,-1.0,-1.0,-1.0,0.4966765642166138,-1.0,-1.0,-1.0,-1.0,-1.0,0.5510445770219223,-1.0,greedy,1
REQ-00009,10000000,3000,0.5906097888946533,29.23894500732422,['resnet101'],tick,0.9982540011405945,most_confident,562.208459014073,True,n01776313,1.0,,,,,tick,,-1.0,-1.0,-1.0,-1.0,0.9982540011405945,-1.0,-1.0,-1.0,-1.0,-1.0,0.5286121193197301,-1.0,greedy,1
REQ-00010,10000000,3000,0.8041162490844727,43.426610231399536,['resnet101'],great_grey_owl,0.9995669722557068,most_confident,633.7875840254128,True,n01622779,1.0,,,,,great_grey_owl,,-1.0,-1.0,-1.0,-1.0,0.9995669722557068,-1.0,-1.0,-1.0,-1.0,-1.0,0.515234207387757,-1.0,greedy,1
REQ-00000,10000000,3000,0.47997212409973145,3.0994415283203125e-06,['resnet101'],lorikeet,0.9999372959136963,most_confident,466.13804204389453,True,n01820546,1.0,,,,,lorikeet,,-1.0,-1.0,-1.0,-1.0,0.5999372959136963,-1.0,-1.0,-1.0,-1.0,-1.0,0.4935524866489813,-1.0,greedy,1
REQ-00001,10000000,3000,0.6063001155853271,3.3511159420013428,['resnet101'],crane,0.8908370733261108,most_confident,571.7906660283916,True,n02012849,1.0,,,,,crane,,-1.0,-1.0,-1.0,-1.0,0.7908370733261108,-1.0,-1.0,-1.0,-1.0,-1.0,0.47282233798408324,-1.0,greedy,1
REQ-00002,10000000,3000,0.49098896980285645,3.842890977859497,['resnet101'],flatworm,0.9818912148475647,most_confident,463.5482919984497,True,n01924916,1.0,,,,,flatworm,,-1.0,-1.0,-1.0,-1.0,0.7818912148475647,-1.0,-1.0,-1.0,-1.0,-1.0,0.45584240418567495,-1.0,greedy,1
REQ-00003,10000000,3000,0.5222101211547852,4.995975971221924,['resnet101'],bald_eagle,0.9996904134750366,most_confident,501.1423340183683,True,n01614925,1.0,,,,,bald_eagle,,-1.0,-1.0,-1.0,-1.0,0.9996904134750366,-1.0,-1.0,-1.0,-1.0,-1.0,0.4394841637671074,-1.0,greedy,1
REQ-00004,10000000,3000,0.5165078639984131,6.218639135360718,['resnet101'],goldfish,0.9999821186065674,most_confident,489.7887910483405,True,n01443537,1.0,,,,,goldfish,,-1.0,-1.0,-1.0,-1.0,0.4999821186065674,-1.0,-1.0,-1.0,-1.0,-1.0,0.4287183473903967,-1.0,greedy,1
REQ-00005,10000000,3000,1.2891559600830078,6.936760187149048,['resnet101'],wolf_spider,0.9330086708068848,most_confident,1261.432082974352,True,n01775062,1.0,,,,,wolf_spider,,-1.0,-1.0,-1.0,-1.0,0.9330086708068848,-1.0,-1.0,-1.0,-1.0,-1.0,0.4167577126513571,-1.0,greedy,1
REQ-00006,10000000,3000,0.5095736980438232,8.966592073440552,['resnet101'],diamondback,0.42359817028045654,most_confident,478.607541997917,True,n01756291,1.0,,,,,diamondback,,-1.0,-1.0,-1.0,-1.0,0.42359817028045654,-1.0,-1.0,-1.0,-1.0,-1.0,0.4720409413862214,-1.0,greedy,1
REQ-00007,10000000,3000,0.6058659553527832,11.91904902458191,['resnet101'],loggerhead,0.997366726398468,most_confident,579.1251249611378,True,n01664065,1.0,,,,,loggerhead,,-1.0,-1.0,-1.0,-1.0,0.997366726398468,-1.0,-1.0,-1.0,-1.0,-1.0,0.4555458472475992,-1.0,greedy,1
REQ-00008,10000000,3000,0.6988699436187744,13.260993957519531,['resnet101'],water_ouzel,0.9925001263618469,most_confident,673.618583008647,True,n01601694,1.0,,,,,water_ouzel,,-1.0,-1.0,-1.0,-1.0,0.6925001263618469,-1.0,-1.0,-1.0,-1.0,-1.0,0.4413574625228393,-1.0,greedy,1
REQ-00009,10000000,3000,0.9725139141082764,17.129817008972168,['resnet101'],conch,0.9442550539970398,most_confident,949.5344999595545,True,n01943899,1.0,,,,,conch,,-1.0,-1.0,-1.0,-1.0,0.5442550539970398,-1.0,-1.0,-1.0,-1.0,-1.0,0.42817421627055535,-1.0,greedy,1
REQ-00010,10000000,3000,0.6558802127838135,20.781264066696167,['resnet101'],king_snake,0.9951583743095398,most_confident,633.8123750174418,True,n01795545,1.0,,,,,black_grouse,,-1.0,-1.0,-1.0,-1.0,0.6951583743095398,-1.0,-1.0,-1.0,-1.0,-1.0,0.46326829464349983,-1.0,greedy,1
REQ-00013,10000000,3000,29.874818086624146,23.30432415008545,['resnet101'],bittern,0.995248019695282,most_confident,29752.98870902043,True,n02011460,1.0,,,,,bittern,,-1.0,-1.0,-1.0,-1.0,0.995248019695282,-1.0,-1.0,-1.0,-1.0,-1.0,0.4464895651791499,-1.0,greedy,1
REQ-00011,10000000,3000,31.29744601249695,23.003013134002686,['resnet101'],bee_eater,0.999933123588562,most_confident,31276.216833968647,True,n01828970,1.0,,,,,bee_eater,,-1.0,-1.0,-1.0,-1.0,0.899933123588562,-1.0,-1.0,-1.0,-1.0,-1.0,0.4464895651791499,-1.0,greedy,1
REQ-00012,10000000,3000,32.02271628379822,23.20736789703369,['resnet101'],kite,0.9567021131515503,most_confident,31999.852792010643,True,n01608432,1.0,,,,,kite,,-1.0,-1.0,-1.0,-1.0,0.9567021131515503,-1.0,-1.0,-1.0,-1.0,-1.0,0.4464895651791499,-1.0,greedy,1
REQ-00001,10000,3000,24.849225997924805,0.06301712989807129,['resnet101'],white_stork,0.9402297735214233,most_confident,24783.992499986198,True,n02002556,1.0,,,,,white_stork,,-1.0,-1.0,-1.0,-1.0,0.3402297735214233,-1.0,-1.0,-1.0,-1.0,-1.0,0.7127928702105776,-1.0,greedy,1
REQ-00005,10000,3000,16.476143836975098,9.860154151916504,['resnet101'],barn_spider,0.9965999722480774,most_confident,16452.57024996681,True,n01773549,1.0,,,,,barn_spider,,-1.0,-1.0,-1.0,-1.0,0.9965999722480774,-1.0,-1.0,-1.0,-1.0,-1.0,0.7127928702105776,-1.0,greedy,1
REQ-00002,10000,3000,29.58681607246399,1.1203649044036865,['resnet101'],horned_viper,0.563716471195221,most_confident,29460.920832992997,True,n01756291,1.0,,,,,horned_viper,,-1.0,-1.0,-1.0,-1.0,0.563716471195221,-1.0,-1.0,-1.0,-1.0,-1.0,0.7127928702105776,-1.0,greedy,1
REQ-00000,10000,3000,36.66958785057068,3.0994415283203125e-06,['resnet101'],snail,0.9488065242767334,most_confident,36650.42945794994,True,n01944390,1.0,,,,,snail,,-1.0,-1.0,-1.0,-1.0,0.9488065242767334,-1.0,-1.0,-1.0,-1.0,-1.0,0.7127928702105776,-1.0,greedy,1
REQ-00007,10000,3000,25.619257926940918,12.734251976013184,['resnet101'],goldfish,0.9999120235443115,most_confident,25602.855457982514,True,n01443537,1.0,,,,,goldfish,,-1.0,-1.0,-1.0,-1.0,0.9999120235443115,-1.0,-1.0,-1.0,-1.0,-1.0,47.61301047665883,-1.0,greedy,1
REQ-00003,10000,3000,36.47215270996094,2.551568031311035,['resnet101'],pelican,0.9998049139976501,most_confident,36442.43962498149,True,n02051845,1.0,,,,,pelican,,-1.0,-1.0,-1.0,-1.0,0.7998049139976501,-1.0,-1.0,-1.0,-1.0,-1.0,0.7127928702105776,-1.0,greedy,1
REQ-00004,10000,3000,37.11000418663025,4.47281813621521,['resnet101'],goldfish,0.9998196959495544,most_confident,37089.38537497306,True,n01443537,1.0,,,,,goldfish,,-1.0,-1.0,-1.0,-1.0,0.7998196959495544,-1.0,-1.0,-1.0,-1.0,-1.0,0.7127928702105776,-1.0,greedy,1
REQ-00010,10000,3000,31.062790870666504,15.308237075805664,['resnet101'],conch,0.9999489784240723,most_confident,31033.07083301479,True,n01943899,1.0,,,,,conch,,-1.0,-1.0,-1.0,-1.0,0.6999489784240723,-1.0,-1.0,-1.0,-1.0,-1.0,47.61301047665883,-1.0,greedy,1
REQ-00013,10000,3000,38.36910605430603,16.116146087646484,['resnet101'],king_snake,0.8558065295219421,most_confident,38346.02024999913,True,n01924916,1.0,,,,,flatworm,,-1.0,-1.0,-1.0,-1.0,0.8558065295219421,-1.0,-1.0,-1.0,-1.0,-1.0,47.61301047665883,-1.0,greedy,1
REQ-00006,10000,3000,46.446330070495605,12.645872116088867,['resnet101'],flatworm,0.9994574189186096,most_confident,46426.808374992106,True,n01924916,1.0,,,,,flatworm,,-1.0,-1.0,-1.0,-1.0,0.9994574189186096,-1.0,-1.0,-1.0,-1.0,-1.0,23.806505238329414,-1.0,greedy,1
REQ-00014,10000,3000,45.3405179977417,18.014827013015747,['resnet101'],agama,0.9999567270278931,most_confident,45310.140749963466,True,n01687978,1.0,,,,,agama,,-1.0,-1.0,-1.0,-1.0,0.4999567270278931,-1.0,-1.0,-1.0,-1.0,-1.0,47.61301047665883,-1.0,greedy,1
REQ-00008,10000,3000,52.77522921562195,13.17762303352356,['resnet101'],thunder_snake,0.9771804809570312,most_confident,52744.49866602663,True,n01728572,1.0,,,,,thunder_snake,,-1.0,-1.0,-1.0,-1.0,0.8771804809570312,-1.0,-1.0,-1.0,-1.0,-1.0,47.61301047665883,-1.0,greedy,1
REQ-00016,10000,3000,47.739758014678955,22.210356950759888,['resnet101'],night_snake,0.7367582321166992,most_confident,47709.47983401129,True,n01742172,1.0,,,,,night_snake,,-1.0,-1.0,-1.0,-1.0,0.4367582321166992,-1.0,-1.0,-1.0,-1.0,-1.0,47.61301047665883,-1.0,greedy,1
REQ-00009,10000,3000,55.77482199668884,14.188506126403809,['resnet101'],red-backed_sandpiper,0.3986974596977234,most_confident,55736.80112505099,True,n02027492,1.0,,,,,red-backed_sandpiper,,-1.0,-1.0,-1.0,-1.0,0.9986974596977234,-1.0,-1.0,-1.0,-1.0,-1.0,47.61301047665883,-1.0,greedy,1
REQ-00011,10000,3000,60.14435887336731,15.802044153213501,['resnet101'],toucan,0.9999510049819946,most_confident,60118.25633299304,True,n01843383,1.0,,,,,toucan,,-1.0,-1.0,-1.0,-1.0,0.7999510049819946,-1.0,-1.0,-1.0,-1.0,-1.0,47.61301047665883,-1.0,greedy,1
REQ-00012,10000,3000,62.335774183273315,15.90360403060913,['resnet101'],hornbill,0.4997267127037048,most_confident,62309.9911659956,True,n01829413,1.0,,,,,hornbill,,-1.0,-1.0,-1.0,-1.0,0.9997267127037048,-1.0,-1.0,-1.0,-1.0,-1.0,47.61301047665883,-1.0,greedy,1
REQ-00018,10000,3000,49.503636837005615,35.992780923843384,['resnet101'],sea_snake,0.9995359182357788,most_confident,49466.442207980435,True,n01751748,1.0,,,,,sea_snake,,-1.0,-1.0,-1.0,-1.0,0.6995359182357788,-1.0,-1.0,-1.0,-1.0,-1.0,47.61301047665883,-1.0,greedy,1
REQ-00022,10000,3000,45.70472502708435,46.713791847229004,['resnet101'],axolotl,0.9976006150245667,most_confident,45661.52037499705,True,n01632777,1.0,,,,,axolotl,,-1.0,-1.0,-1.0,-1.0,0.9976006150245667,-1.0,-1.0,-1.0,-1.0,-1.0,47.61301047665883,-1.0,greedy,1
REQ-00015,10000,3000,73.34987211227417,21.138050079345703,['resnet101'],magpie,0.9993392825126648,most_confident,73316.39016699046,True,n02012849,1.0,,,,,crane,,-1.0,-1.0,-1.0,-1.0,0.9993392825126648,-1.0,-1.0,-1.0,-1.0,-1.0,47.61301047665883,-1.0,greedy,1
REQ-00023,10000,3000,51.509217977523804,47.86175513267517,['resnet101'],great_white_shark,0.9949702620506287,most_confident,51482.563207973726,True,n01484850,1.0,,,,,great_white_shark,,-1.0,-1.0,-1.0,-1.0,0.9949702620506287,-1.0,-1.0,-1.0,-1.0,-1.0,47.61301047665883,-1.0,greedy,1
REQ-00017,10000,3000,71.49576807022095,29.16965389251709,['resnet101'],oystercatcher,0.9998302459716797,most_confident,71467.67366694985,True,n02037110,1.0,,,,,oystercatcher,,-1.0,-1.0,-1.0,-1.0,0.6998302459716797,-1.0,-1.0,-1.0,-1.0,-1.0,47.61301047665883,-1.0,greedy,1
REQ-00019,10000,3000,68.69545125961304,36.702110290527344,['resnet101'],bittern,0.9999446868896484,most_confident,68661.70916700503,True,n02011460,1.0,,,,,bittern,,-1.0,-1.0,-1.0,-1.0,0.7999446868896484,-1.0,-1.0,-1.0,-1.0,-1.0,47.61301047665883,-1.0,greedy,1
REQ-00020,10000,3000,70.24247694015503,37.38380002975464,['resnet101'],flatworm,0.8809402823448181,most_confident,70217.2418750124,True,n01924916,1.0,,,,,flatworm,,-1.0,-1.0,-1.0,-1.0,0.6809402823448181,-1.0,-1.0,-1.0,-1.0,-1.0,47.61301047665883,-1.0,greedy,1
REQ-00021,10000,3000,65.59846091270447,42.776968240737915,['resnet101'],bee_eater,0.6999226331710815,most_confident,65577.38341699587,True,n01828970,1.0,,,,,bee_eater,,-1.0,-1.0,-1.0,-1.0,0.6999226331710815,-1.0,-1.0,-1.0,-1.0,-1.0,47.61301047665883,-1.0,greedy,1
REQ-00000,10000,3000,1.4771101474761963,2.1457672119140625e-06,['resnet101'],axolotl,0.9997848868370056,most_confident,1447.6874999818392,True,n01632777,1.0,,,,,axolotl,,-1.0,-1.0,-1.0,-1.0,0.6997848868370056,-1.0,-1.0,-1.0,-1.0,-1.0,24.117763625864217,-1.0,greedy,1
REQ-00001,10000,3000,0.7406222820281982,0.7596380710601807,['resnet101'],green_snake,0.6789784550666809,most_confident,723.2819169876166,True,n01729977,1.0,,,,,green_snake,,-1.0,-1.0,-1.0,-1.0,0.5789784550666809,-1.0,-1.0,-1.0,-1.0,-1.0,24.117763625864217,-1.0,greedy,1
REQ-00002,10000,3000,1.7268249988555908,1.8328871726989746,['resnet101'],american_coot,0.9979782700538635,most_confident,1713.0752080120146,True,n02018207,1.0,,,,,american_coot,,-1.0,-1.0,-1.0,-1.0,0.9979782700538635,-1.0,-1.0,-1.0,-1.0,-1.0,19.670060636950016,-1.0,greedy,1
REQ-00003,10000,3000,1.386139154434204,7.130415201187134,['resnet101'],peacock,0.9999901056289673,most_confident,1346.8950410024263,True,n01806143,1.0,,,,,peacock,,-1.0,-1.0,-1.0,-1.0,0.6999901056289673,-1.0,-1.0,-1.0,-1.0,-1.0,17.827075573255012,-1.0,greedy,1
REQ-00004,10000,3000,1.311699390411377,9.252750158309937,['resnet101'],night_snake,0.4444985091686249,most_confident,1283.929832978174,True,n01740131,1.0,,,,,night_snake,,-1.0,-1.0,-1.0,-1.0,0.4444985091686249,-1.0,-1.0,-1.0,-1.0,-1.0,16.142699915929512,-1.0,greedy,1
REQ-00005,10000,3000,2.239089250564575,11.222506999969482,['resnet101'],king_snake,0.7911636114120483,most_confident,2184.9058330408297,True,n01985128,1.0,,,,,spiny_lobster,,-1.0,-1.0,-1.0,-1.0,0.9911636114120483,-1.0,-1.0,-1.0,-1.0,-1.0,14.626348724336562,-1.0,greedy,1
REQ-00006,10000,3000,1.4124929904937744,14.045138120651245,['resnet101'],flamingo,0.7999997615814209,most_confident,1381.7565419594757,True,n02007558,1.0,,,,,flamingo,,-1.0,-1.0,-1.0,-1.0,0.6999997615814209,-1.0,-1.0,-1.0,-1.0,-1.0,13.356171351902907,-1.0,greedy,1
REQ-00007,10000,3000,1.291114091873169,22.24398422241211,['resnet101'],hornbill,0.7999990463256836,most_confident,1253.0547499773093,True,n01829413,1.0,,,,,hornbill,,-1.0,-1.0,-1.0,-1.0,0.4999990463256836,-1.0,-1.0,-1.0,-1.0,-1.0,12.090890816712616,-1.0,greedy,1
REQ-00008,10000,3000,0.6389288902282715,28.802901029586792,['resnet101'],axolotl,0.572537100315094,most_confident,614.3176659825258,True,n01632777,1.0,,,,,axolotl,,-1.0,-1.0,-1.0,-1.0,0.572537100315094,-1.0,-1.0,-1.0,-1.0,-1.0,10.968504335041356,-1.0,greedy,1
REQ-00009,10000,3000,1.9158568382263184,34.636873960494995,['resnet101'],agama,0.9996411800384521,most_confident,1886.3852500217035,True,n01687978,1.0,,,,,agama,,-1.0,-1.0,-1.0,-1.0,0.5996411800384521,-1.0,-1.0,-1.0,-1.0,-1.0,9.91716340153722,-1.0,greedy,1
REQ-00014,10000,3000,12.20197868347168,43.322957038879395,['resnet101'],cock,0.6097686290740967,most_confident,12186.038541956805,True,n01514859,1.0,,,,,cock,,-1.0,-1.0,-1.0,-1.0,0.6097686290740967,-1.0,-1.0,-1.0,-1.0,-1.0,8.983017661383498,-1.0,greedy,1
REQ-00010,10000,3000,25.73620915412903,37.90986633300781,['resnet101'],night_snake,0.8983386158943176,most_confident,25705.92537499033,True,n01740131,1.0,,,,,night_snake,,-1.0,-1.0,-1.0,-1.0,0.5983386158943176,-1.0,-1.0,-1.0,-1.0,-1.0,8.983017661383498,-1.0,greedy,1
REQ-00016,10000,3000,18.536121129989624,46.86592721939087,['resnet101'],american_coot,0.9992262125015259,most_confident,18519.858000043314,True,n02018207,1.0,,,,,american_coot,,-1.0,-1.0,-1.0,-1.0,0.5992262125015259,-1.0,-1.0,-1.0,-1.0,-1.0,23.806505238329414,-1.0,greedy,1
REQ-00012,10000,3000,28.092567920684814,38.77184510231018,['resnet101'],axolotl,0.7999876022338867,most_confident,27991.47800001083,True,n01632777,1.0,,,,,axolotl,,-1.0,-1.0,-1.0,-1.0,0.5999876022338867,-1.0,-1.0,-1.0,-1.0,-1.0,8.983017661383498,-1.0,greedy,1
REQ-00011,10000,3000,36.17267107963562,38.61338520050049,['resnet101'],patio,0.1452864408493042,most_confident,36146.52104198467,True,n01806143,1.0,,,,,patio,,-1.0,-1.0,-1.0,-1.0,0.1452864408493042,-1.0,-1.0,-1.0,-1.0,-1.0,8.983017661383498,-1.0,greedy,1
REQ-00018,10000,3000,28.09691333770752,49.29045033454895,['resnet101'],harvestman,0.7988834261894226,most_confident,28077.97404198209,True,n01770081,1.0,,,,,harvestman,,-1.0,-1.0,-1.0,-1.0,0.6988834261894226,-1.0,-1.0,-1.0,-1.0,-1.0,47.613010476658815,-1.0,greedy,1
REQ-00013,10000,3000,36.30165195465088,41.71169924736023,['resnet101'],loggerhead,0.5896233677864075,most_confident,36158.28870801488,True,n01664065,1.0,,,,,loggerhead,,-1.0,-1.0,-1.0,-1.0,0.9896233677864075,-1.0,-1.0,-1.0,-1.0,-1.0,8.983017661383498,-1.0,greedy,1
REQ-00015,10000,3000,34.643611907958984,45.985552072525024,['resnet101'],sea_slug,0.8202113509178162,most_confident,34629.999249998946,True,n01496331,1.0,,,,,sea_slug,,-1.0,-1.0,-1.0,-1.0,0.8202113509178162,-1.0,-1.0,-1.0,-1.0,-1.0,8.983017661383498,-1.0,greedy,1
REQ-00021,10000,3000,25.938337087631226,60.477628231048584,['resnet101'],tiger_shark,0.9972630739212036,most_confident,25899.214958015364,True,n01491361,1.0,,,,,tiger_shark,,-1.0,-1.0,-1.0,-1.0,0.9972630739212036,-1.0,-1.0,-1.0,-1.0,-1.0,47.61301047665882,-1.0,greedy,1
REQ-00024,10000,3000,20.42188286781311,73.98040127754211,['resnet101'],bald_eagle,0.6997054934501648,most_confident,19905.3622080246,True,n01614925,1.0,,,,,bald_eagle,,-1.0,-1.0,-1.0,-1.0,0.9997054934501648,-1.0,-1.0,-1.0,-1.0,-1.0,47.61301047665882,-1.0,greedy,1
REQ-00022,10000,3000,27.097871780395508,71.71032214164734,['resnet101'],crayfish,0.7785472869873047,most_confident,27069.680457992945,True,n01985128,1.0,,,,,crayfish,,-1.0,-1.0,-1.0,-1.0,0.7785472869873047,-1.0,-1.0,-1.0,-1.0,-1.0,47.613010476658815,-1.0,greedy,1
REQ-00017,10000,3000,53.40841507911682,47.24277305603027,['resnet101'],rock_crab,0.3735221862792969,most_confident,53391.28387498204,True,n01978455,1.0,,,,,rock_crab,,-1.0,-1.0,-1.0,-1.0,0.6735221862792969,-1.0,-1.0,-1.0,-1.0,-1.0,47.6130104766588,-1.0,greedy,1
REQ-00019,10000,3000,50.58542203903198,53.13752508163452,['resnet101'],goldfinch,0.4411637783050537,most_confident,50560.58945902623,True,n01531178,1.0,,,,,goldfinch,,-1.0,-1.0,-1.0,-1.0,0.8411637783050537,-1.0,-1.0,-1.0,-1.0,-1.0,47.613010476658815,-1.0,greedy,1
REQ-00025,10000,3000,24.23198413848877,85.52732110023499,['resnet101'],black_and_gold_garden_spider,0.605866551399231,most_confident,24205.694417003542,True,n01773157,1.0,,,,,black_and_gold_garden_spider,,-1.0,-1.0,-1.0,-1.0,0.605866551399231,-1.0,-1.0,-1.0,-1.0,-1.0,47.6130104766588,-1.0,greedy,1
REQ-00020,10000,3000,53.7976770401001,57.81818604469299,['resnet101'],american_coot,0.3195002317428589,most_confident,53770.14258300187,True,n01986214,1.0,,,,,hermit_crab,,-1.0,-1.0,-1.0,-1.0,0.5195002317428589,-1.0,-1.0,-1.0,-1.0,-1.0,47.613010476658815,-1.0,greedy,1
REQ-00023,10000,3000,41.33859300613403,73.37391519546509,['resnet101'],hummingbird,0.7986262321472168,most_confident,41307.53550003283,True,n01833805,1.0,,,,,hummingbird,,-1.0,-1.0,-1.0,-1.0,0.9986262321472168,-1.0,-1.0,-1.0,-1.0,-1.0,47.613010476658815,-1.0,greedy,1
REQ-00026,10000,3000,34.28340768814087,89.20726823806763,['resnet101'],flatworm,0.6892603158950806,most_confident,34254.2511249776,True,n01924916,1.0,,,,,flatworm,,-1.0,-1.0,-1.0,-1.0,0.6892603158950806,-1.0,-1.0,-1.0,-1.0,-1.0,47.6130104766588,-1.0,greedy,1
REQ-00027,10000,3000,29.670811891555786,95.97075724601746,['resnet101'],king_snake,0.9490334391593933,most_confident,29647.72416598862,True,n01734418,1.0,,,,,king_snake,,-1.0,-1.0,-1.0,-1.0,0.9490334391593933,-1.0,-1.0,-1.0,-1.0,-1.0,47.6130104766588,-1.0,greedy,1
REQ-00028,10000,3000,26.425750017166138,99.99447917938232,['resnet101'],chambered_nautilus,0.9998770952224731,most_confident,26400.089791044593,True,n01968897,1.0,,,,,chambered_nautilus,,-1.0,-1.0,-1.0,-1.0,0.9998770952224731,-1.0,-1.0,-1.0,-1.0,-1.0,47.6130104766588,-1.0,greedy,1
REQ-00000,10000,3000,0.704686164855957,2.1457672119140625e-06,['resnet101'],nematode,0.9784784317016602,most_confident,685.0499999709427,True,n01930112,1.0,,,,,nematode,,-1.0,-1.0,-1.0,-1.0,0.6784784317016602,-1.0,-1.0,-1.0,-1.0,-1.0,23.339417508246555,-1.0,greedy,1
REQ-00001,10000,3000,0.6771829128265381,9.962099313735962,['resnet101'],macaw,0.6999972581863403,most_confident,653.9389580138959,True,n01818515,1.0,,,,,macaw,,-1.0,-1.0,-1.0,-1.0,0.7999972581863403,-1.0,-1.0,-1.0,-1.0,-1.0,21.052287257421902,-1.0,greedy,1
REQ-00002,10000,3000,0.850318193435669,13.828428030014038,['resnet101'],toucan,0.6999340772628784,most_confident,836.2577499938197,True,n01843383,1.0,,,,,toucan,,-1.0,-1.0,-1.0,-1.0,0.7999340772628784,-1.0,-1.0,-1.0,-1.0,-1.0,18.99016183167971,-1.0,greedy,1
REQ-00003,10000,3000,0.5494201183319092,16.2262122631073,['resnet101'],boa_constrictor,0.9959195852279663,most_confident,520.8647910039872,True,n01742172,1.0,,,,,boa_constrictor,,-1.0,-1.0,-1.0,-1.0,0.9959195852279663,-1.0,-1.0,-1.0,-1.0,-1.0,17.147882548511742,-1.0,greedy,1
REQ-00004,10000,3000,1.829516887664795,16.89616322517395,['resnet101'],goldfinch,0.999980092048645,most_confident,1811.04141601827,True,n01531178,1.0,,,,,goldfinch,,-1.0,-1.0,-1.0,-1.0,0.799980092048645,-1.0,-1.0,-1.0,-1.0,-1.0,15.468763493660568,-1.0,greedy,1
REQ-00005,10000,3000,1.2415120601654053,21.477068185806274,['resnet101'],leatherback_turtle,0.9998244643211365,most_confident,1225.4166249767877,True,n01665541,1.0,,,,,leatherback_turtle,,-1.0,-1.0,-1.0,-1.0,0.9998244643211365,-1.0,-1.0,-1.0,-1.0,-1.0,14.07602814429451,-1.0,greedy,1
REQ-00006,10000,3000,2.27822208404541,27.631699323654175,['resnet101'],king_snake,0.8291023373603821,most_confident,2249.3576660053805,True,n01632458,1.0,,,,,spotted_salamander,,-1.0,-1.0,-1.0,-1.0,0.8291023373603821,-1.0,-1.0,-1.0,-1.0,-1.0,12.759187729865058,-1.0,greedy,1
REQ-00007,10000,3000,2.9998457431793213,27.912293195724487,['resnet101'],toucan,0.3971358776092529,most_confident,2964.218457986135,True,n01843383,1.0,,,,,toucan,,-1.0,-1.0,-1.0,-1.0,0.5971358776092529,-1.0,-1.0,-1.0,-1.0,-1.0,12.759187729865058,-1.0,greedy,1
REQ-00008,10000,3000,2.111042022705078,29.62179732322693,['resnet101'],crane,0.1254131317138672,most_confident,2080.3560410276987,True,n02012849,1.0,,,,,crane,,-1.0,-1.0,-1.0,-1.0,0.6254131317138672,-1.0,-1.0,-1.0,-1.0,-1.0,11.655063356878552,-1.0,greedy,1
REQ-00011,10000,3000,3.412163019180298,34.275734186172485,['resnet101'],green_lizard,0.8972517251968384,most_confident,3383.644292014651,True,n01677366,1.0,,,,,green_lizard,,-1.0,-1.0,-1.0,-1.0,0.5972517251968384,-1.0,-1.0,-1.0,-1.0,-1.0,9.841210909071627,-1.0,greedy,1
REQ-00010,10000,3000,13.651454210281372,33.34037208557129,['resnet101'],sea_lion,0.7997822642326355,most_confident,13623.325082997326,True,n02077923,1.0,,,,,sea_lion,,-1.0,-1.0,-1.0,-1.0,0.6997822642326355,-1.0,-1.0,-1.0,-1.0,-1.0,9.841210909071627,-1.0,greedy,1
REQ-00012,10000,3000,21.40570902824402,36.21344518661499,['resnet101'],banded_gecko,0.7985472559928894,most_confident,21385.850250022486,True,n01675722,1.0,,,,,banded_gecko,,-1.0,-1.0,-1.0,-1.0,0.6985472559928894,-1.0,-1.0,-1.0,-1.0,-1.0,9.006647918164465,-1.0,greedy,1
REQ-00013,10000,3000,15.046034812927246,42.78393220901489,['resnet101'],hermit_crab,0.9996542930603027,most_confident,15029.499166004825,True,n01986214,1.0,,,,,hermit_crab,,-1.0,-1.0,-1.0,-1.0,0.8996542930603027,-1.0,-1.0,-1.0,-1.0,-1.0,9.006647918164465,-1.0,greedy,1
REQ-00009,10000,3000,28.212198972702026,32.84233117103577,['resnet101'],sea_snake,0.9957534074783325,most_confident,28187.484166002832,True,n01751748,1.0,,,,,sea_snake,,-1.0,-1.0,-1.0,-1.0,0.9957534074783325,-1.0,-1.0,-1.0,-1.0,-1.0,9.841210909071627,-1.0,greedy,1
REQ-00016,10000,3000,14.220518112182617,54.37126421928406,['resnet101'],vine_snake,0.939475953578949,most_confident,13518.802541017067,True,n01739381,1.0,,,,,vine_snake,,-1.0,-1.0,-1.0,-1.0,0.939475953578949,-1.0,-1.0,-1.0,-1.0,-1.0,9.441204326348018,-1.0,greedy,1
REQ-00019,10000,3000,9.334123849868774,72.25248217582703,['resnet101'],chickadee,0.3999672174453735,most_confident,9295.94504198758,True,n01592084,1.0,,,,,chickadee,,-1.0,-1.0,-1.0,-1.0,0.8999672174453735,-1.0,-1.0,-1.0,-1.0,-1.0,12.652944996216934,-1.0,greedy,1
REQ-00014,10000,3000,34.641172885894775,49.6367392539978,['resnet101'],tench,0.9410325884819031,most_confident,34603.796540992334,True,n01440764,1.0,,,,,tench,,-1.0,-1.0,-1.0,-1.0,0.9410325884819031,-1.0,-1.0,-1.0,-1.0,-1.0,9.441204326348018,-1.0,greedy,1
REQ-00015,10000,3000,33.27449703216553,53.954527139663696,['resnet101'],sea_snake,0.9996464252471924,most_confident,33241.056209022645,True,n01751748,1.0,,,,,sea_snake,,-1.0,-1.0,-1.0,-1.0,0.9996464252471924,-1.0,-1.0,-1.0,-1.0,-1.0,9.441204326348018,-1.0,greedy,1
REQ-00017,10000,3000,28.896002054214478,62.2213921546936,['resnet101'],drake,0.9990777969360352,most_confident,28864.970583003014,True,n01847000,1.0,,,,,drake,,-1.0,-1.0,-1.0,-1.0,0.7990777969360352,-1.0,-1.0,-1.0,-1.0,-1.0,12.584644106907705,-1.0,greedy,1
REQ-00021,10000,3000,10.996069192886353,80.74223017692566,['resnet101'],wolf_spider,0.7472708225250244,most_confident,10948.44062498305,True,n01775062,1.0,,,,,wolf_spider,,-1.0,-1.0,-1.0,-1.0,0.7472708225250244,-1.0,-1.0,-1.0,-1.0,-1.0,23.806505238329414,-1.0,greedy,1
REQ-00023,10000,3000,1.9165668487548828,92.72561001777649,['resnet101'],stingray,0.6737990975379944,most_confident,1871.6620409977622,True,n01498041,1.0,,,,,stingray,,-1.0,-1.0,-1.0,-1.0,0.6737990975379944,-1.0,-1.0,-1.0,-1.0,-1.0,16.72320842750614,-1.0,greedy,1
REQ-00020,10000,3000,20.9214289188385,73.73482012748718,['resnet101'],hummingbird,0.7612854242324829,most_confident,20889.507749991026,True,n01833805,1.0,,,,,hummingbird,,-1.0,-1.0,-1.0,-1.0,0.7612854242324829,-1.0,-1.0,-1.0,-1.0,-1.0,12.652944996216934,-1.0,greedy,1
REQ-00018,10000,3000,30.560415029525757,64.31623816490173,['resnet101'],flamingo,0.999728262424469,most_confident,30535.08616698673,True,n02007558,1.0,,,,,flamingo,,-1.0,-1.0,-1.0,-1.0,0.999728262424469,-1.0,-1.0,-1.0,-1.0,-1.0,12.584644106907705,-1.0,greedy,1
REQ-00022,10000,3000,13.263956069946289,83.68057823181152,['resnet101'],white_stork,0.9840907454490662,most_confident,13237.008583033457,True,n02002556,1.0,,,,,white_stork,,-1.0,-1.0,-1.0,-1.0,0.9840907454490662,-1.0,-1.0,-1.0,-1.0,-1.0,23.806505238329414,-1.0,greedy,1
REQ-00027,10000,3000,0.8101232051849365,97.86925005912781,['resnet101'],sidewinder,0.5223729014396667,most_confident,765.3179170447402,True,n01753488,1.0,,,,,sidewinder,,-1.0,-1.0,-1.0,-1.0,0.5223729014396667,-1.0,-1.0,-1.0,-1.0,-1.0,16.74195570018678,-1.0,greedy,1
REQ-00024,10000,3000,4.279146909713745,94.62010598182678,['resnet101'],green_snake,0.612159252166748,most_confident,4239.4094170304015,True,n01729977,1.0,,,,,green_snake,,-1.0,-1.0,-1.0,-1.0,0.612159252166748,-1.0,-1.0,-1.0,-1.0,-1.0,15.753512716279975,-1.0,greedy,1
REQ-00025,10000,3000,4.278463125228882,96.7808141708374,['resnet101'],king_snake,0.7968647360801697,most_confident,4251.231250003912,True,n01734418,1.0,,,,,king_snake,,-1.0,-1.0,-1.0,-1.0,0.5968647360801697,-1.0,-1.0,-1.0,-1.0,-1.0,16.74195570018678,-1.0,greedy,1
REQ-00028,10000,3000,3.074927806854248,98.65797019004822,['resnet101'],sea_lion,0.9821457266807556,most_confident,3031.407249975018,True,n02077923,1.0,,,,,sea_lion,,-1.0,-1.0,-1.0,-1.0,0.6821457266807556,-1.0,-1.0,-1.0,-1.0,-1.0,15.123836530168102,-1.0,greedy,1
REQ-00026,10000,3000,4.567814826965332,97.24222898483276,['resnet101'],hen,0.8785203337669373,most_confident,4545.746125048026,True,n01514859,1.0,,,,,hen,,-1.0,-1.0,-1.0,-1.0,0.6785203337669373,-1.0,-1.0,-1.0,-1.0,-1.0,16.74195570018678,-1.0,greedy,1




REQ-00000,10000000,3000,0.8724081516265869,1.9073486328125e-06,['vit_b_16'],axolotl,0.8456864356994629,most_confident,857.2876669932157,True,n01632777,1.0,,,,,,axolotl,-1.0,-1.0,-1.0,-1.0,-1.0,0.8456864356994629,-1.0,-1.0,-1.0,-1.0,-1.0,1.1233757001365778,greedy,1
REQ-00001,10000000,3000,1.1783289909362793,3.72090482711792,['vit_b_16'],flatworm,0.8687461614608765,most_confident,1150.2553750178777,True,n01924916,1.0,,,,,,flatworm,-1.0,-1.0,-1.0,-1.0,-1.0,0.8687461614608765,-1.0,-1.0,-1.0,-1.0,-1.0,1.05723043012292,greedy,1
REQ-00002,10000000,3000,1.5502510070800781,4.133162021636963,['vit_b_16'],king_snake,0.8562730550765991,most_confident,1524.2961249896325,True,n01734418,1.0,,,,,,king_snake,-1.0,-1.0,-1.0,-1.0,-1.0,0.8562730550765991,-1.0,-1.0,-1.0,-1.0,-1.0,1.000103187110628,greedy,1
REQ-00003,10000000,3000,1.1055359840393066,6.831139087677002,['vit_b_16'],drake,0.8188332915306091,most_confident,1083.1902910140343,True,n01770081,1.0,,,,,,black_widow,-1.0,-1.0,-1.0,-1.0,-1.0,0.8188332915306091,-1.0,-1.0,-1.0,-1.0,-1.0,0.9434922683995652,greedy,1
REQ-00004,10000000,3000,1.808642864227295,20.111788988113403,['vit_b_16'],banded_gecko,0.8936687707901001,most_confident,1776.4803750324063,True,n01675722,1.0,,,,,,banded_gecko,-1.0,-1.0,-1.0,-1.0,-1.0,0.8936687707901001,-1.0,-1.0,-1.0,-1.0,-1.0,0.8905465415596088,greedy,1
REQ-00005,10000000,3000,1.1216318607330322,21.29891800880432,['vit_b_16'],axolotl,0.8938392400741577,most_confident,1096.6447920072824,True,n01632777,1.0,,,,,,axolotl,-1.0,-1.0,-1.0,-1.0,-1.0,0.8938392400741577,-1.0,-1.0,-1.0,-1.0,-1.0,0.8234586874036479,greedy,1
REQ-00006,10000000,3000,1.521040916442871,23.32011103630066,['vit_b_16'],stingray,0.7027100324630737,most_confident,1192.5418750033714,True,n01498041,1.0,,,,,,stingray,-1.0,-1.0,-1.0,-1.0,-1.0,0.7027100324630737,-1.0,-1.0,-1.0,-1.0,-1.0,0.7655048186632831,greedy,1
REQ-00007,10000000,3000,0.5455129146575928,25.5041561126709,['vit_b_16'],snail,0.9061620235443115,most_confident,517.3674169927835,True,n01944390,1.0,,,,,,snail,-1.0,-1.0,-1.0,-1.0,-1.0,0.7061620235443115,-1.0,-1.0,-1.0,-1.0,-1.0,0.7143804367969548,greedy,1
REQ-00008,10000000,3000,0.6599409580230713,28.057358980178833,['vit_b_16'],hognose_snake,0.8083353042602539,most_confident,596.7826669802889,True,n01729322,1.0,,,,,,hognose_snake,-1.0,-1.0,-1.0,-1.0,-1.0,0.8083353042602539,-1.0,-1.0,-1.0,-1.0,-1.0,0.6774546931172595,greedy,1
REQ-00009,10000000,3000,0.6946508884429932,29.04775094985962,['vit_b_16'],tiger_shark,0.898531436920166,most_confident,676.7917500110343,True,n01491361,1.0,,,,,,tiger_shark,-1.0,-1.0,-1.0,-1.0,-1.0,0.898531436920166,-1.0,-1.0,-1.0,-1.0,-1.0,0.6354274238055335,greedy,1
REQ-00010,10000000,3000,0.6488862037658691,30.533148050308228,['vit_b_16'],diamondback,0.9104247093200684,most_confident,618.8797919894569,True,n01537544,1.0,,,,,,indigo_bunting,-1.0,-1.0,-1.0,-1.0,-1.0,0.9104247093200684,-1.0,-1.0,-1.0,-1.0,-1.0,0.6168030814249802,greedy,1
REQ-00011,10000000,3000,0.6128451824188232,31.711705923080444,['vit_b_16'],american_coot,0.8297203779220581,most_confident,589.3804589868523,True,n02018207,1.0,,,,,,american_coot,-1.0,-1.0,-1.0,-1.0,-1.0,0.8297203779220581,-1.0,-1.0,-1.0,-1.0,-1.0,0.5793036732824821,greedy,1
REQ-00012,10000000,3000,0.6678361892700195,37.169715881347656,['vit_b_16'],chiton,0.8718709945678711,most_confident,640.4198749805801,True,n01955084,1.0,,,,,,chiton,-1.0,-1.0,-1.0,-1.0,-1.0,0.8718709945678711,-1.0,-1.0,-1.0,-1.0,-1.0,0.5637098059542339,greedy,1
REQ-00013,10000000,3000,0.4885437488555908,40.31887984275818,['vit_b_16'],green_snake,0.8522430658340454,most_confident,459.34991602553055,True,n01729977,1.0,,,,,,green_snake,-1.0,-1.0,-1.0,-1.0,-1.0,0.6522430658340454,-1.0,-1.0,-1.0,-1.0,-1.0,0.5292741253588106,greedy,1
REQ-00014,10000000,3000,0.5370678901672363,43.734524965286255,['vit_b_16'],hen,0.8565079569816589,most_confident,510.65529201878235,True,n01986214,1.0,,,,,,hermit_crab,-1.0,-1.0,-1.0,-1.0,-1.0,0.5565079569816589,-1.0,-1.0,-1.0,-1.0,-1.0,0.4996401128229295,greedy,1
REQ-00015,10000000,3000,0.6928060054779053,44.509458780288696,['vit_b_16'],prairie_chicken,0.9051041007041931,most_confident,665.9439579816535,True,n01798484,1.0,,,,,,prairie_chicken,-1.0,-1.0,-1.0,-1.0,-1.0,0.9051041007041931,-1.0,-1.0,-1.0,-1.0,-1.0,0.4710662015406366,greedy,1
REQ-00016,10000000,3000,0.46374082565307617,46.88961696624756,['vit_b_16'],toucan,0.841874361038208,most_confident,440.51558297360316,True,n01843383,1.0,,,,,,toucan,-1.0,-1.0,-1.0,-1.0,-1.0,0.841874361038208,-1.0,-1.0,-1.0,-1.0,-1.0,0.465319581386573,greedy,1
REQ-00017,10000000,3000,0.617628812789917,49.71126389503479,['vit_b_16'],spoonbill,0.8632997870445251,most_confident,591.6845829924569,True,n02006656,1.0,,,,,,spoonbill,-1.0,-1.0,-1.0,-1.0,-1.0,0.8632997870445251,-1.0,-1.0,-1.0,-1.0,-1.0,0.4407385232479157,greedy,1
REQ-00000,10000000,3000,1.2621240615844727,3.0994415283203125e-06,['vit_b_16'],redshank,0.8971032500267029,most_confident,1248.6767079681158,True,n02028035,1.0,,,,,,redshank,-1.0,-1.0,-1.0,-1.0,-1.0,0.8971032500267029,-1.0,-1.0,-1.0,-1.0,-1.0,0.42271837092312414,greedy,1
REQ-00001,10000000,3000,1.1028451919555664,1.7445130348205566,['vit_b_16'],crayfish,0.8173383474349976,most_confident,1089.6738750161603,True,n01985128,1.0,,,,,,crayfish,-1.0,-1.0,-1.0,-1.0,-1.0,0.6173383474349976,-1.0,-1.0,-1.0,-1.0,-1.0,0.4758175338308117,greedy,1
REQ-00002,10000000,3000,0.49327611923217773,5.195836305618286,['vit_b_16'],black_and_gold_garden_spider,0.5684220790863037,most_confident,462.40333397872746,True,n01773157,1.0,,,,,,black_and_gold_garden_spider,-1.0,-1.0,-1.0,-1.0,-1.0,0.5684220790863037,-1.0,-1.0,-1.0,-1.0,-1.0,0.45054778044773053,greedy,1
REQ-00003,10000000,3000,1.0732717514038086,9.124687194824219,['vit_b_16'],green_snake,0.8774652481079102,most_confident,1025.162249978166,True,n01644900,1.0,,,,,,tailed_frog,-1.0,-1.0,-1.0,-1.0,-1.0,0.8774652481079102,-1.0,-1.0,-1.0,-1.0,-1.0,0.4261936024029575,greedy,1
REQ-00004,10000000,3000,0.42776012420654297,12.863288164138794,['vit_b_16'],red-backed_sandpiper,0.9166914820671082,most_confident,395.5033749807626,True,n02027492,1.0,,,,,,red-backed_sandpiper,-1.0,-1.0,-1.0,-1.0,-1.0,0.9166914820671082,-1.0,-1.0,-1.0,-1.0,-1.0,0.43157944216266175,greedy,1
REQ-00005,10000000,3000,0.5048699378967285,17.28727412223816,['vit_b_16'],green_mamba,0.7903996109962463,most_confident,478.37195795727894,True,n01749939,1.0,,,,,,green_mamba,-1.0,-1.0,-1.0,-1.0,-1.0,0.7903996109962463,-1.0,-1.0,-1.0,-1.0,-1.0,0.4086314979463956,greedy,1
REQ-00006,10000000,3000,0.6210341453552246,19.440561294555664,['vit_b_16'],conch,0.9677413105964661,most_confident,592.8290410083719,True,n01943899,1.0,,,,,,conch,-1.0,-1.0,-1.0,-1.0,-1.0,0.9677413105964661,-1.0,-1.0,-1.0,-1.0,-1.0,0.38861764815175603,greedy,1
REQ-00007,10000000,3000,1.948256015777588,23.765015125274658,['vit_b_16'],goose,0.8876771926879883,most_confident,1912.3355830088258,True,n01855672,1.0,,,,,,goose,-1.0,-1.0,-1.0,-1.0,-1.0,0.6876771926879883,-1.0,-1.0,-1.0,-1.0,-1.0,0.3865879833365804,greedy,1
REQ-00008,10000000,3000,0.5643067359924316,29.578050136566162,['vit_b_16'],black_stork,0.8827956914901733,most_confident,513.8912500115111,True,n02012849,1.0,,,,,,black_stork,-1.0,-1.0,-1.0,-1.0,-1.0,0.8827956914901733,-1.0,-1.0,-1.0,-1.0,-1.0,0.38876338500292235,greedy,1
REQ-00010,10000000,3000,0.6013031005859375,32.60489511489868,-1,-1,0.0,FAILED,-1,False,,-1,,,,,,,-1.0,-1.0,-1.0,-1.0,-1.0,-1.0,-1.0,-1.0,-1.0,-1.0,-1.0,9.048524941,,
REQ-00009,10000000,3000,1.0308499336242676,32.217592000961304,['vit_b_16'],sea_slug,0.8949869275093079,most_confident,970.9342090063728,True,n01608432,1.0,,,,,,kite,-1.0,-1.0,-1.0,-1.0,-1.0,0.5949869275093079,-1.0,-1.0,-1.0,-1.0,-1.0,0.37033974650263013,greedy,1
REQ-00012,10000000,3000,0.4690520763397217,38.987425088882446,-1,-1,0.0,FAILED,-1,False,,-1,,,,,,,-1.0,-1.0,-1.0,-1.0,-1.0,-1.0,-1.0,-1.0,-1.0,-1.0,-1.0,9.048524941,,
REQ-00013,10000000,3000,0.46419191360473633,42.07117509841919,-1,-1,0.0,FAILED,-1,False,,-1,,,,,,,-1.0,-1.0,-1.0,-1.0,-1.0,-1.0,-1.0,-1.0,-1.0,-1.0,-1.0,9.048524941,,
REQ-00011,10000000,3000,5.375266075134277,38.81459712982178,['vit_b_16'],terrapin,0.4683949112892151,most_confident,5351.474082970526,True,n01667778,1.0,,,,,,terrapin,-1.0,-1.0,-1.0,-1.0,-1.0,0.6683949112892151,-1.0,-1.0,-1.0,-1.0,-1.0,0.4100320718523672,greedy,1
REQ-00000,10000000,3000,1.2706398963928223,1.9073486328125e-06,['vit_b_16'],coucal,0.8767912983894348,most_confident,1250.4618749953806,True,n01824575,1.0,,,,,,coucal,-1.0,-1.0,-1.0,-1.0,-1.0,0.5767912983894348,-1.0,-1.0,-1.0,-1.0,-1.0,0.8821822646671306,greedy,1
REQ-00001,10000000,3000,0.6331331729888916,3.027312755584717,['vit_b_16'],drake,0.8842549920082092,most_confident,615.2365830494091,True,n02007558,1.0,,,,,,flamingo,-1.0,-1.0,-1.0,-1.0,-1.0,0.8842549920082092,-1.0,-1.0,-1.0,-1.0,-1.0,0.9004336382004176,greedy,1
REQ-00002,10000000,3000,0.5431280136108398,6.1946327686309814,['vit_b_16'],sea_slug,0.6373578310012817,most_confident,517.7246250095777,True,n01582220,1.0,,,,,,magpie,-1.0,-1.0,-1.0,-1.0,-1.0,0.6373578310012817,-1.0,-1.0,-1.0,-1.0,-1.0,0.8512502743803758,greedy,1
REQ-00003,10000000,3000,0.5022797584533691,9.612381935119629,['vit_b_16'],wombat,0.5952427506446838,most_confident,468.0771249695681,True,n01883070,1.0,,,,,,wombat,-1.0,-1.0,-1.0,-1.0,-1.0,0.8952427506446838,-1.0,-1.0,-1.0,-1.0,-1.0,0.7883250469423383,greedy,1
REQ-00004,10000000,3000,0.5382730960845947,15.707787990570068,['vit_b_16'],sea_anemone,0.876758337020874,most_confident,510.15220902627334,True,n01914609,1.0,,,,,,sea_anemone,-1.0,-1.0,-1.0,-1.0,-1.0,0.576758337020874,-1.0,-1.0,-1.0,-1.0,-1.0,0.7387103422481044,greedy,1
REQ-00005,10000000,3000,0.36865997314453125,16.007606983184814,-1,-1,0.0,FAILED,-1,False,,-1,,,,,,,-1.0,-1.0,-1.0,-1.0,-1.0,-1.0,-1.0,-1.0,-1.0,-1.0,-1.0,9.048524941,,
REQ-00007,10000000,3000,0.3837003707885742,17.199070930480957,-1,-1,0.0,FAILED,-1,False,,-1,,,,,,,-1.0,-1.0,-1.0,-1.0,-1.0,-1.0,-1.0,-1.0,-1.0,-1.0,-1.0,9.048524941,,
REQ-00008,10000000,3000,0.34891629219055176,18.181933879852295,-1,-1,0.0,FAILED,-1,False,,-1,,,,,,,-1.0,-1.0,-1.0,-1.0,-1.0,-1.0,-1.0,-1.0,-1.0,-1.0,-1.0,9.048524941,,
REQ-00009,10000000,3000,0.32340478897094727,19.25497007369995,-1,-1,0.0,FAILED,-1,False,,-1,,,,,,,-1.0,-1.0,-1.0,-1.0,-1.0,-1.0,-1.0,-1.0,-1.0,-1.0,-1.0,9.048524941,,
REQ-00006,10000000,3000,4.82431697845459,16.539334774017334,['vit_b_16'],banded_gecko,0.8031204342842102,most_confident,4791.71929100994,True,n01685808,1.0,,,,,,banded_gecko,-1.0,-1.0,-1.0,-1.0,-1.0,0.8031204342842102,-1.0,-1.0,-1.0,-1.0,-1.0,0.6957234080232939,greedy,1
REQ-00011,10000000,3000,0.3391399383544922,22.38923478126526,-1,-1,0.0,FAILED,-1,False,,-1,,,,,,,-1.0,-1.0,-1.0,-1.0,-1.0,-1.0,-1.0,-1.0,-1.0,-1.0,-1.0,9.048524941,,
REQ-00010,10000000,3000,4.1534247398376465,21.219974756240845,['vit_b_16'],chickadee,0.9019822478294373,most_confident,4128.582792007364,True,n01592084,1.0,,,,,,chickadee,-1.0,-1.0,-1.0,-1.0,-1.0,0.9019822478294373,-1.0,-1.0,-1.0,-1.0,-1.0,1.0632888672209646,greedy,1
REQ-00013,10000000,3000,0.5621671676635742,29.153510093688965,-1,-1,0.0,FAILED,-1,False,,-1,,,,,,,-1.0,-1.0,-1.0,-1.0,-1.0,-1.0,-1.0,-1.0,-1.0,-1.0,-1.0,9.048524941,,
REQ-00012,10000000,3000,3.142206907272339,27.1285138130188,['vit_b_16'],green_lizard,0.6620919108390808,most_confident,3111.2411670037545,True,n01749939,1.0,,,,,,green_lizard,-1.0,-1.0,-1.0,-1.0,-1.0,0.6620919108390808,-1.0,-1.0,-1.0,-1.0,-1.0,1.3411838804988683,greedy,1
REQ-00014,10000000,3000,2.5889999866485596,34.73437309265137,['vit_b_16'],banded_gecko,0.888520359992981,most_confident,2560.6271660071798,True,n01675722,1.0,,,,,,banded_gecko,-1.0,-1.0,-1.0,-1.0,-1.0,0.888520359992981,-1.0,-1.0,-1.0,-1.0,-1.0,1.4958905924489814,greedy,1
REQ-00015,10000000,3000,2.673798084259033,44.635281801223755,['vit_b_16'],black_widow,0.8579087853431702,most_confident,2646.001749963034,True,n01774384,1.0,,,,,,black_widow,-1.0,-1.0,-1.0,-1.0,-1.0,0.8579087853431702,-1.0,-1.0,-1.0,-1.0,-1.0,1.5875937332040833,greedy,1
REQ-00000,10000000,3000,2.467078924179077,1.9073486328125e-06,['vit_b_16'],horned_viper,0.7670698165893555,most_confident,2454.293958027847,True,n01753488,1.0,,,,,,horned_viper,-1.0,-1.0,-1.0,-1.0,-1.0,0.7670698165893555,-1.0,-1.0,-1.0,-1.0,-1.0,1.6758868598836751,greedy,1
REQ-00002,10000000,3000,0.5106356143951416,2.688062906265259,-1,-1,0.0,FAILED,-1,False,,-1,,,,,,,-1.0,-1.0,-1.0,-1.0,-1.0,-1.0,-1.0,-1.0,-1.0,-1.0,-1.0,9.048524941,,
REQ-00003,10000000,3000,0.35569214820861816,3.739320993423462,-1,-1,0.0,FAILED,-1,False,,-1,,,,,,,-1.0,-1.0,-1.0,-1.0,-1.0,-1.0,-1.0,-1.0,-1.0,-1.0,-1.0,9.048524941,,
REQ-00001,10000000,3000,1.9470500946044922,2.6431851387023926,['vit_b_16'],green_mamba,0.6508520245552063,most_confident,1930.5816249689087,True,n01749939,1.0,,,,,,green_mamba,-1.0,-1.0,-1.0,-1.0,-1.0,0.6508520245552063,-1.0,-1.0,-1.0,-1.0,-1.0,1.7070332738953076,greedy,1
REQ-00005,10000000,3000,0.38896727561950684,8.59691309928894,-1,-1,0.0,FAILED,-1,False,,-1,,,,,,,-1.0,-1.0,-1.0,-1.0,-1.0,-1.0,-1.0,-1.0,-1.0,-1.0,-1.0,9.048524941,,
REQ-00004,10000000,3000,2.4973247051239014,7.116904973983765,['vit_b_16'],crane,0.652311372756958,most_confident,2477.697041002102,True,n02012849,1.0,,,,,,crane,-1.0,-1.0,-1.0,-1.0,-1.0,0.852311372756958,-1.0,-1.0,-1.0,-1.0,-1.0,1.6949894465057769,greedy,1
REQ-00007,10000000,3000,0.3204221725463867,10.108245849609375,-1,-1,0.0,FAILED,-1,False,,-1,,,,,,,-1.0,-1.0,-1.0,-1.0,-1.0,-1.0,-1.0,-1.0,-1.0,-1.0,-1.0,9.048524941,,
REQ-00008,10000000,3000,0.5716910362243652,12.763690948486328,-1,-1,0.0,FAILED,-1,False,,-1,,,,,,,-1.0,-1.0,-1.0,-1.0,-1.0,-1.0,-1.0,-1.0,-1.0,-1.0,-1.0,9.048524941,,
REQ-00009,10000000,3000,0.47036099433898926,13.227586030960083,-1,-1,0.0,FAILED,-1,False,,-1,,,,,,,-1.0,-1.0,-1.0,-1.0,-1.0,-1.0,-1.0,-1.0,-1.0,-1.0,-1.0,9.048524941,,
REQ-00010,10000000,3000,0.4406609535217285,13.510440826416016,-1,-1,0.0,FAILED,-1,False,,-1,,,,,,,-1.0,-1.0,-1.0,-1.0,-1.0,-1.0,-1.0,-1.0,-1.0,-1.0,-1.0,9.048524941,,
REQ-00006,10000000,3000,4.53706693649292,9.919334888458252,['vit_b_16'],drake,0.5491427898406982,most_confident,4504.4768750085495,True,n02018795,1.0,,,,,,bustard,-1.0,-1.0,-1.0,-1.0,-1.0,0.8491427898406982,-1.0,-1.0,-1.0,-1.0,-1.0,1.7256737018551993,greedy,1
REQ-00012,10000000,3000,1.203563928604126,19.669341802597046,-1,-1,0.0,FAILED,-1,False,,-1,,,,,,,-1.0,-1.0,-1.0,-1.0,-1.0,-1.0,-1.0,-1.0,-1.0,-1.0,-1.0,9.048524941,,
REQ-00011,10000000,3000,3.816502094268799,18.814417123794556,['vit_b_16'],green_snake,0.8912938237190247,most_confident,3789.1381250228733,True,n01729977,1.0,,,,,,green_snake,-1.0,-1.0,-1.0,-1.0,-1.0,0.8912938237190247,-1.0,-1.0,-1.0,-1.0,-1.0,1.9814928316696794,greedy,1
REQ-00014,10000000,3000,1.1884949207305908,22.2433340549469,-1,-1,0.0,FAILED,-1,False,,-1,,,,,,,-1.0,-1.0,-1.0,-1.0,-1.0,-1.0,-1.0,-1.0,-1.0,-1.0,-1.0,9.048524941,,
REQ-00015,10000000,3000,0.45043492317199707,25.13381814956665,-1,-1,0.0,FAILED,-1,False,,-1,,,,,,,-1.0,-1.0,-1.0,-1.0,-1.0,-1.0,-1.0,-1.0,-1.0,-1.0,-1.0,9.048524941,,
REQ-00013,10000000,3000,5.272433757781982,22.18104600906372,['vit_b_16'],limpkin,0.8923235535621643,most_confident,5248.705625010189,True,n02013706,1.0,,,,,,limpkin,-1.0,-1.0,-1.0,-1.0,-1.0,0.5923235535621643,-1.0,-1.0,-1.0,-1.0,-1.0,9.048524941,greedy,1
REQ-00017,10000000,3000,0.3766961097717285,28.11768913269043,-1,-1,0.0,FAILED,-1,False,,-1,,,,,,,-1.0,-1.0,-1.0,-1.0,-1.0,-1.0,-1.0,-1.0,-1.0,-1.0,-1.0,9.048524941,,
REQ-00018,10000000,3000,0.35027480125427246,28.793439865112305,-1,-1,0.0,FAILED,-1,False,,-1,,,,,,,-1.0,-1.0,-1.0,-1.0,-1.0,-1.0,-1.0,-1.0,-1.0,-1.0,-1.0,9.048524941,,
REQ-00016,10000000,3000,3.086583137512207,27.422942876815796,['vit_b_16'],toucan,0.8906764388084412,most_confident,3053.4831669647247,True,n01843383,1.0,,,,,,toucan,-1.0,-1.0,-1.0,-1.0,-1.0,0.5906764388084412,-1.0,-1.0,-1.0,-1.0,-1.0,2.3986886636524405,greedy,1
REQ-00020,10000000,3000,0.604395866394043,40.64534902572632,-1,-1,0.0,FAILED,-1,False,,-1,,,,,,,-1.0,-1.0,-1.0,-1.0,-1.0,-1.0,-1.0,-1.0,-1.0,-1.0,-1.0,9.048524941,,
REQ-00019,10000000,3000,3.9073269367218018,40.56635904312134,['vit_b_16'],sea_anemone,0.8276680111885071,most_confident,3843.8952079741284,True,n01914609,1.0,,,,,,sea_anemone,-1.0,-1.0,-1.0,-1.0,-1.0,0.8276680111885071,-1.0,-1.0,-1.0,-1.0,-1.0,2.4359858972871966,greedy,1
REQ-00022,10000000,3000,0.4283459186553955,47.59255599975586,-1,-1,0.0,FAILED,-1,False,,-1,,,,,,,-1.0,-1.0,-1.0,-1.0,-1.0,-1.0,-1.0,-1.0,-1.0,-1.0,-1.0,9.048524941,,
REQ-00023,10000000,3000,0.30571794509887695,48.737691164016724,-1,-1,0.0,FAILED,-1,False,,-1,,,,,,,-1.0,-1.0,-1.0,-1.0,-1.0,-1.0,-1.0,-1.0,-1.0,-1.0,-1.0,9.048524941,,
REQ-00021,10000000,3000,3.8757357597351074,46.546793937683105,['vit_b_16'],crayfish,0.8408706784248352,most_confident,3852.7065420057625,True,n01985128,1.0,,,,,,crayfish,-1.0,-1.0,-1.0,-1.0,-1.0,0.8408706784248352,-1.0,-1.0,-1.0,-1.0,-1.0,2.559376407558477,greedy,1
REQ-00000,10000000,3000,3.4734761714935303,3.0994415283203125e-06,['vit_b_16'],garden_spider,0.9130229353904724,most_confident,3450.979582965374,True,n01773797,1.0,,,,,,garden_spider,-1.0,-1.0,-1.0,-1.0,-1.0,0.9130229353904724,-1.0,-1.0,-1.0,-1.0,-1.0,2.671797766802629,greedy,1
REQ-00001,10000000,3000,1.6917569637298584,4.599967956542969,['vit_b_16'],bustard,0.8854487538337708,most_confident,1678.1105829868466,True,n01514859,1.0,,,,,,hen,-1.0,-1.0,-1.0,-1.0,-1.0,0.8854487538337708,-1.0,-1.0,-1.0,-1.0,-1.0,2.7097236901223662,greedy,1
REQ-00003,10000000,3000,0.30078911781311035,9.444385051727295,-1,-1,0.0,FAILED,-1,False,,-1,,,,,,,-1.0,-1.0,-1.0,-1.0,-1.0,-1.0,-1.0,-1.0,-1.0,-1.0,-1.0,9.048524941,,
REQ-00004,10000000,3000,0.28816795349121094,9.653551816940308,-1,-1,0.0,FAILED,-1,False,,-1,,,,,,,-1.0,-1.0,-1.0,-1.0,-1.0,-1.0,-1.0,-1.0,-1.0,-1.0,-1.0,9.048524941,,
REQ-00002,10000000,3000,2.7454380989074707,8.48488712310791,['vit_b_16'],flatworm,0.8690542578697205,most_confident,2713.4771670098417,True,n01924916,1.0,,,,,,flatworm,-1.0,-1.0,-1.0,-1.0,-1.0,0.8690542578697205,-1.0,-1.0,-1.0,-1.0,-1.0,2.5893891211101296,greedy,1
REQ-00005,10000000,3000,2.0193958282470703,15.282130002975464,['vit_b_16'],goose,0.600952160358429,most_confident,1998.1020839768462,True,n01855672,1.0,,,,,,goose,-1.0,-1.0,-1.0,-1.0,-1.0,0.700952160358429,-1.0,-1.0,-1.0,-1.0,-1.0,2.5757643089991165,greedy,1
REQ-00007,10000000,3000,0.42191004753112793,20.304440021514893,-1,-1,0.0,FAILED,-1,False,,-1,,,,,,,-1.0,-1.0,-1.0,-1.0,-1.0,-1.0,-1.0,-1.0,-1.0,-1.0,-1.0,9.048524941,,
REQ-00006,10000000,3000,4.790072679519653,18.475990056991577,['vit_b_16'],hognose_snake,0.8949142694473267,most_confident,4766.133165976498,True,n01729322,1.0,,,,,,hognose_snake,-1.0,-1.0,-1.0,-1.0,-1.0,0.7949142694473267,-1.0,-1.0,-1.0,-1.0,-1.0,2.503397578099205,greedy,1
REQ-00008,10000000,3000,2.799635887145996,28.62775993347168,['vit_b_16'],black_grouse,0.80641770362854,most_confident,2777.5333329918794,True,n01795545,1.0,,,,,,black_grouse,-1.0,-1.0,-1.0,-1.0,-1.0,0.80641770362854,-1.0,-1.0,-1.0,-1.0,-1.0,2.7087997202892846,greedy,1
REQ-00009,10000000,3000,3.7760391235351562,33.590413093566895,['vit_b_16'],great_white_shark,0.9029234051704407,most_confident,3747.8169999667443,True,n01484850,1.0,,,,,,great_white_shark,-1.0,-1.0,-1.0,-1.0,-1.0,0.9029234051704407,-1.0,-1.0,-1.0,-1.0,-1.0,2.688326348260356,greedy,1
REQ-00011,10000000,3000,0.33149075508117676,42.50093102455139,-1,-1,0.0,FAILED,-1,False,,-1,,,,,,,-1.0,-1.0,-1.0,-1.0,-1.0,-1.0,-1.0,-1.0,-1.0,-1.0,-1.0,9.048524941,,
REQ-00010,10000000,3000,3.9998128414154053,40.23540782928467,['vit_b_16'],sidewinder,0.6618878841400146,most_confident,3972.5353330140933,True,n01756291,1.0,,,,,,sidewinder,-1.0,-1.0,-1.0,-1.0,-1.0,0.6618878841400146,-1.0,-1.0,-1.0,-1.0,-1.0,2.7749355134343205,greedy,1
REQ-00012,10000000,3000,3.611809015274048,46.70445394515991,['vit_b_16'],king_snake,0.8370428085327148,most_confident,3591.974292008672,True,n01734418,1.0,,,,,,king_snake,-1.0,-1.0,-1.0,-1.0,-1.0,0.7370428085327148,-1.0,-1.0,-1.0,-1.0,-1.0,2.8736274620908886,greedy,1
REQ-00001,10000000,3000,0.5013539791107178,2.1319401264190674,-1,-1,0.0,FAILED,-1,False,,-1,,,,,,,-1.0,-1.0,-1.0,-1.0,-1.0,-1.0,-1.0,-1.0,-1.0,-1.0,-1.0,9.048524941,,
REQ-00000,10000000,3000,4.104700803756714,3.0994415283203125e-06,['vit_b_16'],bald_eagle,0.8973190784454346,most_confident,4084.8622499615885,True,n01614925,1.0,,,,,,bald_eagle,-1.0,-1.0,-1.0,-1.0,-1.0,0.7973190784454346,-1.0,-1.0,-1.0,-1.0,-1.0,2.9297511158818,greedy,1
REQ-00003,10000000,3000,0.4147608280181885,5.3861000537872314,-1,-1,0.0,FAILED,-1,False,,-1,,,,,,,-1.0,-1.0,-1.0,-1.0,-1.0,-1.0,-1.0,-1.0,-1.0,-1.0,-1.0,9.048524941,,
REQ-00002,10000000,3000,2.6896469593048096,4.489959239959717,['vit_b_16'],black_and_gold_garden_spider,0.6764489412307739,most_confident,2671.3258750387467,True,n01773157,1.0,,,,,,black_and_gold_garden_spider,-1.0,-1.0,-1.0,-1.0,-1.0,0.6764489412307739,-1.0,-1.0,-1.0,-1.0,-1.0,3.0218078042936205,greedy,1
REQ-00005,10000000,3000,0.41817402839660645,11.977917909622192,-1,-1,0.0,FAILED,-1,False,,-1,,,,,,,-1.0,-1.0,-1.0,-1.0,-1.0,-1.0,-1.0,-1.0,-1.0,-1.0,-1.0,9.048524941,,
REQ-00004,10000000,3000,2.9904837608337402,10.141133069992065,['vit_b_16'],diamondback,0.8984872698783875,most_confident,2969.3319159559906,True,n01755581,1.0,,,,,,diamondback,-1.0,-1.0,-1.0,-1.0,-1.0,0.8984872698783875,-1.0,-1.0,-1.0,-1.0,-1.0,2.9585712238642587,greedy,1
REQ-00006,10000000,3000,3.2491350173950195,15.90949821472168,['vit_b_16'],spoonbill,0.8908324241638184,most_confident,3214.4638749887235,True,n02006656,1.0,,,,,,spoonbill,-1.0,-1.0,-1.0,-1.0,-1.0,0.7908324241638184,-1.0,-1.0,-1.0,-1.0,-1.0,2.929496601477833,greedy,1
REQ-00007,10000000,3000,2.72200608253479,20.434033155441284,['vit_b_16'],horned_viper,0.521210789680481,most_confident,2694.8598750168458,True,n01756291,1.0,,,,,,horned_viper,-1.0,-1.0,-1.0,-1.0,-1.0,0.521210789680481,-1.0,-1.0,-1.0,-1.0,-1.0,2.91702784133005,greedy,1
REQ-00009,10000000,3000,0.3823060989379883,28.902039051055908,-1,-1,0.0,FAILED,-1,False,,-1,,,,,,,-1.0,-1.0,-1.0,-1.0,-1.0,-1.0,-1.0,-1.0,-1.0,-1.0,-1.0,9.048524941,,
REQ-00010,10000000,3000,0.5456142425537109,31.40941619873047,-1,-1,0.0,FAILED,-1,False,,-1,,,,,,,-1.0,-1.0,-1.0,-1.0,-1.0,-1.0,-1.0,-1.0,-1.0,-1.0,-1.0,9.048524941,,
REQ-00008,10000000,3000,3.9530189037323,28.07817316055298,['vit_b_16'],bustard,0.8952562212944031,most_confident,3932.280167005956,True,n01843383,1.0,,,,,,toucan,-1.0,-1.0,-1.0,-1.0,-1.0,0.8952562212944031,-1.0,-1.0,-1.0,-1.0,-1.0,2.866804657197045,greedy,1
REQ-00011,10000000,3000,1.1893823146820068,35.9975221157074,['vit_b_16'],limpkin,0.8908920288085938,most_confident,1159.9848750047386,True,n02013706,1.0,,,,,,limpkin,-1.0,-1.0,-1.0,-1.0,-1.0,0.8908920288085938,-1.0,-1.0,-1.0,-1.0,-1.0,2.9558785914773402,greedy,1
REQ-00013,10000000,3000,0.3324589729309082,41.04793906211853,-1,-1,0.0,FAILED,-1,False,,-1,,,,,,,-1.0,-1.0,-1.0,-1.0,-1.0,-1.0,-1.0,-1.0,-1.0,-1.0,-1.0,9.048524941,,
REQ-00014,10000000,3000,3.1756021976470947,43.94937229156494,['vit_b_16'],wallaby,0.8582382798194885,most_confident,3145.915624976624,True,n01877812,1.0,,,,,,wallaby,-1.0,-1.0,-1.0,-1.0,-1.0,0.8582382798194885,-1.0,-1.0,-1.0,-1.0,-1.0,2.824160159096646,greedy,1
REQ-00015,10000000,3000,0.4753856658935547,46.80394434928894,-1,-1,0.0,FAILED,-1,False,,-1,,,,,,,-1.0,-1.0,-1.0,-1.0,-1.0,-1.0,-1.0,-1.0,-1.0,-1.0,-1.0,9.048524941,,
REQ-00016,10000000,3000,4.194676876068115,47.93997526168823,['vit_b_16'],diamondback,0.6532586693763733,most_confident,4169.822958006989,True,n01755581,1.0,,,,,,diamondback,-1.0,-1.0,-1.0,-1.0,-1.0,0.8532586693763733,-1.0,-1.0,-1.0,-1.0,-1.0,2.8259127431869815,greedy,1



REQ-00001,10000000,3000,0.4700431823730469,0.7133388519287109,-1,-1,0.0,FAILED,-1,False,,-1,,,,,,,-1.0,-1.0,-1.0,-1.0,-1.0,-1.0,-1.0,-1.0,-1.0,-1.0,-1.0,9.048524941,,
REQ-00000,10000000,3000,3.03192400932312,1.9073486328125e-06,['vit_b_16'],night_snake,0.8969805836677551,most_confident,3011.084917001426,True,n01740131,1.0,,,,,,night_snake,-1.0,-1.0,-1.0,-1.0,-1.0,0.8969805836677551,-1.0,-1.0,-1.0,-1.0,-1.0,0.2669490396845817,greedy,1
REQ-00002,10000000,3000,0.8698959350585938,2.189884901046753,-1,-1,0.0,FAILED,-1,False,,-1,,,,,,,-1.0,-1.0,-1.0,-1.0,-1.0,-1.0,-1.0,-1.0,-1.0,-1.0,-1.0,9.048524941,,
REQ-00003,10000000,3000,1.7821831703186035,12.30703592300415,['vit_b_16'],water_snake,0.5103652477264404,most_confident,1749.4137919857167,True,n01751748,1.0,,,,,,water_snake,-1.0,-1.0,-1.0,-1.0,-1.0,0.5103652477264404,-1.0,-1.0,-1.0,-1.0,-1.0,0.5047779357161236,greedy,1
REQ-00005,10000000,3000,0.40749573707580566,16.955924034118652,-1,-1,0.0,FAILED,-1,False,,-1,,,,,,,-1.0,-1.0,-1.0,-1.0,-1.0,-1.0,-1.0,-1.0,-1.0,-1.0,-1.0,9.048524941,,
REQ-00004,10000000,3000,2.4324328899383545,16.63111400604248,['vit_b_16'],cock,0.8620331287384033,most_confident,2407.4837079970166,True,n01514668,1.0,,,,,,cock,-1.0,-1.0,-1.0,-1.0,-1.0,0.8620331287384033,-1.0,-1.0,-1.0,-1.0,-1.0,0.6091176421445113,greedy,1
REQ-00006,10000000,3000,2.524677038192749,20.577862977981567,['vit_b_16'],kite,0.8771832585334778,most_confident,2504.8141250154004,True,n01608432,1.0,,,,,,kite,-1.0,-1.0,-1.0,-1.0,-1.0,0.8771832585334778,-1.0,-1.0,-1.0,-1.0,-1.0,0.7719671779300602,greedy,1
REQ-00008,10000000,3000,0.7477669715881348,24.601669788360596,-1,-1,0.0,FAILED,-1,False,,-1,,,,,,,-1.0,-1.0,-1.0,-1.0,-1.0,-1.0,-1.0,-1.0,-1.0,-1.0,-1.0,9.048524941,,
REQ-00007,10000000,3000,3.231994867324829,23.80592107772827,['vit_b_16'],conch,0.9041272401809692,most_confident,3211.1271250178106,True,n01943899,1.0,,,,,,conch,-1.0,-1.0,-1.0,-1.0,-1.0,0.9041272401809692,-1.0,-1.0,-1.0,-1.0,-1.0,0.9221995601370543,greedy,1
REQ-00009,10000000,3000,0.6493370532989502,38.11893081665039,['vit_b_16'],cock,0.5841292142868042,most_confident,620.45579100959,True,n01514859,1.0,,,,,,cock,-1.0,-1.0,-1.0,-1.0,-1.0,0.5841292142868042,-1.0,-1.0,-1.0,-1.0,-1.0,1.137299304123349,greedy,1
REQ-00010,10000000,3000,0.45983314514160156,39.54540491104126,['vit_b_16'],lorikeet,0.8934634923934937,most_confident,428.91899996902794,True,n01820546,1.0,,,,,,lorikeet,-1.0,-1.0,-1.0,-1.0,-1.0,0.8934634923934937,-1.0,-1.0,-1.0,-1.0,-1.0,1.050906673711014,greedy,1
REQ-00011,10000000,3000,0.29029011726379395,45.50360298156738,['vit_b_16'],tiger_shark,0.29725319147109985,most_confident,268.0163749610074,True,n01496331,1.0,,,,,,tiger_shark,-1.0,-1.0,-1.0,-1.0,-1.0,0.29725319147109985,-1.0,-1.0,-1.0,-1.0,-1.0,0.9639858063399126,greedy,1
REQ-00012,10000000,3000,0.6686711311340332,46.68627882003784,['vit_b_16'],black_widow,0.8765780329704285,most_confident,600.4236669978127,True,n01774384,1.0,,,,,,black_widow,-1.0,-1.0,-1.0,-1.0,-1.0,0.8765780329704285,-1.0,-1.0,-1.0,-1.0,-1.0,0.8820403257059214,greedy,1
REQ-00000,10000000,3000,0.7878000736236572,1.9073486328125e-06,['vit_b_16'],flamingo,0.8952796459197998,most_confident,770.645082986448,True,n02007558,1.0,,,,,,flamingo,-1.0,-1.0,-1.0,-1.0,-1.0,0.8952796459197998,-1.0,-1.0,-1.0,-1.0,-1.0,0.8143580931353293,greedy,1
REQ-00001,10000000,3000,1.2421820163726807,17.323301076889038,['vit_b_16'],black_swan,0.8979554176330566,most_confident,1201.7383750062436,True,n01860187,1.0,,,,,,black_swan,-1.0,-1.0,-1.0,-1.0,-1.0,0.8979554176330566,-1.0,-1.0,-1.0,-1.0,-1.0,0.7953770838217964,greedy,1
REQ-00002,10000000,3000,0.5027449131011963,21.9328351020813,-1,-1,0.0,FAILED,-1,False,,-1,,,,,,,-1.0,-1.0,-1.0,-1.0,-1.0,-1.0,-1.0,-1.0,-1.0,-1.0,-1.0,9.048524941,,
REQ-00003,10000000,3000,1.010401725769043,21.9564950466156,['vit_b_16'],wombat,0.8819244503974915,most_confident,990.7832920434885,True,n01883070,1.0,,,,,,wombat,-1.0,-1.0,-1.0,-1.0,-1.0,0.8819244503974915,-1.0,-1.0,-1.0,-1.0,-1.0,0.7491879754396167,greedy,1
REQ-00004,10000000,3000,1.2739439010620117,29.676985025405884,['vit_b_16'],bittern,0.8865696787834167,most_confident,1240.8949590171687,True,n02011460,1.0,,,,,,bittern,-1.0,-1.0,-1.0,-1.0,-1.0,0.8865696787834167,-1.0,-1.0,-1.0,-1.0,-1.0,0.747187077895655,greedy,1
REQ-00005,10000000,3000,0.9163239002227783,32.55693006515503,['vit_b_16'],great_white_shark,0.8688307404518127,most_confident,894.8067500023171,True,n01484850,1.0,,,,,,great_white_shark,-1.0,-1.0,-1.0,-1.0,-1.0,0.8688307404518127,-1.0,-1.0,-1.0,-1.0,-1.0,0.7518091701060895,greedy,1
REQ-00006,10000000,3000,0.7642381191253662,33.79404807090759,['vit_b_16'],tick,0.9230771064758301,most_confident,736.1495000077412,True,n01776313,1.0,,,,,,tick,-1.0,-1.0,-1.0,-1.0,-1.0,0.9230771064758301,-1.0,-1.0,-1.0,-1.0,-1.0,0.7153685530954805,greedy,1
REQ-00008,10000000,3000,0.7701289653778076,40.87381196022034,-1,-1,0.0,FAILED,-1,False,,-1,,,,,,,-1.0,-1.0,-1.0,-1.0,-1.0,-1.0,-1.0,-1.0,-1.0,-1.0,-1.0,9.048524941,,
REQ-00007,10000000,3000,1.9831078052520752,40.790032148361206,['vit_b_16'],lorikeet,0.9024532437324524,most_confident,1955.34545899136,True,n01820546,1.0,,,,,,lorikeet,-1.0,-1.0,-1.0,-1.0,-1.0,0.9024532437324524,-1.0,-1.0,-1.0,-1.0,-1.0,0.6600289977859325,greedy,1
REQ-00009,10000000,3000,2.7127537727355957,46.15857982635498,['vit_b_16'],garter_snake,0.8662576675415039,most_confident,2686.254166997969,True,n01735189,1.0,,,,,,garter_snake,-1.0,-1.0,-1.0,-1.0,-1.0,0.8662576675415039,-1.0,-1.0,-1.0,-1.0,-1.0,0.7374431980073393,greedy,1
REQ-00000,10000000,3000,0.6376760005950928,2.86102294921875e-06,['vit_b_16'],anemone_fish,0.5682065486907959,most_confident,619.9044160312042,True,n01914609,1.0,,,,,,anemone_fish,-1.0,-1.0,-1.0,-1.0,-1.0,0.5682065486907959,-1.0,-1.0,-1.0,-1.0,-1.0,0.9116545782066053,greedy,1
REQ-00001,10000000,3000,0.3810691833496094,3.9820728302001953,['vit_b_16'],sea_snake,0.8532807230949402,most_confident,352.9640829656273,True,n01751748,1.0,,,,,,sea_snake,-1.0,-1.0,-1.0,-1.0,-1.0,0.8532807230949402,-1.0,-1.0,-1.0,-1.0,-1.0,0.8557116203859448,greedy,1
REQ-00002,10000000,3000,0.5608351230621338,4.255203008651733,['vit_b_16'],black_swan,0.8511424660682678,most_confident,531.3098749611527,True,n01860187,1.0,,,,,,black_swan,-1.0,-1.0,-1.0,-1.0,-1.0,0.8511424660682678,-1.0,-1.0,-1.0,-1.0,-1.0,0.7868129583473503,greedy,1
REQ-00003,10000000,3000,0.30647921562194824,5.7670979499816895,['vit_b_16'],black_grouse,0.9293869733810425,most_confident,279.7844170127064,True,n01795545,1.0,,,,,,black_grouse,-1.0,-1.0,-1.0,-1.0,-1.0,0.9293869733810425,-1.0,-1.0,-1.0,-1.0,-1.0,0.7450105625126153,greedy,1
REQ-00004,10000000,3000,0.5377349853515625,8.08259892463684,['vit_b_16'],hammerhead,0.8923761248588562,most_confident,510.71641698945314,True,n01494475,1.0,,,,,,hammerhead,-1.0,-1.0,-1.0,-1.0,-1.0,0.8923761248588562,-1.0,-1.0,-1.0,-1.0,-1.0,0.6868584062613539,greedy,1
REQ-00005,10000000,3000,0.6481499671936035,9.815634965896606,['vit_b_16'],spiny_lobster,0.4603320062160492,most_confident,620.2953749452718,True,n01984695,1.0,,,,,,spiny_lobster,-1.0,-1.0,-1.0,-1.0,-1.0,0.4603320062160492,-1.0,-1.0,-1.0,-1.0,-1.0,0.6527184656352185,greedy,1
REQ-00006,10000000,3000,0.3479881286621094,10.838469982147217,['vit_b_16'],banded_gecko,0.8733019828796387,most_confident,324.78370796889067,True,n01675722,1.0,,,,,,banded_gecko,-1.0,-1.0,-1.0,-1.0,-1.0,0.8733019828796387,-1.0,-1.0,-1.0,-1.0,-1.0,0.6139083190716967,greedy,1
REQ-00007,10000000,3000,0.5775938034057617,15.366424798965454,['vit_b_16'],garter_snake,0.8638904094696045,most_confident,542.8794169565663,True,n01735189,1.0,,,,,,garter_snake,-1.0,-1.0,-1.0,-1.0,-1.0,0.8638904094696045,-1.0,-1.0,-1.0,-1.0,-1.0,0.5709099871645271,greedy,1
REQ-00009,10000000,3000,0.5515482425689697,21.682569980621338,-1,-1,0.0,FAILED,-1,False,,-1,,,,,,,-1.0,-1.0,-1.0,-1.0,-1.0,-1.0,-1.0,-1.0,-1.0,-1.0,-1.0,0.5297153884480744,,
REQ-00008,10000000,3000,2.139137029647827,21.662380933761597,['vit_b_16'],sea_anemone,0.8903131484985352,most_confident,2117.486791976262,True,n01914609,1.0,,,,,,sea_anemone,-1.0,-1.0,-1.0,-1.0,-1.0,0.8903131484985352,-1.0,-1.0,-1.0,-1.0,-1.0,0.5297153884480744,greedy,1
REQ-00010,10000000,3000,0.3312969207763672,33.989452838897705,['vit_b_16'],black_swan,0.91499924659729,most_confident,309.6019579679705,True,n01860187,1.0,,,,,,black_swan,-1.0,-1.0,-1.0,-1.0,-1.0,0.91499924659729,-1.0,-1.0,-1.0,-1.0,-1.0,0.6647670496032669,greedy,1
REQ-00011,10000000,3000,1.0627241134643555,45.108426094055176,['vit_b_16'],hen,0.8931018114089966,most_confident,890.6009999918751,True,n01514859,1.0,,,,,,hen,-1.0,-1.0,-1.0,-1.0,-1.0,0.8931018114089966,-1.0,-1.0,-1.0,-1.0,-1.0,0.6133384446429403,greedy,1





REQ-00000,10000000,3000,1.3541340827941895,6.198883056640625e-06,"['vit_b_16', 'resnet101']",goldfish,1.0,weighted_majority,1317.900667025242,True,n01443537,2.0,,,,,goldfish,goldfish,-1.0,-1.0,-1.0,-1.0,0.9997687935829163,0.8774550557136536,-1.0,-1.0,-1.0,-1.0,0.7954752550524449,0.42101842279130464,greedy,1
REQ-00001,10000000,3000,1.672394037246704,5.702077865600586,"['vit_b_16', 'resnet101']",oystercatcher,1.0,weighted_majority,1643.423667002935,True,n02037110,2.0,,,,,oystercatcher,oystercatcher,-1.0,-1.0,-1.0,-1.0,0.9998873472213745,0.8884495496749878,-1.0,-1.0,-1.0,-1.0,0.7655322295472005,0.4401601805121742,greedy,1
REQ-00002,10000000,3000,2.1853299140930176,13.271948099136353,"['vit_b_16', 'resnet101']",lorikeet,1.0,weighted_majority,2155.286040971987,True,n01820546,2.0,,,,,lorikeet,lorikeet,-1.0,-1.0,-1.0,-1.0,0.9994109869003296,0.8602325320243835,-1.0,-1.0,-1.0,-1.0,0.7802219065924805,0.4408028624609568,greedy,1
REQ-00003,10000000,3000,1.0847549438476562,21.27119517326355,"['vit_b_16', 'resnet101']",white_stork,1.0,weighted_majority,1043.7989580095746,True,n02002556,2.0,,,,,white_stork,white_stork,-1.0,-1.0,-1.0,-1.0,0.5802531242370605,0.820842981338501,-1.0,-1.0,-1.0,-1.0,0.7942778159332324,0.4908220762148611,greedy,1
REQ-00004,10000000,3000,1.654289960861206,25.74870800971985,"['vit_b_16', 'resnet101']",common_iguana,1.0,weighted_majority,1626.474542019423,True,n01677366,2.0,,,,,common_iguana,common_iguana,-1.0,-1.0,-1.0,-1.0,0.9997574687004089,0.8995562195777893,-1.0,-1.0,-1.0,-1.0,0.7698845343399092,0.459992668593375,greedy,1
REQ-00005,10000000,3000,1.5259718894958496,32.81148409843445,"['vit_b_16', 'resnet101']",magpie,1.0,weighted_majority,1499.3597089778632,True,n01582220,2.0,,,,,magpie,magpie,-1.0,-1.0,-1.0,-1.0,0.9997374415397644,0.8650549054145813,-1.0,-1.0,-1.0,-1.0,0.7633515809059184,0.4773422017340375,greedy,1
REQ-00006,10000000,3000,1.5428078174591064,34.820735931396484,"['vit_b_16', 'resnet101']",nematode,1.0,weighted_majority,1480.2612090134062,True,n01930112,2.0,,,,,nematode,nematode,-1.0,-1.0,-1.0,-1.0,1.0,0.8957715630531311,-1.0,-1.0,-1.0,-1.0,0.7938957228153266,0.4477441815606338,greedy,1
REQ-00007,10000000,3000,1.5563430786132812,40.80449199676514,"['vit_b_16', 'resnet101']",rock_crab,1.0,weighted_majority,1518.835292023141,True,n01978455,2.0,,,,,rock_crab,rock_crab,-1.0,-1.0,-1.0,-1.0,0.7768296599388123,0.8005698919296265,-1.0,-1.0,-1.0,-1.0,0.819489950533794,0.42618976340457043,greedy,1
REQ-00008,10000000,3000,1.7824902534484863,45.64971899986267,"['vit_b_16', 'resnet101']",albatross,1.0,weighted_majority,1749.0879590041004,True,n02058221,2.0,,,,,albatross,albatross,-1.0,-1.0,-1.0,-1.0,0.999954104423523,0.8957442045211792,-1.0,-1.0,-1.0,-1.0,0.8163000554804146,0.4090385870641134,greedy,1
REQ-00000,10000000,3000,0.9446530342102051,2.1457672119140625e-06,"['vit_b_16', 'resnet101']",cock,1.0,weighted_majority,929.3609999585897,True,n01514668,2.0,,,,,cock,cock,-1.0,-1.0,-1.0,-1.0,0.654425323009491,0.670555830001831,-1.0,-1.0,-1.0,-1.0,0.8357845499323732,0.42048742835770203,greedy,1
REQ-00001,10000000,3000,1.7038300037384033,0.9833741188049316,"['vit_b_16', 'resnet101']",boa_constrictor,1.0,weighted_majority,1673.582957999315,True,n01742172,2.0,,,,,boa_constrictor,boa_constrictor,-1.0,-1.0,-1.0,-1.0,0.9598764777183533,0.7187612056732178,-1.0,-1.0,-1.0,-1.0,0.7909154949391358,0.3993485855219318,greedy,1
REQ-00002,10000000,3000,1.1534979343414307,3.4974379539489746,"['vit_b_16', 'resnet101']",king_snake,0.7371459994638603,weighted_majority,1131.1974170384929,True,n01740131,2.0,,,,,night_snake,king_snake,-1.0,-1.0,-1.0,-1.0,0.2347293645143509,0.658273458480835,-1.0,-1.0,-1.0,-1.0,0.8233921454452222,0.38462792696973863,greedy,1
REQ-00003,10000000,3000,1.2831659317016602,12.425894260406494,"['vit_b_16', 'resnet101']",hermit_crab,1.0,weighted_majority,1258.5014160140418,True,n01986214,2.0,,,,,hermit_crab,hermit_crab,-1.0,-1.0,-1.0,-1.0,0.9776596426963806,0.8924999833106995,-1.0,-1.0,-1.0,-1.0,0.7999134309007,0.3716024342727648,greedy,1
REQ-00004,10000000,3000,2.6985578536987305,13.199218988418579,"['vit_b_16', 'resnet101']",common_newt,1.0,weighted_majority,2675.111624994315,True,n01630670,2.0,,,,,common_newt,common_newt,-1.0,-1.0,-1.0,-1.0,0.9935861229896545,0.9021224975585938,-1.0,-1.0,-1.0,-1.0,7.863217845,0.35758689084548834,greedy,1
REQ-00005,10000000,3000,2.7774369716644287,16.907535076141357,"['vit_b_16', 'resnet101']",peacock,1.0,weighted_majority,2745.1653329771943,True,n01806143,2.0,,,,,peacock,peacock,-1.0,-1.0,-1.0,-1.0,0.9999008178710938,0.8969134092330933,-1.0,-1.0,-1.0,-1.0,0.8774710790295671,0.37752850176093955,greedy,1
REQ-00006,10000000,3000,0.9263057708740234,20.690495014190674,"['vit_b_16', 'resnet101']",nematode,1.0,weighted_majority,902.7202920406125,True,n01930112,2.0,,,,,nematode,nematode,-1.0,-1.0,-1.0,-1.0,0.9397085309028625,0.8834216594696045,-1.0,-1.0,-1.0,-1.0,0.8589945711266104,0.3628997515848456,greedy,1
REQ-00007,10000000,3000,1.5248451232910156,21.237948894500732,"['vit_b_16', 'resnet101']",jellyfish,1.0,weighted_majority,1500.3605830133893,True,n01910747,2.0,,,,,jellyfish,jellyfish,-1.0,-1.0,-1.0,-1.0,0.9799683094024658,0.8784970045089722,-1.0,-1.0,-1.0,-1.0,7.863217845,0.3559293764263611,greedy,1
REQ-00008,10000000,3000,1.2873530387878418,22.59943389892578,"['vit_b_16', 'resnet101']",hognose_snake,1.0,weighted_majority,1259.5198339549825,True,n01729322,2.0,,,,,hognose_snake,hognose_snake,-1.0,-1.0,-1.0,-1.0,0.8571467995643616,0.913912296295166,-1.0,-1.0,-1.0,-1.0,0.7846684826125545,0.357614238783725,greedy,1
REQ-00009,10000000,3000,1.6763482093811035,24.046077966690063,"['vit_b_16', 'resnet101']",coucal,1.0,weighted_majority,1648.093040974345,True,n01824575,2.0,,,,,coucal,coucal,-1.0,-1.0,-1.0,-1.0,0.999508261680603,0.8933230638504028,-1.0,-1.0,-1.0,-1.0,0.7622693343512992,0.3388639149053525,greedy,1
REQ-00010,10000000,3000,0.897637128829956,26.75435996055603,"['vit_b_16', 'resnet101']",american_coot,1.0,weighted_majority,868.7532500480302,True,n02018207,2.0,,,,,american_coot,american_coot,-1.0,-1.0,-1.0,-1.0,0.9978512525558472,0.8702099323272705,-1.0,-1.0,-1.0,-1.0,0.7863582009161694,0.32856322341481725,greedy,1
REQ-00011,10000000,3000,1.5118510723114014,28.273076057434082,"['vit_b_16', 'resnet101']",red-backed_sandpiper,1.0,weighted_majority,1485.0539159961045,True,n02027492,2.0,,,,,red-backed_sandpiper,red-backed_sandpiper,-1.0,-1.0,-1.0,-1.0,0.9987668991088867,0.8916913866996765,-1.0,-1.0,-1.0,-1.0,0.7440185808245524,0.31935130107333554,greedy,1
REQ-00012,10000000,3000,1.082697868347168,29.659592866897583,"['vit_b_16', 'resnet101']",hummingbird,1.0,weighted_majority,1053.2776670297608,True,n01833805,2.0,,,,,hummingbird,hummingbird,-1.0,-1.0,-1.0,-1.0,0.9735133647918701,0.8849955201148987,-1.0,-1.0,-1.0,-1.0,0.7499929227420972,0.31200027096600197,greedy,1
REQ-00013,10000000,3000,1.4126698970794678,37.52266597747803,"['vit_b_16', 'resnet101']",coucal,1.0,weighted_majority,1391.377708001528,True,n01824575,2.0,,,,,coucal,coucal,-1.0,-1.0,-1.0,-1.0,0.9997288584709167,0.8461576700210571,-1.0,-1.0,-1.0,-1.0,0.7168318304678876,0.31531234386940177,greedy,1
REQ-00014,10000000,3000,3.5486650466918945,43.13482213020325,"['vit_b_16', 'resnet101']",redshank,1.0,weighted_majority,3514.5325000048615,True,n02028035,2.0,,,,,redshank,redshank,-1.0,-1.0,-1.0,-1.0,0.9981959462165833,0.911497175693512,-1.0,-1.0,-1.0,-1.0,0.7077766474210988,0.3051891094824616,greedy,1
REQ-00016,10000000,3000,4.9362781047821045,49.05238604545593,"['vit_b_16', 'resnet101']",harvestman,1.0,weighted_majority,4911.212416947819,True,n01770081,2.0,,,,,harvestman,harvestman,-1.0,-1.0,-1.0,-1.0,0.9999345541000366,0.8472855091094971,-1.0,-1.0,-1.0,-1.0,0.9160394826789888,0.34401314868079386,greedy,1
REQ-00015,10000000,3000,10.045171976089478,43.956039905548096,"['vit_b_16', 'resnet101']",limpkin,1.0,weighted_majority,10014.961458044127,True,n02013706,2.0,,,,,limpkin,limpkin,-1.0,-1.0,-1.0,-1.0,0.9959050416946411,0.8721929788589478,-1.0,-1.0,-1.0,-1.0,7.863217845,0.2972634985342154,greedy,1
REQ-00000,1000,3000,0.8252692222595215,2.1457672119140625e-06,['vit_b_16'],alligator_lizard,1.0,weighted_majority,799.538749968633,True,n01685808,2.0,,,,,,alligator_lizard,-1.0,-1.0,-1.0,-1.0,-1.0,0.5940498113632202,-1.0,-1.0,-1.0,-1.0,-1.0,0.35619853381271444,greedy,1
REQ-00001,1000,3000,0.5979838371276855,5.349437952041626,['vit_b_16'],black_and_gold_garden_spider,1.0,weighted_majority,565.7348330132663,True,n01773157,2.0,,,,,,black_and_gold_garden_spider,-1.0,-1.0,-1.0,-1.0,-1.0,0.6993331909179688,-1.0,-1.0,-1.0,-1.0,-1.0,0.346812580431443,greedy,1
REQ-00002,1000,3000,1.3431808948516846,6.450284004211426,['vit_b_16'],hognose_snake,1.0,weighted_majority,1318.7252919888124,True,n01729322,2.0,,,,,,hognose_snake,-1.0,-1.0,-1.0,-1.0,-1.0,0.8940865397453308,-1.0,-1.0,-1.0,-1.0,-1.0,0.33762512238829867,greedy,1
REQ-00003,1000,3000,0.493710994720459,8.626756191253662,['vit_b_16'],black_and_gold_garden_spider,1.0,weighted_majority,469.26325000822544,True,n01773157,2.0,,,,,,black_and_gold_garden_spider,-1.0,-1.0,-1.0,-1.0,-1.0,0.6993290781974792,-1.0,-1.0,-1.0,-1.0,-1.0,0.4046279101494688,greedy,1
REQ-00004,1000,3000,0.46494388580322266,11.358804941177368,['vit_b_16'],great_white_shark,1.0,weighted_majority,433.382207993418,True,n01484850,2.0,,,,,,great_white_shark,-1.0,-1.0,-1.0,-1.0,-1.0,0.8274046182632446,-1.0,-1.0,-1.0,-1.0,-1.0,0.38984201913452193,greedy,1
REQ-00005,1000,3000,0.566274881362915,12.653037071228027,['vit_b_16'],terrapin,1.0,weighted_majority,539.3425839720294,True,n01667778,2.0,,,,,,terrapin,-1.0,-1.0,-1.0,-1.0,-1.0,0.8795660734176636,-1.0,-1.0,-1.0,-1.0,-1.0,0.3767886172210697,greedy,1
REQ-00006,1000,3000,0.4668540954589844,18.514867067337036,['vit_b_16'],great_white_shark,1.0,weighted_majority,433.76041599549353,True,n01484850,2.0,,,,,,great_white_shark,-1.0,-1.0,-1.0,-1.0,-1.0,0.8926368951797485,-1.0,-1.0,-1.0,-1.0,-1.0,0.3648041554989628,greedy,1
REQ-00007,1000,3000,0.4756500720977783,22.17793321609497,['vit_b_16'],scorpion,1.0,weighted_majority,445.90120896464214,True,n01770393,2.0,,,,,,scorpion,-1.0,-1.0,-1.0,-1.0,-1.0,0.8770955204963684,-1.0,-1.0,-1.0,-1.0,-1.0,0.3544326399490665,greedy,1
REQ-00008,1000,3000,0.5998449325561523,28.077444076538086,['vit_b_16'],water_ouzel,1.0,weighted_majority,572.9908329667524,True,n01601694,2.0,,,,,,water_ouzel,-1.0,-1.0,-1.0,-1.0,-1.0,0.8840644359588623,-1.0,-1.0,-1.0,-1.0,-1.0,0.34351777595415983,greedy,1
REQ-00009,1000,3000,0.7370402812957764,35.972769021987915,['vit_b_16'],american_alligator,1.0,weighted_majority,700.080499984324,True,n01698640,2.0,,,,,,american_alligator,-1.0,-1.0,-1.0,-1.0,-1.0,0.8909738659858704,-1.0,-1.0,-1.0,-1.0,-1.0,0.33710519835874386,greedy,1
REQ-00010,1000,3000,3.2863309383392334,43.562783002853394,['vit_b_16'],electric_ray,1.0,weighted_majority,3260.4970839456655,True,n01496331,2.0,,,,,,electric_ray,-1.0,-1.0,-1.0,-1.0,-1.0,0.9090147614479065,-1.0,-1.0,-1.0,-1.0,-1.0,0.3544863785228695,greedy,1
REQ-00011,1000,3000,3.553014039993286,43.577821016311646,"['resnet50', 'resnet34']",sulphur-crested_cockatoo,1.0,weighted_majority,3464.097124990076,True,n01819313,2.0,,,sulphur-crested_cockatoo,sulphur-crested_cockatoo,,,-1.0,-1.0,0.9996247291564941,0.9995988011360168,-1.0,-1.0,-1.0,-1.0,0.15525934562983465,0.3610780884101297,-1.0,-1.0,greedy,1
REQ-00012,1000,3000,0.7310652732849121,47.812318086624146,['vit_b_16'],thunder_snake,1.0,weighted_majority,711.5447089890949,True,n01728572,2.0,,,,,,thunder_snake,-1.0,-1.0,-1.0,-1.0,-1.0,0.9035534262657166,-1.0,-1.0,-1.0,-1.0,-1.0,0.6311117406705826,greedy,1
REQ-00013,1000,3000,0.5585060119628906,49.820863008499146,['vit_b_16'],albatross,1.0,weighted_majority,534.5263340277597,True,n02058221,2.0,,,,,,albatross,-1.0,-1.0,-1.0,-1.0,-1.0,0.8807253837585449,-1.0,-1.0,-1.0,-1.0,-1.0,0.5932898666035243,greedy,1
REQ-00000,5000,3000,1.1402418613433838,2.1457672119140625e-06,['vit_b_16'],american_coot,1.0,weighted_majority,1127.7340830420144,True,n02018207,2.0,,,,,,american_coot,-1.0,-1.0,-1.0,-1.0,-1.0,0.8972622752189636,-1.0,-1.0,-1.0,-1.0,-1.0,0.5604453799431719,greedy,1
REQ-00001,5000,3000,1.4281139373779297,1.2348911762237549,['vit_b_16'],wallaby,1.0,weighted_majority,1408.4277499932796,True,n01877812,2.0,,,,,,wallaby,-1.0,-1.0,-1.0,-1.0,-1.0,0.8837742209434509,-1.0,-1.0,-1.0,-1.0,-1.0,0.5307402419488547,greedy,1
REQ-00002,5000,3000,0.5117638111114502,4.19744610786438,['vit_b_16'],prairie_chicken,1.0,weighted_majority,494.0859170164913,True,n01798484,2.0,,,,,,prairie_chicken,-1.0,-1.0,-1.0,-1.0,-1.0,0.8162670135498047,-1.0,-1.0,-1.0,-1.0,-1.0,0.5878462177539693,greedy,1
REQ-00003,5000,3000,0.7593209743499756,5.868980169296265,['vit_b_16'],albatross,1.0,weighted_majority,742.3207919928245,True,n02058221,2.0,,,,,,albatross,-1.0,-1.0,-1.0,-1.0,-1.0,0.9201469421386719,-1.0,-1.0,-1.0,-1.0,-1.0,0.5540568959785724,greedy,1
REQ-00004,5000,3000,0.5679938793182373,6.910758972167969,['vit_b_16'],dungeness_crab,1.0,weighted_majority,541.2295830319636,True,n01978287,2.0,,,,,,dungeness_crab,-1.0,-1.0,-1.0,-1.0,-1.0,0.5040802359580994,-1.0,-1.0,-1.0,-1.0,-1.0,0.5354140063807152,greedy,1
REQ-00005,5000,3000,0.5539910793304443,8.94497799873352,['vit_b_16'],limpkin,1.0,weighted_majority,526.5789160039276,True,n02013706,2.0,,,,,,limpkin,-1.0,-1.0,-1.0,-1.0,-1.0,0.8999596834182739,-1.0,-1.0,-1.0,-1.0,-1.0,0.5100801057426437,greedy,1
REQ-00006,5000,3000,0.5465967655181885,9.799317121505737,['vit_b_16'],spiny_lobster,1.0,weighted_majority,499.8782919719815,True,n01984695,2.0,,,,,,spiny_lobster,-1.0,-1.0,-1.0,-1.0,-1.0,0.8736428022384644,-1.0,-1.0,-1.0,-1.0,-1.0,0.49607779516837935,greedy,1
REQ-00007,5000,3000,0.4405360221862793,11.740076065063477,['vit_b_16'],black_and_gold_garden_spider,1.0,weighted_majority,421.4640000136569,True,n01773797,2.0,,,,,,black_and_gold_garden_spider,-1.0,-1.0,-1.0,-1.0,-1.0,0.6475204229354858,-1.0,-1.0,-1.0,-1.0,-1.0,0.4736195156515414,greedy,1
REQ-00008,5000,3000,0.5871658325195312,12.421656131744385,['vit_b_16'],diamondback,1.0,weighted_majority,561.9425000040792,True,n01755581,2.0,,,,,,diamondback,-1.0,-1.0,-1.0,-1.0,-1.0,0.8102197051048279,-1.0,-1.0,-1.0,-1.0,-1.0,0.45151296408638725,greedy,1
REQ-00009,5000,3000,0.604363203048706,13.28690791130066,['vit_b_16'],green_lizard,1.0,weighted_majority,580.7597499806434,True,n01693334,2.0,,,,,,green_lizard,-1.0,-1.0,-1.0,-1.0,-1.0,0.9097176194190979,-1.0,-1.0,-1.0,-1.0,-1.0,0.4350668676777485,greedy,1
REQ-00010,5000,3000,7.192156791687012,13.719520092010498,"['resnet101', 'resnet50']",alligator_lizard,1.0,weighted_majority,7164.432375051547,True,n01687978,2.0,,,,alligator_lizard,alligator_lizard,,-1.0,-1.0,-1.0,0.2894468605518341,0.5919759273529053,-1.0,-1.0,-1.0,-1.0,0.6164201795691169,1.20461503441109,-1.0,greedy,1
REQ-00011,5000,3000,8.07855486869812,14.570568084716797,['vit_b_16'],bustard,1.0,weighted_majority,8046.389082970563,True,n02018795,2.0,,,,,,bustard,-1.0,-1.0,-1.0,-1.0,-1.0,0.8474477529525757,-1.0,-1.0,-1.0,-1.0,-1.0,0.42962088090997363,greedy,1
REQ-00012,5000,3000,3.739518880844116,18.975980043411255,['resnet101'],wolf_spider,1.0,weighted_majority,3712.625957967248,True,n01775062,2.0,,,,,wolf_spider,,-1.0,-1.0,-1.0,-1.0,0.9307898879051208,-1.0,-1.0,-1.0,-1.0,-1.0,1.168562230969981,-1.0,greedy,1
REQ-00013,5000,3000,0.9123501777648926,22.845344066619873,['vit_b_16'],cock,1.0,weighted_majority,882.4457079754211,True,n01514668,2.0,,,,,,cock,-1.0,-1.0,-1.0,-1.0,-1.0,0.8772894144058228,-1.0,-1.0,-1.0,-1.0,-1.0,1.1400011928189764,greedy,1
REQ-00014,5000,3000,10.208101987838745,27.577254056930542,['vit_b_16'],drake,1.0,weighted_majority,10138.082999968901,True,n01847000,2.0,,,,,,drake,-1.0,-1.0,-1.0,-1.0,-1.0,0.8563470840454102,-1.0,-1.0,-1.0,-1.0,-1.0,1.0835255735370788,greedy,1
REQ-00016,5000,3000,22.318567991256714,29.596206188201904,"['resnet101', 'resnet50']",goldfinch,1.0,weighted_majority,22293.802083004266,True,n01531178,2.0,,,,goldfinch,goldfinch,,-1.0,-1.0,-1.0,0.9760494232177734,0.9986218214035034,-1.0,-1.0,-1.0,-1.0,1.1286449616122052,1.410441707872983,-1.0,greedy,1
REQ-00017,5000,3000,23.182451009750366,29.671265125274658,"['resnet50', 'resnet34']",goldfish,1.0,weighted_majority,23125.15091599198,True,n01443537,2.0,,,goldfish,goldfish,,,-1.0,-1.0,0.99885094165802,0.9998195767402649,-1.0,-1.0,-1.0,-1.0,0.1627319110668512,1.1286449616122052,-1.0,-1.0,greedy,1
REQ-00015,5000,3000,26.055810928344727,27.812947034835815,"['resnet101', 'resnet50']",nematode,0.6371942796593255,weighted_majority,26030.35416698549,True,n01930112,2.0,,,,thunder_snake,nematode,,-1.0,-1.0,-1.0,0.2532556653022766,0.4447919428348541,-1.0,-1.0,-1.0,-1.0,1.1286449616122052,1.410441707872983,-1.0,greedy,1
REQ-00000,6000,3000,0.7443771362304688,1.9073486328125e-06,"['vit_b_16', 'resnet101']",hornbill,1.0,weighted_majority,728.1423749518581,True,n01829413,2.0,,,,,hornbill,hornbill,-1.0,-1.0,-1.0,-1.0,0.9992658495903015,0.8960039019584656,-1.0,-1.0,-1.0,-1.0,0.3502503078333751,0.35737896961856275,greedy,1
REQ-00001,6000,3000,0.9862809181213379,2.5839290618896484,"['vit_b_16', 'resnet101']",spiny_lobster,1.0,weighted_majority,965.4802089789882,True,n01984695,2.0,,,,,spiny_lobster,spiny_lobster,-1.0,-1.0,-1.0,-1.0,0.965121328830719,0.8513368964195251,-1.0,-1.0,-1.0,-1.0,0.33597987705003757,0.3410760726567065,greedy,1
REQ-00002,6000,3000,0.6640157699584961,4.0464560985565186,"['vit_b_16', 'resnet101']",axolotl,1.0,weighted_majority,646.3638750137761,True,n01632777,2.0,,,,,axolotl,axolotl,-1.0,-1.0,-1.0,-1.0,0.9999562501907349,0.8906252980232239,-1.0,-1.0,-1.0,-1.0,0.3257219893450338,0.32713786539103584,greedy,1
REQ-00003,6000,3000,1.4377079010009766,6.65468692779541,"['vit_b_16', 'resnet101']",boa_constrictor,1.0,weighted_majority,1395.43012494687,True,n01742172,2.0,,,,,boa_constrictor,boa_constrictor,-1.0,-1.0,-1.0,-1.0,0.9234217405319214,0.8137670755386353,-1.0,-1.0,-1.0,-1.0,0.31723299041053044,0.3191262788519323,greedy,1
REQ-00004,6000,3000,0.8600471019744873,14.808572053909302,"['vit_b_16', 'resnet101']",chickadee,1.0,weighted_majority,832.7000419958495,True,n01592084,2.0,,,,,chickadee,chickadee,-1.0,-1.0,-1.0,-1.0,0.9990249872207642,0.9016332030296326,-1.0,-1.0,-1.0,-1.0,0.3086950913694774,0.37389035096673906,greedy,1
REQ-00005,6000,3000,1.9877877235412598,21.636396884918213,"['vit_b_16', 'resnet101']",bee_eater,1.0,weighted_majority,1935.845167026855,True,n01828970,2.0,,,,,bee_eater,bee_eater,-1.0,-1.0,-1.0,-1.0,0.9663413166999817,0.8879237174987793,-1.0,-1.0,-1.0,-1.0,0.3029510822325297,0.36221261587006515,greedy,1
REQ-00000,3000,3000,0.6358342170715332,3.0994415283203125e-06,"['vit_b_16', 'resnet101']",barn_spider,1.0,weighted_majority,614.385333028622,True,n01773549,2.0,,,,,barn_spider,barn_spider,-1.0,-1.0,-1.0,-1.0,0.8431577682495117,0.8154007196426392,-1.0,-1.0,-1.0,-1.0,0.3133396740092767,0.4072988542830587,greedy,1
REQ-00002,3000,3000,2.6581192016601562,5.393028020858765,"['resnet101', 'resnet50']",sulphur-crested_cockatoo,1.0,weighted_majority,2628.6594169796444,True,n01819313,2.0,,,,sulphur-crested_cockatoo,sulphur-crested_cockatoo,,-1.0,-1.0,-1.0,0.999599039554596,0.9999669790267944,-1.0,-1.0,-1.0,-1.0,0.33381427330069313,0.30254920660834905,-1.0,greedy,1
REQ-00001,3000,3000,3.606419086456299,4.9642980098724365,"['vit_b_16', 'resnet101']",spotted_salamander,1.0,weighted_majority,3579.9424999859184,True,n01632458,2.0,,,,,spotted_salamander,spotted_salamander,-1.0,-1.0,-1.0,-1.0,0.9145435094833374,0.8694444894790649,-1.0,-1.0,-1.0,-1.0,0.30254920660834905,0.38645326885475284,greedy,1
REQ-00003,3000,3000,0.42436885833740234,10.68527102470398,['vit_b_16'],vine_snake,1.0,weighted_majority,397.4966669920832,True,n01739381,2.0,,,,,,vine_snake,-1.0,-1.0,-1.0,-1.0,-1.0,0.5002819895744324,-1.0,-1.0,-1.0,-1.0,-1.0,0.38468864196927754,greedy,1
REQ-00004,3000,3000,1.2325029373168945,11.328377962112427,['vit_b_16'],hen,1.0,weighted_majority,1200.9027079911903,True,n01514859,2.0,,,,,,hen,-1.0,-1.0,-1.0,-1.0,-1.0,0.8190760016441345,-1.0,-1.0,-1.0,-1.0,-1.0,0.3705532777723498,greedy,1
REQ-00005,3000,3000,0.5497279167175293,13.139280080795288,['vit_b_16'],tiger_shark,1.0,weighted_majority,534.9122079787776,True,n01491361,2.0,,,,,,tiger_shark,-1.0,-1.0,-1.0,-1.0,-1.0,0.8943523168563843,-1.0,-1.0,-1.0,-1.0,-1.0,0.41148454999511486,greedy,1
REQ-00006,3000,3000,1.0492711067199707,15.503756999969482,['vit_b_16'],chiton,1.0,weighted_majority,1019.8393749888055,True,n01955084,2.0,,,,,,chiton,-1.0,-1.0,-1.0,-1.0,-1.0,0.902140736579895,-1.0,-1.0,-1.0,-1.0,-1.0,0.3957158949956034,greedy,1
REQ-00007,3000,3000,0.4263288974761963,22.75342583656311,['vit_b_16'],garter_snake,1.0,weighted_majority,397.9905839660205,True,n01735189,2.0,,,,,,garter_snake,-1.0,-1.0,-1.0,-1.0,-1.0,0.7779964804649353,-1.0,-1.0,-1.0,-1.0,-1.0,0.43688950549604305,greedy,1
REQ-00008,3000,3000,0.46278977394104004,27.49126696586609,['vit_b_16'],water_ouzel,1.0,weighted_majority,434.137667005416,True,n01601694,2.0,,,,,,water_ouzel,-1.0,-1.0,-1.0,-1.0,-1.0,0.8488432168960571,-1.0,-1.0,-1.0,-1.0,-1.0,0.4159193549464387,greedy,1
REQ-00009,3000,3000,1.1452600955963135,27.80475091934204,"['resnet101', 'resnet50']",sea_lion,1.0,weighted_majority,1111.2857919652015,True,n02077923,2.0,,,,sea_lion,sea_lion,,-1.0,-1.0,-1.0,0.9999334812164307,0.9998964071273804,-1.0,-1.0,-1.0,-1.0,0.3221988459706238,0.7343348673527628,-1.0,greedy,1
REQ-00010,3000,3000,0.7245540618896484,29.791749000549316,['vit_b_16'],flamingo,1.0,weighted_majority,695.8154159947298,True,n02007558,2.0,,,,,,flamingo,-1.0,-1.0,-1.0,-1.0,-1.0,0.8860726952552795,-1.0,-1.0,-1.0,-1.0,-1.0,0.3961283194517949,greedy,1
REQ-00000,3000,3000,0.4936840534210205,2.6226043701171875e-06,['vit_b_16'],banded_gecko,1.0,weighted_majority,482.1972920326516,True,n01675722,2.0,,,,,,banded_gecko,-1.0,-1.0,-1.0,-1.0,-1.0,0.8736135959625244,-1.0,-1.0,-1.0,-1.0,-1.0,0.4059350875066154,greedy,1
REQ-00001,3000,3000,0.3955078125,5.5941009521484375,['vit_b_16'],horned_viper,1.0,weighted_majority,374.64333296520635,True,n01753488,2.0,,,,,,horned_viper,-1.0,-1.0,-1.0,-1.0,-1.0,0.4423547685146332,-1.0,-1.0,-1.0,-1.0,-1.0,0.38700797875595383,greedy,1
REQ-00002,3000,3000,0.5913040637969971,7.204372882843018,['vit_b_16'],hummingbird,1.0,weighted_majority,559.2503329971805,True,n01833805,2.0,,,,,,hummingbird,-1.0,-1.0,-1.0,-1.0,-1.0,0.8947350382804871,-1.0,-1.0,-1.0,-1.0,-1.0,0.36853388088035843,greedy,1
REQ-00003,3000,3000,0.6366140842437744,9.335158586502075,['vit_b_16'],conch,1.0,weighted_majority,503.15220799529925,True,n01943899,2.0,,,,,,conch,-1.0,-1.0,-1.0,-1.0,-1.0,0.8870435953140259,-1.0,-1.0,-1.0,-1.0,-1.0,0.3595038927923226,greedy,1
REQ-00004,3000,3000,0.5405290126800537,11.01365876197815,['vit_b_16'],chickadee,1.0,weighted_majority,410.63533298438415,True,n01592084,2.0,,,,,,chickadee,-1.0,-1.0,-1.0,-1.0,-1.0,0.8972004652023315,-1.0,-1.0,-1.0,-1.0,-1.0,0.3555180035130903,greedy,1
REQ-00005,3000,3000,0.7763121128082275,11.718778848648071,['vit_b_16'],sulphur-crested_cockatoo,1.0,weighted_majority,654.1387499892153,True,n01819313,2.0,,,,,,sulphur-crested_cockatoo,-1.0,-1.0,-1.0,-1.0,-1.0,0.9036923050880432,-1.0,-1.0,-1.0,-1.0,-1.0,0.34341190316178133,greedy,1
REQ-00006,3000,3000,0.6165719032287598,15.707906723022461,['vit_b_16'],thunder_snake,1.0,weighted_majority,531.6495840088464,True,n01728572,2.0,,,,,,thunder_snake,-1.0,-1.0,-1.0,-1.0,-1.0,0.8900809288024902,-1.0,-1.0,-1.0,-1.0,-1.0,0.3307583128456032,greedy,1
REQ-00007,3000,3000,0.9259037971496582,16.629218816757202,['vit_b_16'],indigo_bunting,1.0,weighted_majority,874.2974170017987,True,n01537544,2.0,,,,,,indigo_bunting,-1.0,-1.0,-1.0,-1.0,-1.0,0.8854618668556213,-1.0,-1.0,-1.0,-1.0,-1.0,0.32532618156104287,greedy,1
REQ-00008,3000,3000,1.0197629928588867,17.837689876556396,['vit_b_16'],drake,1.0,weighted_majority,884.3864590162411,True,n01847000,2.0,,,,,,drake,-1.0,-1.0,-1.0,-1.0,-1.0,0.8727264404296875,-1.0,-1.0,-1.0,-1.0,-1.0,0.3521329634049386,greedy,1
REQ-00009,3000,3000,0.39292192459106445,23.512154817581177,['vit_b_16'],hammerhead,1.0,weighted_majority,352.72579098818824,True,n01494475,2.0,,,,,,hammerhead,-1.0,-1.0,-1.0,-1.0,-1.0,0.9298000931739807,-1.0,-1.0,-1.0,-1.0,-1.0,0.33831686706444475,greedy,1
REQ-00010,3000,3000,0.41960811614990234,25.580013751983643,['vit_b_16'],wallaby,1.0,weighted_majority,398.26712501235306,True,n01877812,2.0,,,,,,wallaby,-1.0,-1.0,-1.0,-1.0,-1.0,0.8595400452613831,-1.0,-1.0,-1.0,-1.0,-1.0,0.32361218035800027,greedy,1
REQ-00011,3000,3000,0.6510930061340332,26.212053775787354,['vit_b_16'],kite,1.0,weighted_majority,635.9416660270654,True,n01608432,2.0,,,,,,kite,-1.0,-1.0,-1.0,-1.0,-1.0,0.6773473620414734,-1.0,-1.0,-1.0,-1.0,-1.0,0.3140326623222003,greedy,1
REQ-00012,3000,3000,0.4525272846221924,29.638227939605713,['vit_b_16'],boa_constrictor,1.0,weighted_majority,402.5827909936197,True,n01742172,2.0,,,,,,boa_constrictor,-1.0,-1.0,-1.0,-1.0,-1.0,0.9108697175979614,-1.0,-1.0,-1.0,-1.0,-1.0,0.3232178960899803,greedy,1
REQ-00000,3000,3000,0.4941401481628418,1.9073486328125e-06,['vit_b_16'],night_snake,1.0,weighted_majority,465.5332079855725,True,n01740131,2.0,,,,,,night_snake,-1.0,-1.0,-1.0,-1.0,-1.0,0.6119376420974731,-1.0,-1.0,-1.0,-1.0,-1.0,0.3212830924985244,greedy,1
REQ-00001,3000,3000,0.7022597789764404,0.8167169094085693,['vit_b_16'],white_stork,1.0,weighted_majority,673.6302500357851,True,n02002556,2.0,,,,,,white_stork,-1.0,-1.0,-1.0,-1.0,-1.0,0.8085020184516907,-1.0,-1.0,-1.0,-1.0,-1.0,0.30902498324867195,greedy,1
REQ-00002,3000,3000,0.4896860122680664,8.581187009811401,['vit_b_16'],vine_snake,1.0,weighted_majority,465.8953750040382,True,n01739381,2.0,,,,,,vine_snake,-1.0,-1.0,-1.0,-1.0,-1.0,0.8361737728118896,-1.0,-1.0,-1.0,-1.0,-1.0,0.30944198492380476,greedy,1
REQ-00003,3000,3000,0.5539441108703613,11.080572843551636,['vit_b_16'],loggerhead,1.0,weighted_majority,528.5992080462165,True,n01664065,2.0,,,,,,loggerhead,-1.0,-1.0,-1.0,-1.0,-1.0,0.8734754323959351,-1.0,-1.0,-1.0,-1.0,-1.0,0.3058882864314243,greedy,1
REQ-00004,3000,3000,0.6481599807739258,14.28668212890625,['vit_b_16'],bittern,1.0,weighted_majority,619.1600839956664,True,n02011460,2.0,,,,,,bittern,-1.0,-1.0,-1.0,-1.0,-1.0,0.9031134247779846,-1.0,-1.0,-1.0,-1.0,-1.0,0.30598305778828183,greedy,1
REQ-00005,3000,3000,0.6212301254272461,17.906352758407593,['vit_b_16'],american_chameleon,1.0,weighted_majority,456.44204097334296,True,n01693334,2.0,,,,,,american_chameleon,-1.0,-1.0,-1.0,-1.0,-1.0,0.5077375173568726,-1.0,-1.0,-1.0,-1.0,-1.0,0.3197007520094537,greedy,1
REQ-00006,3000,3000,0.7239129543304443,22.912096977233887,['vit_b_16'],american_coot,1.0,weighted_majority,696.3230000110343,True,n02018207,2.0,,,,,,american_coot,-1.0,-1.0,-1.0,-1.0,-1.0,0.890834391117096,-1.0,-1.0,-1.0,-1.0,-1.0,0.31454537680850836,greedy,1
REQ-00007,3000,3000,0.679081916809082,27.375870943069458,['vit_b_16'],american_coot,1.0,weighted_majority,655.8857089839876,True,n02018207,2.0,,,,,,american_coot,-1.0,-1.0,-1.0,-1.0,-1.0,0.8923203349113464,-1.0,-1.0,-1.0,-1.0,-1.0,0.31781263912765756,greedy,1
REQ-00008,3000,3000,0.6639668941497803,29.011250972747803,['vit_b_16'],hummingbird,1.0,weighted_majority,633.6293750209734,True,n01833805,2.0,,,,,,hummingbird,-1.0,-1.0,-1.0,-1.0,-1.0,0.8626054525375366,-1.0,-1.0,-1.0,-1.0,-1.0,0.3304028752148918,greedy,1
REQ-00010,3000,3000,5.643038272857666,30.45329785346985,['vit_b_16'],wolf_spider,1.0,weighted_majority,5618.14716598019,True,n01775062,2.0,,,,,,wolf_spider,-1.0,-1.0,-1.0,-1.0,-1.0,0.5675233602523804,-1.0,-1.0,-1.0,-1.0,-1.0,0.34267078769340265,greedy,1
REQ-00009,3000,3000,6.666766166687012,30.425879955291748,"['resnet101', 'resnet50']",flatworm,1.0,weighted_majority,6530.154250038322,True,n01924916,2.0,,,,flatworm,flatworm,,-1.0,-1.0,-1.0,0.9909688830375671,0.9989550113677979,-1.0,-1.0,-1.0,-1.0,0.23357443897904323,0.9856622870552324,-1.0,greedy,1
REQ-00012,3000,3000,0.5339376926422119,37.54088592529297,['vit_b_16'],night_snake,1.0,weighted_majority,498.07187501573935,True,n01740131,2.0,,,,,,night_snake,-1.0,-1.0,-1.0,-1.0,-1.0,0.9092985987663269,-1.0,-1.0,-1.0,-1.0,-1.0,0.8431196089240625,greedy,1
REQ-00011,3000,3000,6.31479287147522,31.770874738693237,"['resnet101', 'resnet50']",chambered_nautilus,1.0,weighted_majority,6284.518499975093,True,n01968897,2.0,,,,chambered_nautilus,chambered_nautilus,,-1.0,-1.0,-1.0,0.9999583959579468,0.9976540207862854,-1.0,-1.0,-1.0,-1.0,0.23357443897904323,0.9856622870552324,-1.0,greedy,1
REQ-00013,3000,3000,0.981968879699707,40.12680387496948,['vit_b_16'],tailed_frog,1.0,weighted_majority,693.5288750100881,True,n01644900,2.0,,,,,,tailed_frog,-1.0,-1.0,-1.0,-1.0,-1.0,0.759468138217926,-1.0,-1.0,-1.0,-1.0,-1.0,0.7876523480316562,greedy,1
REQ-00014,3000,3000,0.5170679092407227,42.10416293144226,['vit_b_16'],bulbul,1.0,weighted_majority,491.24508298700675,True,n01560419,2.0,,,,,,bulbul,-1.0,-1.0,-1.0,-1.0,-1.0,0.8880195021629333,-1.0,-1.0,-1.0,-1.0,-1.0,0.7582682132284906,greedy,1
REQ-00015,3000,3000,0.35477304458618164,44.438008069992065,['vit_b_16'],harvestman,1.0,weighted_majority,329.3548329966143,True,n01770081,2.0,,,,,,harvestman,-1.0,-1.0,-1.0,-1.0,-1.0,0.9050025343894958,-1.0,-1.0,-1.0,-1.0,-1.0,0.7129011919056416,greedy,1
REQ-00016,3000,3000,0.603626012802124,54.57455801963806,['vit_b_16'],kite,1.0,weighted_majority,561.4896250190213,True,n01608432,2.0,,,,,,kite,-1.0,-1.0,-1.0,-1.0,-1.0,0.9099776744842529,-1.0,-1.0,-1.0,-1.0,-1.0,0.6601767727150775,greedy,1
REQ-00017,3000,3000,0.5037620067596436,56.187034130096436,['vit_b_16'],goldfish,1.0,weighted_majority,476.8995000049472,True,n01443537,2.0,,,,,,goldfish,-1.0,-1.0,-1.0,-1.0,-1.0,0.8818443417549133,-1.0,-1.0,-1.0,-1.0,-1.0,0.6233419954435697,greedy,1
REQ-00018,3000,3000,0.5501382350921631,59.90934872627258,['vit_b_16'],european_fire_salamander,1.0,weighted_majority,515.41425002506,True,n01632458,2.0,,,,,,european_fire_salamander,-1.0,-1.0,-1.0,-1.0,-1.0,0.6060348749160767,-1.0,-1.0,-1.0,-1.0,-1.0,0.5896508958992128,greedy,1





REQ-00000,3000,3000,1.1698379516601562,1.9073486328125e-06,"['resnet101', 'resnet50']",mud_turtle,1.0,weighted_majority,1151.7726249876432,True,n01667114,2.0,,,,mud_turtle,mud_turtle,,-1.0,-1.0,-1.0,0.9821586012840271,0.9600690603256226,-1.0,-1.0,-1.0,-1.0,0.22906202750831553,0.7803936013746199,-1.0,greedy,1
REQ-00003,3000,3000,10.13828706741333,4.847326993942261,"['resnet101', 'resnet50']",jellyfish,1.0,weighted_majority,10114.458708965685,True,n01910747,2.0,,,,jellyfish,jellyfish,,-1.0,-1.0,-1.0,0.9993308782577515,0.9879129528999329,-1.0,-1.0,-1.0,-1.0,0.22862612475748398,0.7224795471134421,-1.0,greedy,1
REQ-00001,3000,3000,11.63903021812439,4.0250749588012695,"['resnet101', 'resnet50']",white_stork,1.0,weighted_majority,11616.37266696198,True,n02002556,2.0,,,,white_stork,white_stork,,-1.0,-1.0,-1.0,0.9268933534622192,0.9864224791526794,-1.0,-1.0,-1.0,-1.0,0.22862612475748398,0.7497829412371579,-1.0,greedy,1
REQ-00002,3000,3000,11.322771072387695,4.759711027145386,"['resnet101', 'resnet50']",great_white_shark,1.0,weighted_majority,11295.939832984004,True,n01484850,2.0,,,,great_white_shark,great_white_shark,,-1.0,-1.0,-1.0,0.999492883682251,0.963171660900116,-1.0,-1.0,-1.0,-1.0,0.22862612475748398,0.7224795471134421,-1.0,greedy,1
REQ-00004,3000,3000,0.4936189651489258,16.99649477005005,['resnet101'],sidewinder,1.0,weighted_majority,465.7259170198813,True,n01753488,2.0,,,,,sidewinder,,-1.0,-1.0,-1.0,-1.0,0.3404841423034668,-1.0,-1.0,-1.0,-1.0,-1.0,1.735268093161888,-1.0,greedy,1
REQ-00005,3000,3000,0.5879960060119629,21.53244376182556,['resnet101'],bustard,1.0,weighted_majority,558.4298339672387,True,n02018795,2.0,,,,,bustard,,-1.0,-1.0,-1.0,-1.0,0.9998656511306763,-1.0,-1.0,-1.0,-1.0,-1.0,1.5868227838456992,-1.0,greedy,1
REQ-00006,3000,3000,0.4581282138824463,25.977560997009277,['resnet101'],black_widow,1.0,weighted_majority,396.87129098456353,True,n01774384,2.0,,,,,black_widow,,-1.0,-1.0,-1.0,-1.0,0.3699527680873871,-1.0,-1.0,-1.0,-1.0,-1.0,1.4494959054611294,-1.0,greedy,1
REQ-00007,3000,3000,0.4573650360107422,30.401275873184204,['resnet101'],flamingo,1.0,weighted_majority,433.3422500058077,True,n02007558,2.0,,,,,flamingo,,-1.0,-1.0,-1.0,-1.0,0.9991806149482727,-1.0,-1.0,-1.0,-1.0,-1.0,1.3277441149150164,-1.0,greedy,1
REQ-00009,3000,3000,0.9445219039916992,34.79417300224304,['resnet101'],american_coot,1.0,weighted_majority,917.8997499984689,True,n02018207,2.0,,,,,american_coot,,-1.0,-1.0,-1.0,-1.0,0.9955236911773682,-1.0,-1.0,-1.0,-1.0,-1.0,1.2220960034235147,-1.0,greedy,1
REQ-00008,3000,3000,1.2008225917816162,34.57587790489197,['resnet101'],bittern,1.0,weighted_majority,1169.6886660065502,True,n02011460,2.0,,,,,bittern,,-1.0,-1.0,-1.0,-1.0,0.9999794960021973,-1.0,-1.0,-1.0,-1.0,-1.0,1.2220960034235147,-1.0,greedy,1
REQ-00010,3000,3000,0.6849310398101807,37.204195976257324,['resnet101'],komodo_dragon,1.0,weighted_majority,657.729875005316,True,n01695060,2.0,,,,,komodo_dragon,,-1.0,-1.0,-1.0,-1.0,0.9989094734191895,-1.0,-1.0,-1.0,-1.0,-1.0,1.143068672773047,-1.0,greedy,1
REQ-00011,3000,3000,0.4573493003845215,39.94275879859924,['resnet101'],wolf_spider,1.0,weighted_majority,429.07400004332885,True,n01775062,2.0,,,,,wolf_spider,,-1.0,-1.0,-1.0,-1.0,0.9828513860702515,-1.0,-1.0,-1.0,-1.0,-1.0,1.0713662054957425,-1.0,greedy,1
REQ-00012,3000,3000,0.7398509979248047,40.21652674674988,['resnet101'],sea_anemone,1.0,weighted_majority,711.8129160371609,True,n01914609,2.0,,,,,sea_anemone,,-1.0,-1.0,-1.0,-1.0,0.9997122883796692,-1.0,-1.0,-1.0,-1.0,-1.0,1.0713662054957425,-1.0,greedy,1
REQ-00013,3000,3000,0.6714749336242676,41.41672086715698,['resnet101'],sea_slug,1.0,weighted_majority,646.7721660155803,True,n01950731,2.0,,,,,sea_slug,,-1.0,-1.0,-1.0,-1.0,0.9911490678787231,-1.0,-1.0,-1.0,-1.0,-1.0,0.9467430764515515,-1.0,greedy,1
REQ-00014,3000,3000,0.6859471797943115,46.52266502380371,['resnet101'],cock,1.0,weighted_majority,658.1224999972619,True,n01514668,2.0,,,,,cock,,-1.0,-1.0,-1.0,-1.0,0.23558126389980316,-1.0,-1.0,-1.0,-1.0,-1.0,0.8795644688063964,-1.0,greedy,1
REQ-00015,3000,3000,0.5590693950653076,48.41950702667236,['resnet101'],black_and_gold_garden_spider,1.0,weighted_majority,529.2356670252047,True,n01773157,2.0,,,,,black_and_gold_garden_spider,,-1.0,-1.0,-1.0,-1.0,0.4856986999511719,-1.0,-1.0,-1.0,-1.0,-1.0,0.8182329219257567,-1.0,greedy,1
REQ-00016,3000,3000,0.5514440536499023,54.46403098106384,['resnet101'],crayfish,1.0,weighted_majority,520.3122920356691,True,n01985128,2.0,,,,,crayfish,,-1.0,-1.0,-1.0,-1.0,0.9585533142089844,-1.0,-1.0,-1.0,-1.0,-1.0,0.763454629733181,-1.0,greedy,1
REQ-00017,3000,3000,0.4829378128051758,58.908989906311035,['resnet101'],black_widow,1.0,weighted_majority,456.9055419997312,True,n01774384,2.0,,,,,black_widow,,-1.0,-1.0,-1.0,-1.0,0.9973057508468628,-1.0,-1.0,-1.0,-1.0,-1.0,0.7104149667598629,-1.0,greedy,1
REQ-00000,5000,3000,0.7728619575500488,1.9073486328125e-06,"['resnet101', 'resnet50']",great_white_shark,1.0,weighted_majority,740.6395829748362,True,n01484850,2.0,,,,great_white_shark,great_white_shark,,-1.0,-1.0,-1.0,0.9248027205467224,0.9640255570411682,-1.0,-1.0,-1.0,-1.0,0.27121255895911994,0.5259972630440588,-1.0,greedy,1
REQ-00001,5000,3000,1.5732128620147705,7.1972150802612305,"['resnet101', 'resnet50']",scorpion,1.0,weighted_majority,1365.2156669995748,True,n01770393,2.0,,,,scorpion,scorpion,,-1.0,-1.0,-1.0,0.9998515844345093,0.9995742440223694,-1.0,-1.0,-1.0,-1.0,0.25659390306320795,0.503013536739653,-1.0,greedy,1
REQ-00002,5000,3000,0.8921499252319336,13.194803237915039,"['resnet101', 'resnet50']",hermit_crab,1.0,weighted_majority,858.6547499871813,True,n01986214,2.0,,,,hermit_crab,hermit_crab,,-1.0,-1.0,-1.0,0.9625120162963867,0.6036301851272583,-1.0,-1.0,-1.0,-1.0,0.25303091275688716,0.5465681830656877,-1.0,greedy,1
REQ-00003,5000,3000,1.6740679740905762,14.257086992263794,"['resnet101', 'resnet50']",wombat,1.0,weighted_majority,1652.6270000031218,True,n01883070,2.0,,,,wombat,wombat,,-1.0,-1.0,-1.0,0.9588403105735779,0.9550774097442627,-1.0,-1.0,-1.0,-1.0,0.25146602148119845,0.5152986647591189,-1.0,greedy,1
REQ-00004,5000,3000,1.1533939838409424,16.705666065216064,"['resnet101', 'resnet50']",hammerhead,1.0,weighted_majority,1133.3520829793997,True,n01494475,2.0,,,,hammerhead,hammerhead,,-1.0,-1.0,-1.0,0.9957879185676575,0.9860500693321228,-1.0,-1.0,-1.0,-1.0,0.2490355193330786,0.570395398283207,-1.0,greedy,1
REQ-00005,5000,3000,3.0701730251312256,19.412249088287354,"['resnet101', 'resnet50']",diamondback,1.0,weighted_majority,3053.96341602318,True,n01755581,2.0,,,,diamondback,diamondback,,-1.0,-1.0,-1.0,0.9621517062187195,0.9847811460494995,-1.0,-1.0,-1.0,-1.0,0.24805296739977076,0.5772708584548862,-1.0,greedy,1
REQ-00006,5000,3000,2.9773030281066895,20.527148008346558,"['resnet101', 'resnet50']",pelican,1.0,weighted_majority,2961.909667006694,True,n02051845,2.0,,,,pelican,pelican,,-1.0,-1.0,-1.0,0.9998111128807068,0.9997904896736145,-1.0,-1.0,-1.0,-1.0,0.24805296739977076,0.6082556726093977,-1.0,greedy,1
REQ-00007,5000,3000,6.298546314239502,29.303044080734253,"['resnet101', 'resnet50']",mud_turtle,1.0,weighted_majority,6270.254832983483,True,n01667114,2.0,,,,mud_turtle,mud_turtle,,-1.0,-1.0,-1.0,0.5279521346092224,0.4671456813812256,-1.0,-1.0,-1.0,-1.0,0.43355244359381434,0.726884005348458,-1.0,greedy,1
REQ-00008,5000,3000,6.057451009750366,30.448750019073486,"['resnet101', 'resnet50']",sea_slug,1.0,weighted_majority,6037.944625015371,True,n01950731,2.0,,,,sea_slug,sea_slug,,-1.0,-1.0,-1.0,0.47240570187568665,0.8763260245323181,-1.0,-1.0,-1.0,-1.0,0.43355244359381434,0.7421572048136121,-1.0,greedy,1
REQ-00009,5000,3000,1.8961269855499268,37.126917123794556,"['resnet101', 'resnet50']",diamondback,1.0,weighted_majority,1823.368958022911,True,n01755581,2.0,,,,diamondback,diamondback,,-1.0,-1.0,-1.0,0.9537948966026306,0.9295455813407898,-1.0,-1.0,-1.0,-1.0,0.8719224093109896,1.160580884332251,-1.0,greedy,1
REQ-00010,5000,3000,0.6314990520477295,43.11280393600464,"['resnet101', 'resnet50']",pelican,1.0,weighted_majority,603.0835830024444,True,n02051845,2.0,,,,pelican,pelican,,-1.0,-1.0,-1.0,0.9931341409683228,0.9973570108413696,-1.0,-1.0,-1.0,-1.0,0.8509676683798908,1.068870095899026,-1.0,greedy,1
REQ-00011,5000,3000,5.8546059131622314,43.64397311210632,"['resnet101', 'resnet50']",american_alligator,1.0,weighted_majority,5832.746625004802,True,n01698640,2.0,,,,american_alligator,american_alligator,,-1.0,-1.0,-1.0,0.9655440449714661,0.9659355282783508,-1.0,-1.0,-1.0,-1.0,0.8509676683798908,0.9848796863091235,-1.0,greedy,1
REQ-00012,5000,3000,5.2083420753479,44.319037199020386,"['resnet101', 'resnet50']",prairie_chicken,1.0,weighted_majority,5190.843874996062,True,n01798484,2.0,,,,prairie_chicken,prairie_chicken,,-1.0,-1.0,-1.0,0.999868631362915,0.9998019337654114,-1.0,-1.0,-1.0,-1.0,0.7865806015419018,0.9848796863091235,-1.0,greedy,1
REQ-00013,5000,3000,1.5590243339538574,49.95359706878662,['resnet101'],diamondback,1.0,weighted_majority,1532.0985830039717,True,n01755581,2.0,,,,,diamondback,,-1.0,-1.0,-1.0,-1.0,0.850313663482666,-1.0,-1.0,-1.0,-1.0,-1.0,1.05927863591039,-1.0,greedy,1
REQ-00000,5000,3000,0.36534690856933594,3.0994415283203125e-06,['resnet101'],terrapin,1.0,weighted_majority,352.96845802804455,True,n01667778,2.0,,,,,terrapin,,-1.0,-1.0,-1.0,-1.0,0.9842499494552612,-1.0,-1.0,-1.0,-1.0,-1.0,1.052380472319351,-1.0,greedy,1
REQ-00001,5000,3000,1.710486650466919,0.46785593032836914,['resnet101'],black_swan,1.0,weighted_majority,1695.7452909555286,True,n01860187,2.0,,,,,black_swan,,-1.0,-1.0,-1.0,-1.0,0.9999927282333374,-1.0,-1.0,-1.0,-1.0,-1.0,0.968975825087416,-1.0,greedy,1
REQ-00002,5000,3000,1.4392280578613281,1.7611870765686035,['resnet101'],hornbill,1.0,weighted_majority,1415.940333972685,True,n01829413,2.0,,,,,hornbill,,-1.0,-1.0,-1.0,-1.0,0.9997640252113342,-1.0,-1.0,-1.0,-1.0,-1.0,0.968975825087416,-1.0,greedy,1
REQ-00003,5000,3000,0.8441562652587891,3.377354145050049,['resnet101'],loggerhead,1.0,weighted_majority,825.3067919868045,True,n01664065,2.0,,,,,loggerhead,,-1.0,-1.0,-1.0,-1.0,0.9949061870574951,-1.0,-1.0,-1.0,-1.0,-1.0,0.955108048320807,-1.0,greedy,1
REQ-00004,5000,3000,0.4774599075317383,5.007511138916016,['resnet101'],spotted_salamander,1.0,weighted_majority,457.5976250343956,True,n01632458,2.0,,,,,spotted_salamander,,-1.0,-1.0,-1.0,-1.0,0.980192244052887,-1.0,-1.0,-1.0,-1.0,-1.0,0.9213937434887264,-1.0,greedy,1
REQ-00005,5000,3000,0.5480749607086182,5.900292873382568,['resnet101'],black_swan,1.0,weighted_majority,530.8317079907283,True,n01860187,2.0,,,,,black_swan,,-1.0,-1.0,-1.0,-1.0,0.9989336133003235,-1.0,-1.0,-1.0,-1.0,-1.0,0.8565854691398538,-1.0,greedy,1
REQ-00006,5000,3000,0.4942598342895508,7.389244079589844,['resnet101'],sea_slug,1.0,weighted_majority,472.9750420083292,True,n01950731,2.0,,,,,sea_slug,,-1.0,-1.0,-1.0,-1.0,0.9982859492301941,-1.0,-1.0,-1.0,-1.0,-1.0,0.7993642222258684,-1.0,greedy,1
REQ-00007,5000,3000,0.5046262741088867,8.777414083480835,['resnet101'],drake,1.0,weighted_majority,484.6865839790553,True,n01847000,2.0,,,,,drake,,-1.0,-1.0,-1.0,-1.0,0.9972729086875916,-1.0,-1.0,-1.0,-1.0,-1.0,0.7458697000032817,-1.0,greedy,1
REQ-00008,5000,3000,0.47104501724243164,13.074719190597534,['resnet101'],hognose_snake,1.0,weighted_majority,437.18525004805997,True,n01729322,2.0,,,,,hognose_snake,,-1.0,-1.0,-1.0,-1.0,0.8362687826156616,-1.0,-1.0,-1.0,-1.0,-1.0,0.6999109300029536,-1.0,greedy,1
REQ-00009,5000,3000,0.6016840934753418,13.787048101425171,['resnet101'],night_snake,1.0,weighted_majority,582.6065000146627,True,n01728572,2.0,,,,,night_snake,,-1.0,-1.0,-1.0,-1.0,0.5338258147239685,-1.0,-1.0,-1.0,-1.0,-1.0,0.6552001370026582,-1.0,greedy,1
REQ-00010,5000,3000,0.4589710235595703,14.964529991149902,['resnet101'],white_stork,1.0,weighted_majority,436.55300000682473,True,n02002556,2.0,,,,,white_stork,,-1.0,-1.0,-1.0,-1.0,0.9896745085716248,-1.0,-1.0,-1.0,-1.0,-1.0,0.6199142233023924,-1.0,greedy,1
REQ-00011,5000,3000,0.509619951248169,27.561771154403687,['resnet101'],garter_snake,1.0,weighted_majority,480.30470800586045,True,n01924916,2.0,,,,,garter_snake,,-1.0,-1.0,-1.0,-1.0,0.4281526505947113,-1.0,-1.0,-1.0,-1.0,-1.0,0.5851943009721532,-1.0,greedy,1
REQ-00012,5000,3000,1.0912799835205078,28.379340171813965,['resnet101'],american_alligator,1.0,weighted_majority,671.4032089803368,True,n01698640,2.0,,,,,american_alligator,,-1.0,-1.0,-1.0,-1.0,0.9837422370910645,-1.0,-1.0,-1.0,-1.0,-1.0,0.5515706708749379,-1.0,greedy,1
REQ-00014,5000,3000,0.7232460975646973,31.396132230758667,['resnet101'],leatherback_turtle,1.0,weighted_majority,688.0744579830207,True,n01665541,2.0,,,,,leatherback_turtle,,-1.0,-1.0,-1.0,-1.0,0.9997660517692566,-1.0,-1.0,-1.0,-1.0,-1.0,0.5229607037874442,-1.0,greedy,1
REQ-00013,5000,3000,1.3226680755615234,30.96862816810608,['resnet101'],peacock,1.0,weighted_majority,1288.408000022173,True,n01806143,2.0,,,,,peacock,,-1.0,-1.0,-1.0,-1.0,0.5252920389175415,-1.0,-1.0,-1.0,-1.0,-1.0,0.5229607037874442,-1.0,greedy,1
REQ-00016,5000,3000,0.6336419582366943,37.584662199020386,['resnet101'],wombat,1.0,weighted_majority,608.220333000645,True,n01883070,2.0,,,,,wombat,,-1.0,-1.0,-1.0,-1.0,0.9988762736320496,-1.0,-1.0,-1.0,-1.0,-1.0,0.5865005000678298,-1.0,greedy,1
REQ-00015,5000,3000,1.9801831245422363,37.37669515609741,['resnet101'],harvestman,1.0,weighted_majority,1948.7921670079231,True,n01770081,2.0,,,,,harvestman,,-1.0,-1.0,-1.0,-1.0,0.9998661279678345,-1.0,-1.0,-1.0,-1.0,-1.0,0.5865005000678298,-1.0,greedy,1
REQ-00017,5000,3000,2.298146963119507,37.90901803970337,['resnet101'],sea_lion,1.0,weighted_majority,2267.905040993355,True,n02077923,2.0,,,,,sea_lion,,-1.0,-1.0,-1.0,-1.0,0.9929514527320862,-1.0,-1.0,-1.0,-1.0,-1.0,0.5621226500610469,-1.0,greedy,1
REQ-00018,5000,3000,0.7031853199005127,39.5953950881958,['resnet101'],vine_snake,1.0,weighted_majority,671.2665419909172,True,n01739381,2.0,,,,,vine_snake,,-1.0,-1.0,-1.0,-1.0,0.9085263013839722,-1.0,-1.0,-1.0,-1.0,-1.0,0.6732366850549423,-1.0,greedy,1
REQ-00019,5000,3000,1.3121659755706787,43.90688705444336,['resnet101'],black_and_gold_garden_spider,1.0,weighted_majority,1288.6844580061734,True,n01773157,2.0,,,,,black_and_gold_garden_spider,,-1.0,-1.0,-1.0,-1.0,0.7324771285057068,-1.0,-1.0,-1.0,-1.0,-1.0,0.7610267248945033,-1.0,greedy,1
REQ-00020,5000,3000,0.844836950302124,46.34487199783325,['resnet101'],garter_snake,1.0,weighted_majority,814.6981250029057,True,n01735189,2.0,,,,,garter_snake,,-1.0,-1.0,-1.0,-1.0,0.8858462572097778,-1.0,-1.0,-1.0,-1.0,-1.0,0.790508852405053,-1.0,greedy,1
REQ-00021,5000,3000,0.5292599201202393,48.688523054122925,['resnet101'],scorpion,1.0,weighted_majority,510.8955000177957,True,n01770393,2.0,,,,,scorpion,,-1.0,-1.0,-1.0,-1.0,0.9854749441146851,-1.0,-1.0,-1.0,-1.0,-1.0,0.7729833671645476,-1.0,greedy,1
REQ-00022,5000,3000,0.9893810749053955,49.24332904815674,['resnet101'],harvestman,1.0,weighted_majority,970.516542030964,True,n01770081,2.0,,,,,harvestman,,-1.0,-1.0,-1.0,-1.0,0.3989098370075226,-1.0,-1.0,-1.0,-1.0,-1.0,0.7253641304480929,-1.0,greedy,1
REQ-00000,8000,3000,0.632288932800293,3.0994415283203125e-06,['vit_b_16'],bald_eagle,1.0,weighted_majority,526.9869160256349,True,n01614925,2.0,,,,,,bald_eagle,-1.0,-1.0,-1.0,-1.0,-1.0,0.8853030800819397,-1.0,-1.0,-1.0,-1.0,-1.0,0.32523960520028616,greedy,1
REQ-00001,8000,3000,0.45918893814086914,3.3883860111236572,['vit_b_16'],magpie,1.0,weighted_majority,432.2457910166122,True,n01582220,2.0,,,,,,magpie,-1.0,-1.0,-1.0,-1.0,-1.0,0.8968013525009155,-1.0,-1.0,-1.0,-1.0,-1.0,0.3123215446802576,greedy,1
REQ-00002,8000,3000,1.048769235610962,6.2276458740234375,['vit_b_16'],american_alligator,1.0,weighted_majority,1019.8427079594694,True,n01698640,2.0,,,,,,american_alligator,-1.0,-1.0,-1.0,-1.0,-1.0,0.8740509748458862,-1.0,-1.0,-1.0,-1.0,-1.0,0.30171799021223183,greedy,1
REQ-00003,8000,3000,0.6325371265411377,8.932329893112183,['vit_b_16'],great_grey_owl,1.0,weighted_majority,607.9370829975232,True,n01622779,2.0,,,,,,great_grey_owl,-1.0,-1.0,-1.0,-1.0,-1.0,0.8752475380897522,-1.0,-1.0,-1.0,-1.0,-1.0,0.33538759119100864,greedy,1
REQ-00004,8000,3000,0.4763829708099365,13.203300952911377,['vit_b_16'],great_white_shark,1.0,weighted_majority,439.2619580030441,True,n01484850,2.0,,,,,,great_white_shark,-1.0,-1.0,-1.0,-1.0,-1.0,0.9068287014961243,-1.0,-1.0,-1.0,-1.0,-1.0,0.3286281320719078,greedy,1
REQ-00005,8000,3000,0.573692798614502,14.781744003295898,['vit_b_16'],macaw,1.0,weighted_majority,558.4012090112083,True,n01818515,2.0,,,,,,macaw,-1.0,-1.0,-1.0,-1.0,-1.0,0.8575877547264099,-1.0,-1.0,-1.0,-1.0,-1.0,0.316121018864717,greedy,1
REQ-00006,8000,3000,0.6542167663574219,17.743274927139282,['vit_b_16'],stingray,1.0,weighted_majority,637.361042026896,True,n01498041,2.0,,,,,,stingray,-1.0,-1.0,-1.0,-1.0,-1.0,0.8492618203163147,-1.0,-1.0,-1.0,-1.0,-1.0,0.3127992169782453,greedy,1
REQ-00007,8000,3000,0.9192218780517578,30.885952949523926,['vit_b_16'],horned_viper,1.0,weighted_majority,891.9920839834958,True,n01753488,2.0,,,,,,horned_viper,-1.0,-1.0,-1.0,-1.0,-1.0,0.46064743399620056,-1.0,-1.0,-1.0,-1.0,-1.0,0.3124573952804208,greedy,1
REQ-00008,8000,3000,0.4097898006439209,36.236016035079956,['vit_b_16'],mud_turtle,1.0,weighted_majority,370.88791601127014,True,n01667114,2.0,,,,,,mud_turtle,-1.0,-1.0,-1.0,-1.0,-1.0,0.87256920337677,-1.0,-1.0,-1.0,-1.0,-1.0,0.3015143557523788,greedy,1
REQ-00009,8000,3000,0.4243509769439697,39.27393913269043,['vit_b_16'],flamingo,1.0,weighted_majority,403.496915998403,True,n02007558,2.0,,,,,,flamingo,-1.0,-1.0,-1.0,-1.0,-1.0,0.8905627727508545,-1.0,-1.0,-1.0,-1.0,-1.0,0.2929643201771409,greedy,1
REQ-00010,8000,3000,0.725308895111084,44.891417026519775,['vit_b_16'],black_and_gold_garden_spider,1.0,weighted_majority,690.9664170234464,True,n01773157,2.0,,,,,,black_and_gold_garden_spider,-1.0,-1.0,-1.0,-1.0,-1.0,0.7440490126609802,-1.0,-1.0,-1.0,-1.0,-1.0,0.28288758815942683,greedy,1
REQ-00000,8000,3000,0.45053601264953613,2.86102294921875e-06,"['resnet34', 'resnet18']",bittern,1.0,weighted_majority,427.829833002761,True,n02011460,2.0,,bittern,bittern,,,,-1.0,0.9974580407142639,0.9909383058547974,-1.0,-1.0,-1.0,-1.0,0.09108380901700677,0.14133513185457852,-1.0,-1.0,-1.0,greedy,1
REQ-00002,8000,3000,0.7272677421569824,4.275314807891846,"['resnet34', 'resnet18']",tarantula,1.0,weighted_majority,683.3760000299662,True,n01774750,2.0,,tarantula,tarantula,,,,-1.0,0.9880935549736023,0.9944340586662292,-1.0,-1.0,-1.0,-1.0,0.0911089281153061,0.14226771866912066,-1.0,-1.0,-1.0,greedy,1
REQ-00001,8000,3000,1.412808895111084,4.198730945587158,"['resnet34', 'resnet18']",coucal,1.0,weighted_majority,1381.929958006367,True,n01824575,2.0,,coucal,coucal,,,,-1.0,0.9472706317901611,0.9980502128601074,-1.0,-1.0,-1.0,-1.0,0.0911089281153061,0.14226771866912066,-1.0,-1.0,-1.0,greedy,1
REQ-00003,8000,3000,0.5586259365081787,10.607842922210693,"['resnet34', 'resnet18']",little_blue_heron,0.5093242213488264,weighted_majority,529.8120829975232,True,n02012849,2.0,,little_blue_heron,crane,,,,-1.0,0.8537505269050598,0.8224912285804749,-1.0,-1.0,-1.0,-1.0,0.09149894177339794,0.23974394212198774,-1.0,-1.0,-1.0,greedy,1
REQ-00004,8000,3000,0.47161030769348145,12.12695598602295,"['resnet34', 'resnet18']",coucal,1.0,weighted_majority,449.59070801269263,True,n01824575,2.0,,coucal,coucal,,,,-1.0,0.9995536208152771,0.9986029267311096,-1.0,-1.0,-1.0,-1.0,0.09492614759605816,0.23183214790978898,-1.0,-1.0,-1.0,greedy,1
REQ-00005,8000,3000,0.5270168781280518,15.9944748878479,"['resnet34', 'resnet18']",horned_viper,0.6179752187135561,weighted_majority,498.18100000265986,True,n01755581,2.0,,sidewinder,horned_viper,,,,-1.0,0.36736810207366943,0.5942661166191101,-1.0,-1.0,-1.0,-1.0,0.09386483283645235,0.22520823311881008,-1.0,-1.0,-1.0,greedy,1
REQ-00006,8000,3000,0.7380211353302002,24.087263822555542,"['resnet34', 'resnet18']",boa_constrictor,1.0,weighted_majority,708.5996659589,True,n01742172,2.0,,boa_constrictor,boa_constrictor,,,,-1.0,0.9126336574554443,0.9986567497253418,-1.0,-1.0,-1.0,-1.0,0.09429334955280712,0.21926890980692906,-1.0,-1.0,-1.0,greedy,1
REQ-00007,8000,3000,0.5532279014587402,25.486680030822754,"['resnet34', 'resnet18']",slug,0.5135664967133351,weighted_majority,506.5797080169432,True,n01632777,2.0,,slug,common_newt,,,,-1.0,0.45268914103507996,0.4287724494934082,-1.0,-1.0,-1.0,-1.0,0.0958775145975264,0.2261554188262362,-1.0,-1.0,-1.0,greedy,1
REQ-00008,8000,3000,0.6782257556915283,27.00297999382019,"['resnet34', 'resnet18']",diamondback,1.0,weighted_majority,659.7322919988073,True,n01755581,2.0,,diamondback,diamondback,,,,-1.0,0.999360978603363,0.9971025586128235,-1.0,-1.0,-1.0,-1.0,0.09741916313777375,0.22101897694361258,-1.0,-1.0,-1.0,greedy,1
REQ-00009,8000,3000,0.755850076675415,27.515865087509155,"['resnet34', 'resnet18']",night_snake,1.0,weighted_majority,715.7133749569766,True,n01740131,2.0,,night_snake,night_snake,,,,-1.0,0.6479931473731995,0.540461003780365,-1.0,-1.0,-1.0,-1.0,0.09850274682399639,0.21682777924925134,-1.0,-1.0,-1.0,greedy,1
REQ-00010,8000,3000,0.5962681770324707,34.63368010520935,"['resnet34', 'resnet18']",wombat,1.0,weighted_majority,565.4144170111977,True,n01883070,2.0,,wombat,wombat,,,,-1.0,0.9999604225158691,0.9997531771659851,-1.0,-1.0,-1.0,-1.0,0.09967727214159675,0.21398130132432622,-1.0,-1.0,-1.0,greedy,1
REQ-00011,8000,3000,0.7166130542755127,35.404497146606445,"['resnet34', 'resnet18']",bustard,1.0,weighted_majority,695.1768750441261,True,n02018795,2.0,,bustard,bustard,,,,-1.0,0.9944266080856323,0.9835665822029114,-1.0,-1.0,-1.0,-1.0,0.09565944492743708,0.2088480711918936,-1.0,-1.0,-1.0,greedy,1
REQ-00013,8000,3000,5.588172912597656,43.16522192955017,"['resnet34', 'resnet18']",black_grouse,1.0,weighted_majority,5567.599708039779,True,n01795545,2.0,,black_grouse,black_grouse,,,,-1.0,0.9750145673751831,0.9291895627975464,-1.0,-1.0,-1.0,-1.0,0.09808570043469339,0.20545236407270426,-1.0,-1.0,-1.0,greedy,1
REQ-00015,8000,3000,5.683770179748535,49.06794595718384,"['resnet34', 'resnet18']",macaw,0.709405288289092,weighted_majority,5661.030874995049,True,n01818515,2.0,,lorikeet,macaw,,,,-1.0,0.3888731598854065,0.9493244886398315,-1.0,-1.0,-1.0,-1.0,0.09958373039122405,0.7077499276654339,-1.0,-1.0,-1.0,greedy,1
REQ-00012,8000,3000,13.50843596458435,42.92380404472351,"['resnet34', 'resnet18']",goldfinch,1.0,weighted_majority,13470.120875048451,True,n01531178,2.0,,goldfinch,goldfinch,,,,-1.0,0.9984459280967712,0.9980217218399048,-1.0,-1.0,-1.0,-1.0,0.09808570043469339,0.20545236407270426,-1.0,-1.0,-1.0,greedy,1
REQ-00014,8000,3000,12.98203706741333,43.49140906333923,"['resnet34', 'resnet18']",american_alligator,1.0,weighted_majority,12960.413000022527,True,n01698640,2.0,,american_alligator,american_alligator,,,,-1.0,0.9748324751853943,0.9865191578865051,-1.0,-1.0,-1.0,-1.0,0.09808570043469339,6.9253177617,-1.0,-1.0,-1.0,greedy,1
REQ-00000,2000,3000,0.49465489387512207,1.9073486328125e-06,"['resnet34', 'resnet18']",stingray,1.0,weighted_majority,479.57745799794793,True,n01498041,2.0,,stingray,stingray,,,,-1.0,0.7964480519294739,0.33193379640579224,-1.0,-1.0,-1.0,-1.0,0.4865486573521017,1.4470633314090016,-1.0,-1.0,-1.0,greedy,1
REQ-00001,2000,3000,0.8864541053771973,0.5023899078369141,"['resnet34', 'resnet18']",nematode,1.0,weighted_majority,874.8252079822123,True,n01930112,2.0,,nematode,nematode,,,,-1.0,0.9483319520950317,0.5267136096954346,-1.0,-1.0,-1.0,-1.0,0.44656809161689154,1.3174984982681013,-1.0,-1.0,-1.0,greedy,1
REQ-00002,2000,3000,0.7307300567626953,2.1334028244018555,"['resnet34', 'resnet18']",hognose_snake,1.0,weighted_majority,711.9821250089444,True,n01740131,2.0,,hognose_snake,hognose_snake,,,,-1.0,0.4070888161659241,0.6124477386474609,-1.0,-1.0,-1.0,-1.0,0.4115425824552024,1.2331185484412912,-1.0,-1.0,-1.0,greedy,1
REQ-00003,2000,3000,1.0757167339324951,2.3677978515625,"['resnet34', 'resnet18']",rock_crab,1.0,weighted_majority,1060.053583001718,True,n01978455,2.0,,rock_crab,rock_crab,,,,-1.0,0.865935742855072,0.872793436050415,-1.0,-1.0,-1.0,-1.0,0.4115425824552024,1.2331185484412912,-1.0,-1.0,-1.0,greedy,1
REQ-00004,2000,3000,1.9446487426757812,2.48355770111084,"['resnet34', 'resnet18']",bulbul,1.0,weighted_majority,1930.827165953815,True,n01560419,2.0,,bulbul,bulbul,,,,-1.0,0.6823329329490662,0.7020256519317627,-1.0,-1.0,-1.0,-1.0,0.4115425824552024,1.1268783935971622,-1.0,-1.0,-1.0,greedy,1
REQ-00005,2000,3000,0.8505129814147949,4.50465989112854,"['resnet34', 'resnet18']",tailed_frog,1.0,weighted_majority,833.2247090293095,True,n01644900,2.0,,tailed_frog,tailed_frog,,,,-1.0,0.9886464476585388,0.9966903924942017,-1.0,-1.0,-1.0,-1.0,0.3472506626098426,1.1296216688137015,-1.0,-1.0,-1.0,greedy,1
REQ-00006,2000,3000,0.585874080657959,5.6869378089904785,"['resnet34', 'resnet18']",tench,1.0,weighted_majority,558.524459018372,True,n01440764,2.0,,tench,tench,,,,-1.0,0.9852792024612427,0.9452351927757263,-1.0,-1.0,-1.0,-1.0,0.32232149634885837,1.0527798019323316,-1.0,-1.0,-1.0,greedy,1
REQ-00007,2000,3000,0.8112502098083496,6.1223978996276855,"['resnet34', 'resnet18']",sulphur-crested_cockatoo,0.8188497956113527,weighted_majority,782.976292015519,True,n01819313,2.0,,vulture,sulphur-crested_cockatoo,,,,-1.0,0.11356712877750397,0.5133553147315979,-1.0,-1.0,-1.0,-1.0,0.3010236467139725,0.9648150217390985,-1.0,-1.0,-1.0,greedy,1
REQ-00008,2000,3000,3.2539222240448,8.332303762435913,"['resnet34', 'resnet18']",albatross,1.0,weighted_majority,3234.3406670261174,True,n02058221,2.0,,albatross,albatross,,,,-1.0,0.9999622106552124,0.9981763362884521,-1.0,-1.0,-1.0,-1.0,0.28155518204257524,0.8878205195651887,-1.0,-1.0,-1.0,greedy,1
REQ-00010,2000,3000,3.778585910797119,9.677984952926636,"['resnet34', 'resnet18']",magpie,0.584797346095623,weighted_majority,3737.8162919776514,True,n01582220,2.0,,chickadee,magpie,,,,-1.0,0.4733958840370178,0.6667603254318237,-1.0,-1.0,-1.0,-1.0,0.28155518204257524,0.8878205195651887,-1.0,-1.0,-1.0,greedy,1
REQ-00011,2000,3000,3.69254994392395,10.45151686668396,"['resnet34', 'resnet18']",garter_snake,1.0,weighted_majority,3665.0149170309305,True,n01735189,2.0,,garter_snake,garter_snake,,,,-1.0,0.9962244033813477,0.8755089640617371,-1.0,-1.0,-1.0,-1.0,0.28155518204257524,0.8155622676086698,-1.0,-1.0,-1.0,greedy,1
REQ-00009,2000,3000,5.7789740562438965,8.563427925109863,"['resnet34', 'resnet18']",magpie,1.0,weighted_majority,5629.659875005018,True,n01582220,2.0,,magpie,magpie,,,,-1.0,0.9837304353713989,0.995107889175415,-1.0,-1.0,-1.0,-1.0,0.28155518204257524,0.8878205195651887,-1.0,-1.0,-1.0,greedy,1
REQ-00012,2000,3000,0.6010651588439941,20.123783826828003,"['resnet34', 'resnet18']",coucal,1.0,weighted_majority,573.5069999936968,True,n01824575,2.0,,coucal,coucal,,,,-1.0,0.977876603603363,0.9973618388175964,-1.0,-1.0,-1.0,-1.0,0.8045446190381338,1.3368211360867206,-1.0,-1.0,-1.0,greedy,1
REQ-00014,2000,3000,3.2639780044555664,25.245909929275513,"['resnet34', 'resnet18']",prairie_chicken,0.5126666863765926,weighted_majority,3242.5385829992592,True,n01798484,2.0,,ruffed_grouse,prairie_chicken,,,,-1.0,0.48191335797309875,0.5069649815559387,-1.0,-1.0,-1.0,-1.0,0.7352420571343204,1.2181755224780484,-1.0,-1.0,-1.0,greedy,1
REQ-00015,2000,3000,2.6181812286376953,29.078016996383667,"['resnet34', 'resnet18']",scorpion,1.0,weighted_majority,2593.782708980143,True,n01770393,2.0,,scorpion,scorpion,,,,-1.0,0.9712571501731873,0.998022198677063,-1.0,-1.0,-1.0,-1.0,0.6733366514208885,1.5274005332072194,-1.0,-1.0,-1.0,greedy,1
REQ-00018,2000,3000,1.9323761463165283,30.24826169013977,['resnet18'],sea_slug,1.0,weighted_majority,1878.8559999666177,True,n01950731,2.0,,sea_slug,,,,,-1.0,0.9589120745658875,-1.0,-1.0,-1.0,-1.0,-1.0,0.6733366514208885,-1.0,-1.0,-1.0,-1.0,greedy,1
REQ-00013,2000,3000,8.032561779022217,25.222018003463745,"['resnet34', 'resnet18']",sea_lion,0.3508173307101589,weighted_majority,7861.781332991086,True,n02077923,2.0,,sea_lion,sea_lion,,,,-1.0,0.9814313650131226,0.9868326187133789,-1.0,-1.0,-1.0,-1.0,0.7352420571343204,1.2181755224780484,-1.0,-1.0,-1.0,greedy,1
REQ-00017,2000,3000,8.575970888137817,30.19545888900757,"['resnet34', 'resnet18']",green_lizard,1.0,weighted_majority,8546.467333042528,True,n01693334,2.0,,green_lizard,green_lizard,,,,-1.0,0.6809501647949219,0.8781890273094177,-1.0,-1.0,-1.0,-1.0,0.6733366514208885,1.5274005332072194,-1.0,-1.0,-1.0,greedy,1
REQ-00021,2000,3000,0.20708703994750977,38.82130980491638,['resnet18'],whiptail,1.0,weighted_majority,190.26666699210182,True,n01685808,2.0,,whiptail,,,,,-1.0,0.9994762539863586,-1.0,-1.0,-1.0,-1.0,-1.0,0.9760768174972452,-1.0,-1.0,-1.0,-1.0,greedy,1
REQ-00019,2000,3000,5.237092733383179,33.86834788322449,"['resnet34', 'resnet18']",dungeness_crab,0.5508163307101589,weighted_majority,5219.7484580101445,True,n01978287,2.0,,dungeness_crab,dungeness_crab,,,,-1.0,0.9836744070053101,0.9861556887626648,-1.0,-1.0,-1.0,-1.0,1.0732764638858279,1.5624845798864975,-1.0,-1.0,-1.0,greedy,1
REQ-00020,2000,3000,5.957550048828125,34.37180685997009,['resnet18'],thunder_snake,1.0,weighted_majority,5940.680374973454,True,n01985128,2.0,,thunder_snake,,,,,-1.0,0.2175091654062271,-1.0,-1.0,-1.0,-1.0,-1.0,1.0732764638858279,-1.0,-1.0,-1.0,-1.0,greedy,1
REQ-00016,2000,3000,11.242115020751953,29.895785808563232,"['resnet34', 'resnet18']",chiton,1.0,weighted_majority,11220.32866597874,True,n01955084,2.0,,chiton,chiton,,,,-1.0,0.9764460325241089,0.9300441145896912,-1.0,-1.0,-1.0,-1.0,0.6733366514208885,1.5274005332072194,-1.0,-1.0,-1.0,greedy,1
REQ-00022,2000,3000,0.3159017562866211,41.35379099845886,['resnet18'],diamondback,1.0,weighted_majority,292.1078340150416,True,n01755581,2.0,,diamondback,,,,,-1.0,0.9894071221351624,-1.0,-1.0,-1.0,-1.0,-1.0,1.4656727741599427,-1.0,-1.0,-1.0,-1.0,greedy,1
REQ-00023,2000,3000,0.9714539051055908,45.731672048568726,['resnet18'],oystercatcher,1.0,weighted_majority,929.8291670274921,True,n02037110,2.0,,oystercatcher,,,,,-1.0,0.9952551126480103,-1.0,-1.0,-1.0,-1.0,-1.0,1.3295866967439485,-1.0,-1.0,-1.0,-1.0,greedy,1
REQ-00000,2000,3000,0.3071322441101074,3.0994415283203125e-06,['resnet18'],garden_spider,0.5451163307101589,weighted_majority,287.66116697806865,True,n01773797,2.0,,garden_spider,,,,,-1.0,0.9894611239433289,-1.0,-1.0,-1.0,-1.0,-1.0,1.2085253270695537,-1.0,-1.0,-1.0,-1.0,greedy,1
REQ-00001,2000,3000,0.2787048816680908,4.401348114013672,['resnet18'],oystercatcher,0.3331153206101513,weighted_majority,257.58983299601823,True,n02037110,2.0,,oystercatcher,,,,,-1.0,0.9986068606376648,-1.0,-1.0,-1.0,-1.0,-1.0,1.0932783943625983,-1.0,-1.0,-1.0,-1.0,greedy,1
REQ-00002,2000,3000,0.30129480361938477,5.61454701423645,['resnet18'],black_swan,1.0,weighted_majority,279.34304100926965,True,n01860187,2.0,,black_swan,,,,,-1.0,0.9989977478981018,-1.0,-1.0,-1.0,-1.0,-1.0,0.9928196549263385,-1.0,-1.0,-1.0,-1.0,greedy,1
REQ-00003,2000,3000,0.29086780548095703,6.7292821407318115,['resnet18'],sea_slug,1.0,weighted_majority,272.1854170085862,True,n01950731,2.0,,sea_slug,,,,,-1.0,0.8797134757041931,-1.0,-1.0,-1.0,-1.0,-1.0,0.9031701894337048,-1.0,-1.0,-1.0,-1.0,greedy,1
REQ-00004,2000,3000,0.32834911346435547,7.212220907211304,['resnet18'],sidewinder,1.0,weighted_majority,307.31433298205957,True,n01756291,2.0,,sidewinder,,,,,-1.0,0.5897712707519531,-1.0,-1.0,-1.0,-1.0,-1.0,0.8218836704903344,-1.0,-1.0,-1.0,-1.0,greedy,1
REQ-00005,2000,3000,0.33828115463256836,8.261738061904907,['resnet18'],bulbul,0.3231153206101515,weighted_majority,316.5727920131758,True,n01560419,2.0,,bulbul,,,,,-1.0,0.9992859959602356,-1.0,-1.0,-1.0,-1.0,-1.0,0.748986103441301,-1.0,-1.0,-1.0,-1.0,greedy,1
REQ-00006,2000,3000,0.290255069732666,12.675437211990356,['resnet18'],king_snake,0.4351153206101519,weighted_majority,270.10941703338176,True,n01734418,2.0,,king_snake,,,,,-1.0,0.9875108003616333,-1.0,-1.0,-1.0,-1.0,-1.0,0.686254193097171,-1.0,-1.0,-1.0,-1.0,greedy,1
REQ-00007,2000,3000,0.29050374031066895,13.39803695678711,['resnet18'],common_newt,1.0,weighted_majority,271.1321659735404,True,n01630670,2.0,,common_newt,,,,,-1.0,0.6762410998344421,-1.0,-1.0,-1.0,-1.0,-1.0,0.6277250737874538,-1.0,-1.0,-1.0,-1.0,greedy,1
REQ-00008,2000,3000,0.29655885696411133,14.645072937011719,['resnet18'],redshank,1.0,weighted_majority,277.88154198788106,True,n02028035,2.0,,redshank,,,,,-1.0,0.9994852542877197,-1.0,-1.0,-1.0,-1.0,-1.0,0.5753541664087084,-1.0,-1.0,-1.0,-1.0,greedy,1
REQ-00009,2000,3000,0.29584789276123047,15.30860710144043,['resnet18'],black_widow,1.0,weighted_majority,279.76791601395234,True,n01774384,2.0,,black_widow,,,,,-1.0,0.4025766849517822,-1.0,-1.0,-1.0,-1.0,-1.0,0.5279613497678376,-1.0,-1.0,-1.0,-1.0,greedy,1
REQ-00010,2000,3000,0.25365209579467773,15.409488916397095,['resnet18'],spotted_salamander,1.0,weighted_majority,235.4523339890875,True,n01632458,2.0,,spotted_salamander,,,,,-1.0,0.8662144541740417,-1.0,-1.0,-1.0,-1.0,-1.0,0.5279613497678376,-1.0,-1.0,-1.0,-1.0,greedy,1
REQ-00011,2000,3000,0.38939785957336426,28.076725006103516,['resnet18'],black_grouse,1.0,weighted_majority,332.5255830422975,True,n01795545,2.0,,black_grouse,,,,,-1.0,0.7750481963157654,-1.0,-1.0,-1.0,-1.0,-1.0,0.4522484033119485,-1.0,-1.0,-1.0,-1.0,greedy,1
REQ-00012,2000,3000,0.24141526222229004,28.720319986343384,['resnet18'],american_alligator,1.0,weighted_majority,223.65458396961913,True,n01698640,2.0,,american_alligator,,,,,-1.0,0.984285295009613,-1.0,-1.0,-1.0,-1.0,-1.0,0.41802136298075365,-1.0,-1.0,-1.0,-1.0,greedy,1
REQ-00013,2000,3000,0.45945286750793457,29.0405592918396,['resnet18'],american_coot,1.0,weighted_majority,406.3195830094628,True,n02018207,2.0,,american_coot,,,,,-1.0,0.9900385141372681,-1.0,-1.0,-1.0,-1.0,-1.0,0.38203842668267834,-1.0,-1.0,-1.0,-1.0,greedy,1
REQ-00014,2000,3000,0.4465789794921875,29.12890601158142,['resnet18'],loggerhead,1.0,weighted_majority,398.46383401891217,True,n01664065,2.0,,loggerhead,,,,,-1.0,0.6605478525161743,-1.0,-1.0,-1.0,-1.0,-1.0,0.38203842668267834,-1.0,-1.0,-1.0,-1.0,greedy,1
REQ-00015,2000,3000,0.38652682304382324,31.827493906021118,['resnet18'],crayfish,1.0,weighted_majority,326.9924169871956,True,n01984695,2.0,,crayfish,,,,,-1.0,0.558150589466095,-1.0,-1.0,-1.0,-1.0,-1.0,0.3493745256129695,-1.0,-1.0,-1.0,-1.0,greedy,1
REQ-00016,2000,3000,0.32080626487731934,33.097553968429565,['resnet18'],african_crocodile,1.0,weighted_majority,300.8923329762183,True,n01698640,2.0,,african_crocodile,,,,,-1.0,0.6887320876121521,-1.0,-1.0,-1.0,-1.0,-1.0,0.32493817305167255,-1.0,-1.0,-1.0,-1.0,greedy,1
REQ-00017,2000,3000,0.34638404846191406,33.585636138916016,['resnet18'],water_ouzel,1.0,weighted_majority,327.1237920271233,True,n01601694,2.0,,water_ouzel,,,,,-1.0,0.9874811768531799,-1.0,-1.0,-1.0,-1.0,-1.0,0.3032817557465053,-1.0,-1.0,-1.0,-1.0,greedy,1
REQ-00018,2000,3000,0.3353431224822998,34.396137952804565,['resnet18'],goldfinch,1.0,weighted_majority,309.1896250261925,True,n01531178,2.0,,goldfinch,,,,,-1.0,0.9998874664306641,-1.0,-1.0,-1.0,-1.0,-1.0,0.2835539801718548,-1.0,-1.0,-1.0,-1.0,greedy,1
REQ-00019,2000,3000,0.4266180992126465,37.188536167144775,['resnet18'],thunder_snake,1.0,weighted_majority,398.17608398152515,True,n01728572,2.0,,thunder_snake,,,,,-1.0,0.4753251075744629,-1.0,-1.0,-1.0,-1.0,-1.0,0.26575588215466933,-1.0,-1.0,-1.0,-1.0,greedy,1
REQ-00020,2000,3000,0.7025811672210693,37.49466514587402,['resnet18'],tench,1.0,weighted_majority,662.2497499920428,True,n01440764,2.0,,tench,,,,,-1.0,0.9998528957366943,-1.0,-1.0,-1.0,-1.0,-1.0,0.2527834939392024,-1.0,-1.0,-1.0,-1.0,greedy,1
REQ-00021,2000,3000,0.2834150791168213,40.279643297195435,['resnet18'],jellyfish,1.0,weighted_majority,255.03383297473192,True,n01910747,2.0,,jellyfish,,,,,-1.0,0.9294714331626892,-1.0,-1.0,-1.0,-1.0,-1.0,0.26904304454528216,-1.0,-1.0,-1.0,-1.0,greedy,1
REQ-00022,2000,3000,0.26972508430480957,40.765549182891846,['resnet18'],black_grouse,0.4923329761183,weighted_majority,251.3285840395838,True,n01795545,2.0,,black_grouse,,,,,-1.0,0.9997515082359314,-1.0,-1.0,-1.0,-1.0,-1.0,0.2520515400907539,-1.0,-1.0,-1.0,-1.0,greedy,1
REQ-00023,2000,3000,0.32244300842285156,43.628942251205444,['resnet18'],bustard,1.0,weighted_majority,294.151125010103,True,n02013706,2.0,,bustard,,,,,-1.0,0.4506557881832123,-1.0,-1.0,-1.0,-1.0,-1.0,0.23776518608167854,-1.0,-1.0,-1.0,-1.0,greedy,1
REQ-00024,2000,3000,0.4008369445800781,49.11331605911255,['resnet18'],komodo_dragon,1.0,weighted_majority,370.05058402428403,True,n01695060,2.0,,komodo_dragon,,,,,-1.0,0.9264876246452332,-1.0,-1.0,-1.0,-1.0,-1.0,0.2240056674735107,-1.0,-1.0,-1.0,-1.0,greedy,1
REQ-00000,7000,3000,0.5202417373657227,1.9073486328125e-06,"['resnet34', 'resnet18']",garter_snake,1.0,weighted_majority,503.62275005318224,True,n01735189,2.0,,garter_snake,garter_snake,,,,-1.0,0.9875938296318054,0.9421516060829163,-1.0,-1.0,-1.0,-1.0,0.21070940072615965,3.067644772737257,-1.0,-1.0,-1.0,greedy,1
REQ-00001,7000,3000,0.5045099258422852,1.6361677646636963,"['resnet34', 'resnet18']",sulphur-crested_cockatoo,1.0,weighted_majority,487.3440829687752,True,n01819313,2.0,,sulphur-crested_cockatoo,sulphur-crested_cockatoo,,,,-1.0,0.9997240900993347,0.9994586110115051,-1.0,-1.0,-1.0,-1.0,0.1982623606535437,2.778896795463531,-1.0,-1.0,-1.0,greedy,1
REQ-00002,7000,3000,0.6412079334259033,7.626039028167725,"['resnet34', 'resnet18']",diamondback,1.0,weighted_majority,620.2367500518449,True,n01755581,2.0,,diamondback,diamondback,,,,-1.0,0.8923707604408264,0.8703054785728455,-1.0,-1.0,-1.0,-1.0,0.18789212458818932,2.519313015917178,-1.0,-1.0,-1.0,greedy,1
REQ-00003,7000,3000,0.5578858852386475,10.31059980392456,"['resnet34', 'resnet18']",sidewinder,1.0,weighted_majority,534.026833018288,True,n01756291,2.0,,sidewinder,sidewinder,,,,-1.0,0.4804054796695709,0.7802430987358093,-1.0,-1.0,-1.0,-1.0,0.1792417121293704,2.2861433143254604,-1.0,-1.0,-1.0,greedy,1
REQ-00004,7000,3000,0.9295809268951416,17.28915500640869,"['resnet34', 'resnet18']",hummingbird,1.0,weighted_majority,820.6634169910103,True,n01833805,2.0,,hummingbird,hummingbird,,,,-1.0,0.9833826422691345,0.9935786724090576,-1.0,-1.0,-1.0,-1.0,0.16836924091643335,2.076955082892914,-1.0,-1.0,-1.0,greedy,1
REQ-00005,7000,3000,0.5859460830688477,19.669867992401123,"['resnet34', 'resnet18']",american_chameleon,0.5310010399732762,weighted_majority,546.0965830134228,True,n01693334,2.0,,green_lizard,american_chameleon,,,,-1.0,0.5467936396598816,0.6190802454948425,-1.0,-1.0,-1.0,-1.0,0.16191991682479,1.888047674603623,-1.0,-1.0,-1.0,greedy,1
REQ-00006,7000,3000,0.5414242744445801,23.95111083984375,"['resnet34', 'resnet18']",white_stork,0.4197305369369955,weighted_majority,521.8117919866927,True,n02002556,2.0,,black_stork,white_stork,,,,-1.0,0.6102620959281921,0.9143660664558411,-1.0,-1.0,-1.0,-1.0,0.158123425142311,1.7194152071432607,-1.0,-1.0,-1.0,greedy,1
REQ-00007,7000,3000,0.6421818733215332,27.57906484603882,"['resnet34', 'resnet18']",stingray,1.0,weighted_majority,622.1527089946903,True,n01498041,2.0,,stingray,stingray,,,,-1.0,0.885666012763977,0.9117411971092224,-1.0,-1.0,-1.0,-1.0,0.1524337826280799,1.5675952864289346,-1.0,-1.0,-1.0,greedy,1
REQ-00008,7000,3000,0.9316999912261963,28.688430786132812,"['resnet34', 'resnet18']",american_alligator,1.0,weighted_majority,907.5351670035161,True,n01698640,2.0,,american_alligator,american_alligator,,,,-1.0,0.8625653982162476,0.7058560848236084,-1.0,-1.0,-1.0,-1.0,0.14927160436527193,1.4297211577860414,-1.0,-1.0,-1.0,greedy,1
REQ-00009,7000,3000,0.6051990985870361,31.330698013305664,"['resnet34', 'resnet18']",hornbill,0.3923329761183,weighted_majority,585.2077919989824,True,n01829413,2.0,,hornbill,hornbill,,,,-1.0,0.9931797981262207,0.9888228178024292,-1.0,-1.0,-1.0,-1.0,0.14563554392874473,1.3059289420074371,-1.0,-1.0,-1.0,greedy,1
REQ-00010,7000,3000,1.4708662033081055,38.12210774421692,"['resnet34', 'resnet18']",sulphur-crested_cockatoo,1.0,weighted_majority,1448.721624969039,True,n01819313,2.0,,sulphur-crested_cockatoo,sulphur-crested_cockatoo,,,,-1.0,0.9976111650466919,0.9916960597038269,-1.0,-1.0,-1.0,-1.0,0.14316258953587027,1.1953191478066933,-1.0,-1.0,-1.0,greedy,1
REQ-00013,7000,3000,6.693260669708252,38.65316295623779,"['resnet34', 'resnet18']",komodo_dragon,0.7406313128875504,weighted_majority,6613.304083002731,True,n01695060,2.0,,wild_boar,komodo_dragon,,,,-1.0,0.2746623456478119,0.7843025922775269,-1.0,-1.0,-1.0,-1.0,0.14316258953587027,1.095029533026024,-1.0,-1.0,-1.0,greedy,1
REQ-00012,7000,3000,10.897053956985474,38.622490882873535,"['resnet34', 'resnet18']",spotted_salamander,0.6273413759539921,weighted_majority,10870.959708001465,True,n01632458,2.0,,european_fire_salamander,spotted_salamander,,,,-1.0,0.5761042237281799,0.9698259830474854,-1.0,-1.0,-1.0,-1.0,0.14316258953587027,1.095029533026024,-1.0,-1.0,-1.0,greedy,1
REQ-00011,7000,3000,18.81217098236084,38.38159489631653,"['resnet34', 'resnet18']",cock,0.563639742049803,weighted_majority,18786.85883403523,True,n01514668,2.0,,hen,cock,,,,-1.0,0.5335838794708252,0.689221978187561,-1.0,-1.0,-1.0,-1.0,0.14316258953587027,1.1953191478066933,-1.0,-1.0,-1.0,greedy,1
REQ-00014,7000,3000,17.92544388771057,39.44815373420715,"['resnet34', 'resnet18']",hornbill,1.0,weighted_majority,17909.95075000683,True,n01829413,2.0,,hornbill,hornbill,,,,-1.0,0.999909520149231,0.9999364614486694,-1.0,-1.0,-1.0,-1.0,0.14316258953587027,1.0039453797234217,-1.0,-1.0,-1.0,greedy,1
REQ-00015,7000,3000,18.495480060577393,39.72259879112244,"['resnet34', 'resnet18']",indigo_bunting,1.0,weighted_majority,18473.915290960576,True,n01537544,2.0,,indigo_bunting,indigo_bunting,,,,-1.0,0.9965464472770691,0.918720006942749,-1.0,-1.0,-1.0,-1.0,0.23159313058228326,6.9337315746299995,-1.0,-1.0,-1.0,greedy,1
REQ-00017,7000,3000,9.741871118545532,49.475987911224365,"['resnet34', 'resnet18']",whiptail,1.0,weighted_majority,9676.704375015106,True,n01685808,2.0,,whiptail,whiptail,,,,-1.0,0.6802700161933899,0.8914875388145447,-1.0,-1.0,-1.0,-1.0,1.2401174157716495,6.9337315746299995,-1.0,-1.0,-1.0,greedy,1
REQ-00016,7000,3000,10.044993877410889,49.21084475517273,"['resnet34', 'resnet18']",green_snake,0.5772777475108448,weighted_majority,10017.45095901424,True,n01729977,2.0,,green_snake,green_mamba,,,,-1.0,0.534342885017395,0.39128240942955017,-1.0,-1.0,-1.0,-1.0,0.8172640175240549,1.4627713417510795,-1.0,-1.0,-1.0,greedy,1
REQ-00000,7000,3000,0.39542722702026367,3.0994415283203125e-06,"['resnet18', 'mobilenet_v3_small']",agama,1.0,weighted_majority,378.39162501040846,True,n01687978,2.0,agama,agama,,,,,0.9999613761901855,0.9956455826759338,-1.0,-1.0,-1.0,-1.0,0.05825960897825859,2.1365360515790015,-1.0,-1.0,-1.0,-1.0,greedy,1
REQ-00001,7000,3000,0.8084352016448975,2.472194194793701,"['resnet18', 'mobilenet_v3_small']",redshank,1.0,weighted_majority,565.7880840008147,True,n02028035,2.0,redshank,redshank,,,,,0.9994140863418579,0.9953945279121399,-1.0,-1.0,-1.0,-1.0,0.05659614808043273,1.9319332464211014,-1.0,-1.0,-1.0,-1.0,greedy,1
REQ-00004,7000,3000,3.2216320037841797,3.951378107070923,"['resnet18', 'mobilenet_v3_small']",magpie,1.0,weighted_majority,3197.601541003678,True,n01582220,2.0,magpie,magpie,,,,,0.9964683055877686,0.9893240332603455,-1.0,-1.0,-1.0,-1.0,0.05616263327238946,1.6032728396010925,-1.0,-1.0,-1.0,-1.0,greedy,1
REQ-00003,7000,3000,4.372562885284424,3.6182830333709717,"['resnet18', 'mobilenet_v3_small']",drake,1.0,weighted_majority,4345.276250038296,True,n01847000,2.0,drake,drake,,,,,0.9956707954406738,0.999839186668396,-1.0,-1.0,-1.0,-1.0,0.05616263327238946,1.6032728396010925,-1.0,-1.0,-1.0,-1.0,greedy,1
REQ-00002,7000,3000,6.380743026733398,2.709894895553589,"['resnet18', 'mobilenet_v3_small']",eft,1.0,weighted_majority,6285.652959020808,True,n01630670,2.0,eft,eft,,,,,0.9210548996925354,0.8507810831069946,-1.0,-1.0,-1.0,-1.0,0.05659614808043273,1.9319332464211014,-1.0,-1.0,-1.0,-1.0,greedy,1
REQ-00006,7000,3000,0.6650350093841553,9.28085994720459,"['resnet18', 'mobilenet_v3_small']",tarantula,1.0,weighted_majority,638.217874977272,True,n01774750,2.0,tarantula,tarantula,,,,,0.960034191608429,0.994629979133606,-1.0,-1.0,-1.0,-1.0,0.054520992950635463,1.972151640076885,-1.0,-1.0,-1.0,-1.0,greedy,1
REQ-00005,7000,3000,1.7333319187164307,8.246541261672974,"['resnet18', 'mobilenet_v3_small']",common_iguana,0.6302121529913274,weighted_majority,1709.0488340472803,True,n01685808,2.0,common_iguana,echidna,,,,,0.4738635718822479,0.2780476212501526,-1.0,-1.0,-1.0,-1.0,0.054520992950635463,1.972151640076885,-1.0,-1.0,-1.0,-1.0,greedy,1
REQ-00007,7000,3000,0.41931986808776855,10.259165048599243,"['resnet18', 'mobilenet_v3_small']",rock_crab,0.6604569063629342,weighted_majority,391.600833972916,True,n01739381,2.0,african_chameleon,rock_crab,,,,,0.09483220428228378,0.18446137011051178,-1.0,-1.0,-1.0,-1.0,0.07403614429001472,1.7337096784622772,-1.0,-1.0,-1.0,-1.0,greedy,1
REQ-00008,7000,3000,0.3540506362915039,11.133780002593994,"['resnet18', 'mobilenet_v3_small']",sea_cucumber,0.5767507773589896,weighted_majority,331.04704204015434,True,n01496331,2.0,sea_cucumber,electric_ray,,,,,0.2825590968132019,0.2073563188314438,-1.0,-1.0,-1.0,-1.0,0.07189822986101324,1.5717287106160496,-1.0,-1.0,-1.0,-1.0,greedy,1
REQ-00009,7000,3000,0.42951488494873047,19.439684867858887,"['resnet18', 'mobilenet_v3_small']",macaw,1.0,weighted_majority,408.4789580083452,True,n01818515,2.0,macaw,macaw,,,,,0.999409556388855,0.9999371767044067,-1.0,-1.0,-1.0,-1.0,0.06973580687491192,1.4256853395544447,-1.0,-1.0,-1.0,-1.0,greedy,1
REQ-00010,7000,3000,0.4132578372955322,24.750997066497803,"['resnet18', 'mobilenet_v3_small']",thunder_snake,1.0,weighted_majority,385.94875001581386,True,n01728572,2.0,thunder_snake,thunder_snake,,,,,0.9968512654304504,0.6401949524879456,-1.0,-1.0,-1.0,-1.0,0.06798702618742072,1.2937420055990003,-1.0,-1.0,-1.0,-1.0,greedy,1
REQ-00011,7000,3000,0.41907286643981934,32.67279601097107,"['resnet18', 'mobilenet_v3_small']",hognose_snake,1.0,weighted_majority,395.5548749654554,True,n01729322,2.0,hognose_snake,hognose_snake,,,,,0.5289803147315979,0.5823001861572266,-1.0,-1.0,-1.0,-1.0,0.06594022356867865,1.1744490050391003,-1.0,-1.0,-1.0,-1.0,greedy,1
REQ-00012,7000,3000,0.4389193058013916,36.83109402656555,"['resnet18', 'mobilenet_v3_small']",eel,0.2923329761183,weighted_majority,416.90883302362636,True,n01751748,2.0,eel,eel,,,,,0.4573183059692383,0.5438446998596191,-1.0,-1.0,-1.0,-1.0,0.06413080121181078,1.0665607045351904,-1.0,-1.0,-1.0,-1.0,greedy,1
REQ-00013,7000,3000,0.38272619247436523,43.67503213882446,"['resnet18', 'mobilenet_v3_small']",spotted_salamander,1.0,weighted_majority,353.9430000237189,True,n01632458,2.0,spotted_salamander,spotted_salamander,,,,,0.8569146394729614,0.8418745994567871,-1.0,-1.0,-1.0,-1.0,0.062152421090629704,0.9699784340816714,-1.0,-1.0,-1.0,-1.0,greedy,1
REQ-00014,7000,3000,0.4228188991546631,44.63797307014465,"['resnet18', 'mobilenet_v3_small']",goldfish,1.0,weighted_majority,396.58908394631,True,n01443537,2.0,goldfish,goldfish,,,,,0.9999997615814209,0.9997411370277405,-1.0,-1.0,-1.0,-1.0,0.060618978981566735,0.8824524906735043,-1.0,-1.0,-1.0,-1.0,greedy,1
REQ-00015,7000,3000,0.39058613777160645,47.646003007888794,"['resnet18', 'mobilenet_v3_small']",drake,1.0,weighted_majority,361.71074997400865,True,n01847000,2.0,drake,drake,,,,,0.9999663829803467,0.9997871518135071,-1.0,-1.0,-1.0,-1.0,0.059287881083410064,0.8039740416061538,-1.0,-1.0,-1.0,-1.0,greedy,1
REQ-00016,7000,3000,0.37518310546875,48.4695520401001,"['resnet18', 'mobilenet_v3_small']",wallaby,1.0,weighted_majority,349.120499973651,True,n01877812,2.0,wallaby,wallaby,,,,,0.9998856782913208,0.9999197721481323,-1.0,-1.0,-1.0,-1.0,0.057575792975069054,0.7331649374455385,-1.0,-1.0,-1.0,-1.0,greedy,1
REQ-00000,7000,3000,0.3720219135284424,2.86102294921875e-06,"['resnet18', 'mobilenet_v3_small']",jellyfish,1.0,weighted_majority,358.94383303821087,True,n01910747,2.0,jellyfish,jellyfish,,,,,0.9794214963912964,0.6640064120292664,-1.0,-1.0,-1.0,-1.0,0.057133413677562146,0.6699515437009846,-1.0,-1.0,-1.0,-1.0,greedy,1
REQ-00001,7000,3000,0.371715784072876,8.333515167236328,"['resnet18', 'mobilenet_v3_small']",great_grey_owl,1.0,weighted_majority,329.34666698565707,True,n01622779,2.0,great_grey_owl,great_grey_owl,,,,,0.9357374906539917,0.5599483251571655,-1.0,-1.0,-1.0,-1.0,0.05629377230980594,0.6123596893308862,-1.0,-1.0,-1.0,-1.0,greedy,1
REQ-00002,7000,3000,0.4296436309814453,9.265581846237183,"['resnet18', 'mobilenet_v3_small']",garter_snake,1.0,weighted_majority,399.84758401988074,True,n01735189,2.0,garter_snake,garter_snake,,,,,0.8447513580322266,0.7760159969329834,-1.0,-1.0,-1.0,-1.0,0.054908495078825344,0.5605102203977976,-1.0,-1.0,-1.0,-1.0,greedy,1
REQ-00003,7000,3000,0.4287538528442383,13.475972890853882,"['resnet18', 'mobilenet_v3_small']",kite,1.0,weighted_majority,405.3838330437429,True,n01608432,2.0,kite,kite,,,,,0.9910104274749756,0.7587782144546509,-1.0,-1.0,-1.0,-1.0,0.05408254557094281,0.5142270983580179,-1.0,-1.0,-1.0,-1.0,greedy,1
REQ-00004,7000,3000,0.41249895095825195,13.763831853866577,"['resnet18', 'mobilenet_v3_small']",great_white_shark,1.0,weighted_majority,385.7072499813512,True,n01484850,2.0,great_white_shark,great_white_shark,,,,,0.6990429759025574,0.8550140857696533,-1.0,-1.0,-1.0,-1.0,0.05408254557094281,0.4754149885222162,-1.0,-1.0,-1.0,-1.0,greedy,1
REQ-00005,7000,3000,0.41289591789245605,19.010642051696777,"['resnet18', 'mobilenet_v3_small']",garden_spider,1.0,weighted_majority,385.8305839821696,True,n01773797,2.0,garden_spider,garden_spider,,,,,0.8448517918586731,0.7839269042015076,-1.0,-1.0,-1.0,-1.0,0.055457021912463676,0.4382276896699946,-1.0,-1.0,-1.0,-1.0,greedy,1
REQ-00006,7000,3000,0.6168909072875977,20.194283723831177,"['resnet18', 'mobilenet_v3_small']",indigo_bunting,0.5597252707845949,weighted_majority,588.99575000396,True,n01537544,2.0,prairie_chicken,indigo_bunting,,,,,0.27753445506095886,0.3528320789337158,-1.0,-1.0,-1.0,-1.0,0.054690019721217314,0.4041042207029952,-1.0,-1.0,-1.0,-1.0,greedy,1
REQ-00007,7000,3000,0.6816761493682861,25.456624031066895,"['resnet18', 'mobilenet_v3_small']",loggerhead,1.0,weighted_majority,652.6807909831405,True,n01664065,2.0,loggerhead,loggerhead,,,,,0.9938743710517883,0.9786344766616821,-1.0,-1.0,-1.0,-1.0,0.05749751774909558,0.37352889863269567,-1.0,-1.0,-1.0,-1.0,greedy,1
REQ-00008,7000,3000,1.7451560497283936,25.53923487663269,"['resnet18', 'mobilenet_v3_small']",kite,1.0,weighted_majority,1715.6532080261968,True,n01608432,2.0,kite,kite,,,,,0.9994240999221802,0.9563674926757812,-1.0,-1.0,-1.0,-1.0,0.05749751774909558,0.37352889863269567,-1.0,-1.0,-1.0,-1.0,greedy,1
REQ-00009,7000,3000,0.4923701286315918,37.67128086090088,"['resnet18', 'mobilenet_v3_small']",bittern,0.9876571046368642,weighted_majority,459.2151670367457,True,n02011460,2.0,bittern,bittern,,,,,0.9990315437316895,0.9814487099647522,-1.0,-1.0,-1.0,-1.0,0.06585800937676742,0.4041078778924835,-1.0,-1.0,-1.0,-1.0,greedy,1
REQ-00010,7000,3000,1.177178144454956,43.75004696846008,"['resnet18', 'mobilenet_v3_small']",black_widow,1.0,weighted_majority,1132.5996670057066,True,n01774384,2.0,black_widow,black_widow,,,,,0.9061669707298279,0.9552547931671143,-1.0,-1.0,-1.0,-1.0,0.06388700843909068,0.3729141901032351,-1.0,-1.0,-1.0,-1.0,greedy,1
REQ-00011,7000,3000,1.3061070442199707,43.771854877471924,"['resnet18', 'mobilenet_v3_small']",american_alligator,1.0,weighted_majority,1182.1716249687597,True,n01698640,2.0,american_alligator,american_alligator,,,,,0.7295732498168945,0.9336447715759277,-1.0,-1.0,-1.0,-1.0,0.06388700843909068,0.3729141901032351,-1.0,-1.0,-1.0,-1.0,greedy,1
REQ-00012,7000,3000,0.6610760688781738,45.333428144454956,"['resnet18', 'mobilenet_v3_small']",wallaby,0.7910137183927098,weighted_majority,630.0257919938304,True,n01877812,2.0,wood_rabbit,wallaby,,,,,0.18066592514514923,0.6838210821151733,-1.0,-1.0,-1.0,-1.0,0.07041447683566346,0.3202703439836204,-1.0,-1.0,-1.0,-1.0,greedy,1
REQ-00013,7000,3000,0.501380205154419,46.639442920684814,"['resnet18', 'mobilenet_v3_small']",bustard,1.0,weighted_majority,469.2181669524871,True,n02018795,2.0,bustard,bustard,,,,,0.9971062541007996,0.9932615160942078,-1.0,-1.0,-1.0,-1.0,0.06812382915209711,0.3014185095852584,-1.0,-1.0,-1.0,-1.0,greedy,1
REQ-00014,7000,3000,0.4510231018066406,47.54170083999634,"['resnet18', 'mobilenet_v3_small']",black_widow,1.0,weighted_majority,430.8680410031229,True,n01774384,2.0,black_widow,black_widow,,,,,0.9851352572441101,0.9861685633659363,-1.0,-1.0,-1.0,-1.0,0.0659944462368874,0.28069515862673255,-1.0,-1.0,-1.0,-1.0,greedy,1
REQ-00015,7000,3000,0.9428539276123047,48.10885214805603,"['resnet18', 'mobilenet_v3_small']",cock,1.0,weighted_majority,905.3272500168532,True,n01514668,2.0,cock,cock,,,,,0.9961860775947571,0.9895445704460144,-1.0,-1.0,-1.0,-1.0,0.06400810161319866,0.2660733427640593,-1.0,-1.0,-1.0,-1.0,greedy,1
REQ-00000,7000,3000,0.4346013069152832,2.86102294921875e-06,"['resnet18', 'mobilenet_v3_small']",goose,0.8644471046368155,weighted_majority,417.29229100747034,True,n01855672,2.0,goose,goose,,,,,0.9059734344482422,0.5544791221618652,-1.0,-1.0,-1.0,-1.0,0.06561089145187879,0.2502868084876534,-1.0,-1.0,-1.0,-1.0,greedy,1
REQ-00002,7000,3000,0.5863490104675293,6.696835041046143,"['resnet18', 'mobilenet_v3_small']",drake,1.0,weighted_majority,561.505583988037,True,n01847000,2.0,drake,drake,,,,,0.999954342842102,0.999582827091217,-1.0,-1.0,-1.0,-1.0,0.06633120230669091,0.23373532763888805,-1.0,-1.0,-1.0,-1.0,greedy,1
REQ-00001,7000,3000,1.7273132801055908,6.367664813995361,"['resnet18', 'mobilenet_v3_small']",american_alligator,1.0,weighted_majority,1700.3892080392689,True,n01698640,2.0,american_alligator,american_alligator,,,,,0.12839974462985992,0.1841563582420349,-1.0,-1.0,-1.0,-1.0,0.06633120230669091,0.23373532763888805,-1.0,-1.0,-1.0,-1.0,greedy,1
REQ-00003,7000,3000,0.7251389026641846,7.3875439167022705,"['resnet18', 'mobilenet_v3_small']",pelican,1.0,weighted_majority,692.6059590186924,True,n02051845,2.0,pelican,pelican,,,,,0.9984655380249023,0.9994076490402222,-1.0,-1.0,-1.0,-1.0,0.08973168207602183,0.20322038538749934,-1.0,-1.0,-1.0,-1.0,greedy,1
REQ-00004,7000,3000,0.567471981048584,8.521934986114502,"['resnet18', 'mobilenet_v3_small']",american_coot,1.0,weighted_majority,530.1178749650717,True,n02018207,2.0,american_coot,american_coot,,,,,0.9787716865539551,0.9978025555610657,-1.0,-1.0,-1.0,-1.0,0.20745981248157772,0.1937143468487494,-1.0,-1.0,-1.0,-1.0,greedy,1
REQ-00005,7000,3000,0.3882310390472412,12.471981048583984,"['resnet18', 'mobilenet_v3_small']",thunder_snake,1.0,weighted_majority,360.2731670252979,True,n01728572,2.0,thunder_snake,thunder_snake,,,,,0.9881997108459473,0.8802566528320312,-1.0,-1.0,-1.0,-1.0,0.19129723123341993,0.1892248121638745,-1.0,-1.0,-1.0,-1.0,greedy,1
REQ-00006,7000,3000,0.5192239284515381,15.805198907852173,"['resnet18', 'mobilenet_v3_small']",leatherback_turtle,1.0,weighted_majority,484.13425002945587,True,n01665541,2.0,leatherback_turtle,leatherback_turtle,,,,,0.7889981865882874,0.8138042688369751,-1.0,-1.0,-1.0,-1.0,0.17654530811007793,0.18031973094748704,-1.0,-1.0,-1.0,-1.0,greedy,1
REQ-00007,7000,3000,1.281426191329956,17.229866981506348,"['resnet18', 'mobilenet_v3_small']",harvestman,1.0,weighted_majority,1262.038125016261,True,n01770081,2.0,harvestman,harvestman,,,,,0.7673971056938171,0.8541895151138306,-1.0,-1.0,-1.0,-1.0,0.16632017729907014,0.17226915785273836,-1.0,-1.0,-1.0,-1.0,greedy,1
REQ-00008,7000,3000,1.6595418453216553,17.44075083732605,"['resnet18', 'mobilenet_v3_small']",bald_eagle,0.3444471046368113,weighted_majority,1485.5449160095304,True,n01614925,2.0,bald_eagle,bald_eagle,,,,,0.9996979236602783,0.9978433847427368,-1.0,-1.0,-1.0,-1.0,0.16632017729907014,0.17226915785273836,-1.0,-1.0,-1.0,-1.0,greedy,1
REQ-00009,7000,3000,1.242353916168213,17.990861892700195,"['resnet18', 'mobilenet_v3_small']",black_and_gold_garden_spider,1.0,weighted_majority,1165.1324999984354,True,n01773797,2.0,black_and_gold_garden_spider,black_and_gold_garden_spider,,,,,0.5358624458312988,0.8265936374664307,-1.0,-1.0,-1.0,-1.0,0.16632017729907014,0.1581081278607181,-1.0,-1.0,-1.0,-1.0,greedy,1
REQ-00010,7000,3000,0.5210962295532227,19.912237882614136,"['resnet18', 'mobilenet_v3_small']",garter_snake,0.661076796313593,weighted_majority,498.28691699076444,True,n01735189,2.0,garter_snake,alligator_lizard,,,,,0.6494426131248474,0.33295854926109314,-1.0,-1.0,-1.0,-1.0,0.17644366525102212,0.19284761507464632,-1.0,-1.0,-1.0,-1.0,greedy,1
REQ-00011,7000,3000,0.5225441455841064,20.71977996826172,"['resnet18', 'mobilenet_v3_small']",pelican,1.0,weighted_majority,497.93599999975413,True,n02051845,2.0,pelican,pelican,,,,,0.9999297857284546,0.9999727010726929,-1.0,-1.0,-1.0,-1.0,0.1636144987259199,0.1835049535671817,-1.0,-1.0,-1.0,-1.0,greedy,1
REQ-00013,7000,3000,0.6508989334106445,23.148868799209595,"['resnet18', 'mobilenet_v3_small']",bustard,1.0,weighted_majority,599.0409999503754,True,n02018795,2.0,bustard,bustard,,,,,0.993190348148346,0.9942094087600708,-1.0,-1.0,-1.0,-1.0,0.1519961488533279,0.1749077582104635,-1.0,-1.0,-1.0,-1.0,greedy,1
REQ-00012,7000,3000,1.5908019542694092,23.00606369972229,"['resnet18', 'mobilenet_v3_small']",bustard,0.2224471046368113,weighted_majority,1566.9852910214104,True,n02018795,2.0,bustard,bustard,,,,,0.9889639616012573,0.9887377023696899,-1.0,-1.0,-1.0,-1.0,0.1519961488533279,0.1749077582104635,-1.0,-1.0,-1.0,-1.0,greedy,1
REQ-00014,7000,3000,0.5968680381774902,26.927807807922363,"['resnet18', 'mobilenet_v3_small']",mud_turtle,1.0,weighted_majority,531.0996670159511,True,n01667114,2.0,mud_turtle,mud_turtle,,,,,0.9862601161003113,0.9729785919189453,-1.0,-1.0,-1.0,-1.0,0.1343631105711956,0.22468519415047544,-1.0,-1.0,-1.0,-1.0,greedy,1
REQ-00015,7000,3000,0.5036122798919678,27.357669830322266,"['resnet18', 'mobilenet_v3_small']",bee_eater,1.0,weighted_majority,478.0159170040861,True,n01828970,2.0,bee_eater,bee_eater,,,,,0.9018839001655579,0.9580268859863281,-1.0,-1.0,-1.0,-1.0,0.12581869951407604,0.2120170747354279,-1.0,-1.0,-1.0,-1.0,greedy,1
REQ-00016,7000,3000,0.4893960952758789,31.741317749023438,"['resnet18', 'mobilenet_v3_small']",scorpion,1.0,weighted_majority,459.6803330350667,True,n01770393,2.0,scorpion,scorpion,,,,,0.9809787273406982,0.9990397095680237,-1.0,-1.0,-1.0,-1.0,0.11898022956266843,0.20112186726188513,-1.0,-1.0,-1.0,-1.0,greedy,1
REQ-00017,7000,3000,0.5135929584503174,32.36634278297424,"['resnet18', 'mobilenet_v3_small']",boa_constrictor,0.5240834144295907,weighted_majority,490.4852909967303,True,n01729322,2.0,boa_constrictor,hognose_snake,,,,,0.5262554883956909,0.4778890311717987,-1.0,-1.0,-1.0,-1.0,0.11231790660640159,0.19043248053569664,-1.0,-1.0,-1.0,-1.0,greedy,1
REQ-00018,7000,3000,0.3726499080657959,34.022037982940674,"['resnet18', 'mobilenet_v3_small']",goldfish,1.0,weighted_majority,353.25641703093424,True,n01443537,2.0,goldfish,goldfish,,,,,0.9894365072250366,0.9896383285522461,-1.0,-1.0,-1.0,-1.0,0.10665511594576144,0.18130863248212697,-1.0,-1.0,-1.0,-1.0,greedy,1
REQ-00019,7000,3000,0.3736450672149658,35.26940369606018,"['resnet18', 'mobilenet_v3_small']",american_alligator,1.0,weighted_majority,355.35804100800306,True,n01698640,2.0,american_alligator,american_alligator,,,,,0.623342752456665,0.7318318486213684,-1.0,-1.0,-1.0,-1.0,0.10158100435118529,0.17278866923391428,-1.0,-1.0,-1.0,-1.0,greedy,1
REQ-00020,7000,3000,0.3515610694885254,36.139888763427734,"['resnet18', 'mobilenet_v3_small']",black_widow,1.0,weighted_majority,332.81941700261086,True,n01774384,2.0,black_widow,black_widow,,,,,0.9663490056991577,0.45639750361442566,-1.0,-1.0,-1.0,-1.0,0.09668200391606677,0.16325650231052286,-1.0,-1.0,-1.0,-1.0,greedy,1
REQ-00021,7000,3000,0.4195902347564697,37.87907600402832,"['resnet18', 'mobilenet_v3_small']",night_snake,0.5004404144756117,weighted_majority,401.2767500244081,True,n01740131,2.0,thunder_snake,night_snake,,,,,0.23013079166412354,0.5380996465682983,-1.0,-1.0,-1.0,-1.0,0.09504340352446008,0.15651265207947057,-1.0,-1.0,-1.0,-1.0,greedy,1
REQ-00022,7000,3000,0.45247888565063477,38.926005840301514,"['resnet18', 'mobilenet_v3_small']",indigo_bunting,1.0,weighted_majority,424.1870840196498,True,n01537544,2.0,indigo_bunting,indigo_bunting,,,,,0.9999924898147583,0.99636310338974,-1.0,-1.0,-1.0,-1.0,0.09066446317201408,0.15041038687152353,-1.0,-1.0,-1.0,-1.0,greedy,1
REQ-00023,7000,3000,1.382723093032837,42.73607087135315,"['resnet18', 'mobilenet_v3_small']",kite,1.0,weighted_majority,1356.0655409819447,True,n01608432,2.0,kite,kite,,,,,0.8799031972885132,0.9035888314247131,-1.0,-1.0,-1.0,-1.0,0.08839631685481267,0.14397014818437118,-1.0,-1.0,-1.0,-1.0,greedy,1
REQ-00024,7000,3000,1.3416409492492676,42.8778657913208,"['resnet18', 'mobilenet_v3_small']",black_and_gold_garden_spider,1.0,weighted_majority,1317.0807079877704,True,n01773157,2.0,black_and_gold_garden_spider,black_and_gold_garden_spider,,,,,0.8875386714935303,0.7675416469573975,-1.0,-1.0,-1.0,-1.0,0.08839631685481267,0.14397014818437118,-1.0,-1.0,-1.0,-1.0,greedy,1
REQ-00025,7000,3000,1.059622049331665,44.887969970703125,"['resnet18', 'mobilenet_v3_small']",cicada,0.468303174221733,weighted_majority,1031.2142500188202,True,n01944390,2.0,cicada,slug,,,,,0.4509141147136688,0.22380079329013824,-1.0,-1.0,-1.0,-1.0,0.17387010665239827,0.23067117002934065,-1.0,-1.0,-1.0,-1.0,greedy,1
REQ-00026,7000,3000,0.5381169319152832,46.09855365753174,"['resnet18', 'mobilenet_v3_small']",boa_constrictor,0.7000092940225624,weighted_majority,529.5522499945946,True,n01729322,2.0,hognose_snake,boa_constrictor,,,,,0.2874317765235901,0.6707038283348083,-1.0,-1.0,-1.0,-1.0,0.16133749598715846,0.21454005302640658,-1.0,-1.0,-1.0,-1.0,greedy,1
REQ-00027,7000,3000,1.0461349487304688,46.65719485282898,"['resnet18', 'mobilenet_v3_small']",flatworm,0.3257471046368177,weighted_majority,1029.1055000270717,True,n01924916,2.0,flatworm,flatworm,,,,,0.6437460780143738,0.9957061409950256,-1.0,-1.0,-1.0,-1.0,0.14986224638844264,0.2024802477237659,-1.0,-1.0,-1.0,-1.0,greedy,1
REQ-00028,7000,3000,0.3709120750427246,47.82477378845215,"['resnet18', 'mobilenet_v3_small']",wallaby,1.0,weighted_majority,358.64950000541285,True,n01877812,2.0,wallaby,wallaby,,,,,0.9994791150093079,0.9971991777420044,-1.0,-1.0,-1.0,-1.0,0.1506320217495984,0.19172972295138932,-1.0,-1.0,-1.0,-1.0,greedy,1
REQ-00029,7000,3000,0.48444318771362305,49.78765797615051,"['resnet18', 'mobilenet_v3_small']",flamingo,1.0,weighted_majority,462.39770797546953,True,n02007558,2.0,flamingo,flamingo,,,,,0.9998718500137329,0.9934466481208801,-1.0,-1.0,-1.0,-1.0,0.14021601957463856,0.1823624506562504,-1.0,-1.0,-1.0,-1.0,greedy,1
REQ-00000,1000,3000,0.43619680404663086,3.0994415283203125e-06,"['resnet18', 'mobilenet_v3_small']",cock,0.3423349761183,weighted_majority,423.83558402070776,True,n01514668,2.0,cock,cock,,,,,0.9859670996665955,0.9165850877761841,-1.0,-1.0,-1.0,-1.0,0.1305563176171747,0.17312360559062534,-1.0,-1.0,-1.0,-1.0,greedy,1
REQ-00001,1000,3000,0.26813387870788574,1.572382926940918,"['resnet18', 'mobilenet_v3_small']",kite,0.5524228151003848,weighted_majority,256.59037503646687,True,n01773157,2.0,kite,black_and_gold_garden_spider,,,,,0.7061986923217773,0.5721675753593445,-1.0,-1.0,-1.0,-1.0,0.12232688585545724,0.16474844503156283,-1.0,-1.0,-1.0,-1.0,greedy,1
REQ-00002,1000,3000,0.3458230495452881,16.748831033706665,"['resnet18', 'mobilenet_v3_small']",black_grouse,1.0,weighted_majority,318.6508329818025,True,n01795545,2.0,black_grouse,black_grouse,,,,,0.9999004602432251,0.999923825263977,-1.0,-1.0,-1.0,-1.0,0.11362059726991151,0.15354760052840655,-1.0,-1.0,-1.0,-1.0,greedy,1
REQ-00003,1000,3000,0.6815640926361084,23.63204002380371,"['resnet18', 'mobilenet_v3_small']",black_and_gold_garden_spider,1.0,weighted_majority,643.4058750164695,True,n01773157,2.0,black_and_gold_garden_spider,black_and_gold_garden_spider,,,,,0.7686998248100281,0.7624639868736267,-1.0,-1.0,-1.0,-1.0,0.10716933754292035,0.14727114047556591,-1.0,-1.0,-1.0,-1.0,greedy,1
REQ-00004,1000,3000,0.4326210021972656,32.669960021972656,"['resnet18', 'mobilenet_v3_small']",harvestman,0.5434228451003848,weighted_majority,404.6724590007216,True,n01770081,2.0,harvestman,harvestman,,,,,0.9669131636619568,0.9748757481575012,-1.0,-1.0,-1.0,-1.0,0.10115820378862832,0.14174392642800934,-1.0,-1.0,-1.0,-1.0,greedy,1
REQ-00005,1000,3000,0.5237870216369629,37.59783720970154,"['resnet18', 'mobilenet_v3_small']",sea_slug,1.0,weighted_majority,495.9936250234023,True,n01950731,2.0,sea_slug,sea_slug,,,,,0.9998781681060791,0.952989935874939,-1.0,-1.0,-1.0,-1.0,0.0962426834097655,0.1370301337852084,-1.0,-1.0,-1.0,-1.0,greedy,1
REQ-00006,1000,3000,1.2358858585357666,41.78583812713623,"['resnet18', 'mobilenet_v3_small']",agama,1.0,weighted_majority,1204.5740840258077,True,n01687978,2.0,agama,agama,,,,,0.5988906621932983,0.9559425115585327,-1.0,-1.0,-1.0,-1.0,0.09146401506878896,0.13266372040668756,-1.0,-1.0,-1.0,-1.0,greedy,1
REQ-00007,1000,3000,1.1462831497192383,42.002769947052,"['resnet18', 'mobilenet_v3_small']",terrapin,0.5737868076102136,weighted_majority,1117.6641670172103,True,n01667114,2.0,terrapin,mud_turtle,,,,,0.4672006368637085,0.34704017639160156,-1.0,-1.0,-1.0,-1.0,0.09146401506878896,0.13266372040668756,-1.0,-1.0,-1.0,-1.0,greedy,1
REQ-00008,1000,3000,0.6227967739105225,43.50978708267212,"['resnet18', 'mobilenet_v3_small']",green_lizard,0.5377918648893347,weighted_majority,593.9013750175945,True,n01693334,2.0,american_chameleon,green_lizard,,,,,0.4655756652355194,0.5417100787162781,-1.0,-1.0,-1.0,-1.0,0.14739084220571905,0.1864358135294169,-1.0,-1.0,-1.0,-1.0,greedy,1
REQ-00009,1000,3000,0.705211877822876,48.00331401824951,"['resnet18', 'mobilenet_v3_small']",sea_anemone,1.0,weighted_majority,674.8627919587307,True,n01914609,2.0,sea_anemone,sea_anemone,,,,,0.9671406745910645,0.655614972114563,-1.0,-1.0,-1.0,-1.0,0.13771265798514715,0.1771993321764752,-1.0,-1.0,-1.0,-1.0,greedy,1
REQ-00000,1000,3000,0.3327159881591797,1.9073486328125e-06,"['resnet18', 'mobilenet_v3_small']",scorpion,1.0,weighted_majority,314.34383301530033,True,n01770393,2.0,scorpion,scorpion,,,,,0.9968469738960266,0.9933273792266846,-1.0,-1.0,-1.0,-1.0,0.12898269218663244,0.1674817989588277,-1.0,-1.0,-1.0,-1.0,greedy,1
REQ-00001,1000,3000,0.9825921058654785,1.9313468933105469,"['resnet18', 'mobilenet_v3_small']",bustard,0.6367918648893386,weighted_majority,943.5660419985652,True,n02018795,2.0,bustard,bustard,,,,,0.8661845326423645,0.8485962152481079,-1.0,-1.0,-1.0,-1.0,0.12072692296796919,0.15863951906294493,-1.0,-1.0,-1.0,-1.0,greedy,1
REQ-00002,1000,3000,1.0806069374084473,1.9488348960876465,"['resnet18', 'mobilenet_v3_small']",american_alligator,0.6575883621027484,weighted_majority,977.626541047357,True,n01698640,2.0,worm_fence,american_alligator,,,,,0.16568709909915924,0.5178077220916748,-1.0,-1.0,-1.0,-1.0,0.12072692296796919,0.15863951906294493,-1.0,-1.0,-1.0,-1.0,greedy,1
REQ-00006,1000,3000,0.2645549774169922,9.379270792007446,['resnet18'],indigo_bunting,1.0,weighted_majority,230.00437498558313,True,n01537544,2.0,,indigo_bunting,,,,,-1.0,0.9997022747993469,-1.0,-1.0,-1.0,-1.0,-1.0,0.20457755565719818,-1.0,-1.0,-1.0,-1.0,greedy,1
REQ-00003,1000,3000,2.4378890991210938,7.73848295211792,"['resnet18', 'mobilenet_v3_small']",terrapin,1.0,weighted_majority,2332.967958005611,True,n01665541,2.0,terrapin,terrapin,,,,,0.6156373620033264,0.9113818407058716,-1.0,-1.0,-1.0,-1.0,0.16020007760405505,0.1993461304409854,-1.0,-1.0,-1.0,-1.0,greedy,1
REQ-00004,1000,3000,3.8380842208862305,8.08699893951416,"['resnet18', 'mobilenet_v3_small']",sidewinder,1.0,weighted_majority,3820.561334025115,True,n01753488,2.0,sidewinder,sidewinder,,,,,0.4602843225002289,0.48625314235687256,-1.0,-1.0,-1.0,-1.0,0.16020007760405505,0.1993461304409854,-1.0,-1.0,-1.0,-1.0,greedy,1
REQ-00005,1000,3000,3.7207159996032715,8.315376043319702,"['resnet18', 'mobilenet_v3_small']",goose,1.0,weighted_majority,3690.679333987646,True,n01855672,2.0,goose,goose,,,,,0.9757657051086426,0.9949458241462708,-1.0,-1.0,-1.0,-1.0,0.16020007760405505,0.1993461304409854,-1.0,-1.0,-1.0,-1.0,greedy,1
REQ-00007,1000,3000,0.5235409736633301,12.826705932617188,"['resnet18', 'mobilenet_v3_small']",goose,1.0,weighted_majority,503.40887502534315,True,n01855672,2.0,goose,goose,,,,,0.9999037981033325,0.9998020529747009,-1.0,-1.0,-1.0,-1.0,0.5257930815733561,0.5112698600823306,-1.0,-1.0,-1.0,-1.0,greedy,1
REQ-00008,1000,3000,0.5141167640686035,15.928383827209473,"['resnet18', 'mobilenet_v3_small']",axolotl,0.50437498558313,weighted_majority,400.74008400551975,True,n01632777,2.0,axolotl,axolotl,,,,,0.9999144077301025,0.9999972581863403,-1.0,-1.0,-1.0,-1.0,0.4780852734160206,0.4702871740740975,-1.0,-1.0,-1.0,-1.0,greedy,1
REQ-00009,1000,3000,0.35985517501831055,19.026198863983154,"['resnet18', 'mobilenet_v3_small']",loggerhead,0.5220371046786608,weighted_majority,319.4733330165036,True,n01664065,2.0,loggerhead,leatherback_turtle,,,,,0.4640991687774658,0.42491650581359863,-1.0,-1.0,-1.0,-1.0,0.4349031460744185,0.4328742566666878,-1.0,-1.0,-1.0,-1.0,greedy,1
REQ-00010,1000,3000,0.45743584632873535,21.949524879455566,"['resnet18', 'mobilenet_v3_small']",flatworm,0.4259971046368123,weighted_majority,429.12704101763666,True,n01924916,2.0,flatworm,flatworm,,,,,0.9915212392807007,0.955935537815094,-1.0,-1.0,-1.0,-1.0,0.39582263146697666,0.398821131000019,-1.0,-1.0,-1.0,-1.0,greedy,1
REQ-00011,1000,3000,0.3126082420349121,22.732891082763672,"['resnet18', 'mobilenet_v3_small']",great_white_shark,1.0,weighted_majority,289.65070901904255,True,n01484850,2.0,great_white_shark,great_white_shark,,,,,0.9739423990249634,0.946199893951416,-1.0,-1.0,-1.0,-1.0,0.360826968320279,0.3683043179000171,-1.0,-1.0,-1.0,-1.0,greedy,1
REQ-00012,1000,3000,0.33521318435668945,26.935126066207886,"['resnet18', 'mobilenet_v3_small']",common_newt,0.7290463504186833,weighted_majority,311.35674996767193,True,n01753488,2.0,common_newt,african_crocodile,,,,,0.3282145857810974,0.12198255956172943,-1.0,-1.0,-1.0,-1.0,0.3284871714882511,0.34070438611001536,-1.0,-1.0,-1.0,-1.0,greedy,1
REQ-00013,1000,3000,0.3494069576263428,28.480890035629272,"['resnet18', 'mobilenet_v3_small']",goldfish,0.4220371046786608,weighted_majority,322.2752919537015,True,n01443537,2.0,goldfish,goldfish,,,,,0.9998388290405273,0.9996528625488281,-1.0,-1.0,-1.0,-1.0,0.299796654339426,0.31543144749901386,-1.0,-1.0,-1.0,-1.0,greedy,1
REQ-00014,1000,3000,0.46543216705322266,34.14987802505493,"['resnet18', 'mobilenet_v3_small']",indigo_bunting,1.0,weighted_majority,386.80058397585526,True,n01537544,2.0,indigo_bunting,indigo_bunting,,,,,0.9999701976776123,0.9975817203521729,-1.0,-1.0,-1.0,-1.0,0.2743355889054834,0.29325240274911246,-1.0,-1.0,-1.0,-1.0,greedy,1
REQ-00015,1000,3000,1.0813391208648682,36.964399099349976,"['resnet18', 'mobilenet_v3_small']",black_swan,1.0,weighted_majority,1046.769124979619,True,n01860187,2.0,black_swan,black_swan,,,,,0.9995133876800537,0.9957032799720764,-1.0,-1.0,-1.0,-1.0,0.25150163001493503,0.27303786247420125,-1.0,-1.0,-1.0,-1.0,greedy,1
REQ-00016,1000,3000,1.0323810577392578,37.20367884635925,"['resnet18', 'mobilenet_v3_small']",american_alligator,1.0,weighted_majority,994.6905839606188,True,n01755581,2.0,american_alligator,american_alligator,,,,,0.22218379378318787,0.25215595960617065,-1.0,-1.0,-1.0,-1.0,0.25150163001493503,0.25497077622678116,-1.0,-1.0,-1.0,-1.0,greedy,1
REQ-00017,1000,3000,0.9386000633239746,38.01883387565613,"['resnet18', 'mobilenet_v3_small']",loggerhead,1.0,weighted_majority,904.9007499706931,True,n01664065,2.0,loggerhead,loggerhead,,,,,0.9931504130363464,0.8854501843452454,-1.0,-1.0,-1.0,-1.0,0.2695575670134415,0.27798319860410303,-1.0,-1.0,-1.0,-1.0,greedy,1
REQ-00018,1000,3000,0.4180119037628174,41.33431696891785,"['resnet18', 'mobilenet_v3_small']",vine_snake,1.0,weighted_majority,388.6977919610217,True,n01739381,2.0,vine_snake,vine_snake,,,,,0.9478806257247925,0.8504196405410767,-1.0,-1.0,-1.0,-1.0,0.22739103928088766,0.2998957787436927,-1.0,-1.0,-1.0,-1.0,greedy,1
REQ-00019,1000,3000,0.43186187744140625,41.966059923172,"['resnet18', 'mobilenet_v3_small']",boa_constrictor,0.3252371046786608,weighted_majority,408.1410000217147,True,n01742172,2.0,boa_constrictor,boa_constrictor,,,,,0.9985693693161011,0.9718292951583862,-1.0,-1.0,-1.0,-1.0,0.2120022353527989,0.27907040086932344,-1.0,-1.0,-1.0,-1.0,greedy,1
REQ-00020,1000,3000,0.3661630153656006,47.92894506454468,"['resnet18', 'mobilenet_v3_small']",great_white_shark,0.4112371046797432,weighted_majority,334.3512919964269,True,n01484850,2.0,great_white_shark,great_white_shark,,,,,0.8698757886886597,0.945772111415863,-1.0,-1.0,-1.0,-1.0,0.19574911181751903,0.2606129607823911,-1.0,-1.0,-1.0,-1.0,greedy,1





REQ-00003,50000,3000,0.38345909118652344,6.486475944519043,['vit_b_16'],green_lizard,1.0,weighted_majority,360.10183399775997,True,n01693334,3.0,,,,,,green_lizard,-1.0,-1.0,-1.0,-1.0,-1.0,0.8899349570274353,-1.0,-1.0,-1.0,-1.0,-1.0,0.4614650281638643,greedy,1
REQ-00004,50000,3000,1.5684340000152588,6.962139129638672,['vit_b_16'],black_and_gold_garden_spider,1.0,weighted_majority,1543.8167920219712,True,n01773157,3.0,,,,,,black_and_gold_garden_spider,-1.0,-1.0,-1.0,-1.0,-1.0,0.6050848960876465,-1.0,-1.0,-1.0,-1.0,-1.0,0.43301852534747787,greedy,1
REQ-00000,50000,3000,9.085697650909424,2.1457672119140625e-06,"['vit_b_16', 'resnet101', 'resnet50']",goldfinch,0.5342633952496318,weighted_majority,9063.806542020757,True,n01531178,3.0,,,,goldfinch,goldfinch,goldfinch,-1.0,-1.0,-1.0,0.9972054362297058,0.9999762773513794,0.8924673795700073,-1.0,-1.0,-1.0,1.3753267872489405,0.7109208174032836,0.3877894487844503,greedy,1
REQ-00002,50000,3000,6.862123966217041,4.330250978469849,"['vit_b_16', 'resnet101', 'resnet50']",hummingbird,1.0,weighted_majority,6824.319750012364,True,n01833805,3.0,,,,hummingbird,hummingbird,hummingbird,-1.0,-1.0,-1.0,0.9916883111000061,0.8850093483924866,0.8683494925498962,-1.0,-1.0,-1.0,1.3753267872489405,0.8035380356629553,0.4795202535154048,greedy,1
REQ-00001,50000,3000,11.021480798721313,0.4549229145050049,"['vit_b_16', 'resnet101', 'resnet50']",american_alligator,1.0,weighted_majority,11005.628417013213,True,n01698640,3.0,,,,american_alligator,american_alligator,american_alligator,-1.0,-1.0,-1.0,0.6559456586837769,0.6120209693908691,0.7980436682701111,-1.0,-1.0,-1.0,1.3753267872489405,0.7109208174032836,0.3678265039060053,greedy,1
REQ-00005,50000,3000,1.10123610496521,20.838142156600952,"['vit_b_16', 'resnet101', 'resnet50']",thunder_snake,0.6642633901496318,weighted_majority,1070.7008340395987,True,n01728572,3.0,,,,thunder_snake,thunder_snake,thunder_snake,-1.0,-1.0,-1.0,0.9939689636230469,0.9885014295578003,0.8523564338684082,-1.0,-1.0,-1.0,1.7508736229044777,1.910439698886994,0.5184697728127301,greedy,1
REQ-00006,50000,3000,1.004577875137329,21.82593822479248,"['vit_b_16', 'resnet101', 'resnet50']",magpie,1.0,weighted_majority,975.38820898626,True,n01582220,3.0,,,,magpie,magpie,magpie,-1.0,-1.0,-1.0,0.9994214773178101,0.9996128678321838,0.9114701747894287,-1.0,-1.0,-1.0,1.59498366061403,1.7410293289982945,0.4868289955314571,greedy,1
REQ-00007,50000,3000,1.2992238998413086,24.441588163375854,"['vit_b_16', 'resnet101', 'resnet50']",electric_ray,1.0,weighted_majority,1240.9893329604529,True,n01496331,3.0,,,,electric_ray,electric_ray,electric_ray,-1.0,-1.0,-1.0,0.9583104848861694,0.9909447431564331,0.8648974895477295,-1.0,-1.0,-1.0,1.4553123945526272,1.5911597960984651,0.45847869597831137,greedy,1
REQ-00008,50000,3000,20.445133686065674,27.748379230499268,"['vit_b_16', 'resnet101', 'resnet50']",black_widow,1.0,weighted_majority,20416.99537500972,True,n01774384,3.0,,,,black_widow,black_widow,black_widow,-1.0,-1.0,-1.0,0.9993805885314941,0.9987090826034546,0.8854195475578308,-1.0,-1.0,-1.0,1.3291321550973645,1.4727054164886186,0.44099842638048026,greedy,1
REQ-00009,50000,3000,82.95279002189636,28.396849155426025,"['vit_b_16', 'resnet101', 'resnet50']",stingray,1.0,weighted_majority,82916.46149998996,True,n01498041,3.0,,,,stingray,stingray,stingray,-1.0,-1.0,-1.0,0.9727478623390198,0.9979590177536011,0.9059539437294006,-1.0,-1.0,-1.0,1.3291321550973645,1.343607574839757,0.41436898374243225,greedy,1
REQ-00011,50000,3000,83.58794331550598,29.819740056991577,"['vit_b_16', 'resnet101', 'resnet50']",sea_snake,1.0,weighted_majority,83468.0377090117,True,n01751748,3.0,,,,sea_snake,sea_snake,sea_snake,-1.0,-1.0,-1.0,0.9956387877464294,0.9741936326026917,0.8741899728775024,-1.0,-1.0,-1.0,1.3291321550973645,1.343607574839757,9.114994853,greedy,1
REQ-00013,50000,3000,94.77911806106567,32.99004316329956,"['vit_b_16', 'resnet101', 'resnet50']",ptarmigan,1.0,weighted_majority,94735.12370802928,True,n01796340,3.0,,,,ptarmigan,ptarmigan,ptarmigan,-1.0,-1.0,-1.0,0.9998453855514526,0.9988054037094116,0.8574330806732178,-1.0,-1.0,-1.0,1.3291321550973645,1.343607574839757,9.114994853,greedy,1
REQ-00010,50000,3000,101.39543604850769,29.79417610168457,"['vit_b_16', 'resnet101', 'resnet50']",black_grouse,1.0,weighted_majority,101343.44875003444,True,n01795545,3.0,,,,black_grouse,black_grouse,black_grouse,-1.0,-1.0,-1.0,0.9967617392539978,0.9980237483978271,0.9015591740608215,-1.0,-1.0,-1.0,1.3291321550973645,1.343607574839757,9.114994853,greedy,1
REQ-00014,50000,3000,94.32878589630127,38.82244801521301,"['vit_b_16', 'resnet101', 'resnet50']",agama,1.0,weighted_majority,94296.271374973,True,n01687978,3.0,,,,agama,agama,agama,-1.0,-1.0,-1.0,0.9999231100082397,0.9999676942825317,0.8986608386039734,-1.0,-1.0,-1.0,1.439893168022145,1.45557487274307,9.874577757416667,greedy,1
REQ-00015,50000,3000,91.73454689979553,44.461642026901245,"['vit_b_16', 'resnet101', 'resnet50']",spoonbill,1.0,weighted_majority,91706.92399999825,True,n02006656,3.0,,,,spoonbill,spoonbill,spoonbill,-1.0,-1.0,-1.0,0.998991072177887,0.999841570854187,0.8970174789428711,-1.0,-1.0,-1.0,2.895468040765215,2.91114974548614,11.330152630159738,greedy,1
REQ-00012,50000,3000,104.78592801094055,31.422502040863037,"['vit_b_16', 'resnet101', 'resnet50']",bald_eagle,0.5942631902496318,weighted_majority,104745.81833399134,True,n01614925,3.0,,,,bald_eagle,bald_eagle,bald_eagle,-1.0,-1.0,-1.0,0.9855747222900391,0.9985591769218445,0.8821212649345398,-1.0,-1.0,-1.0,1.3291321550973645,1.343607574839757,9.114994853,greedy,1
REQ-00016,50000,3000,89.40651082992554,46.83023810386658,"['vit_b_16', 'resnet101', 'resnet50']",oystercatcher,1.0,weighted_majority,88670.68237497006,True,n02037110,3.0,,,,oystercatcher,oystercatcher,oystercatcher,-1.0,-1.0,-1.0,0.8938905000686646,0.9918830394744873,0.8653222918510437,-1.0,-1.0,-1.0,7.104969483102014,7.120651187822938,15.539654072496536,greedy,1
REQ-00000,5000,3000,0.4958322048187256,2.1457672119140625e-06,['vit_b_16'],green_mamba,1.0,weighted_majority,481.3868749770336,True,n01749939,3.0,,,,,,green_mamba,-1.0,-1.0,-1.0,-1.0,-1.0,0.47497108578681946,-1.0,-1.0,-1.0,-1.0,-1.0,0.46071582465006233,greedy,1
REQ-00001,5000,3000,0.8924908638000488,4.428920745849609,['vit_b_16'],green_mamba,1.0,weighted_majority,869.8092499980703,True,n01749939,3.0,,,,,,green_mamba,-1.0,-1.0,-1.0,-1.0,-1.0,0.8863162994384766,-1.0,-1.0,-1.0,-1.0,-1.0,0.44248104218505613,greedy,1
REQ-00002,5000,3000,0.7155282497406006,6.757902145385742,['vit_b_16'],garter_snake,1.0,weighted_majority,636.8052089819685,True,n01735189,3.0,,,,,,garter_snake,-1.0,-1.0,-1.0,-1.0,-1.0,0.8708710670471191,-1.0,-1.0,-1.0,-1.0,-1.0,0.4631339379665505,greedy,1
REQ-00003,5000,3000,0.40590691566467285,10.072896957397461,['vit_b_16'],barn_spider,1.0,weighted_majority,381.20179099496454,True,n01773549,3.0,,,,,,barn_spider,-1.0,-1.0,-1.0,-1.0,-1.0,0.9215432405471802,-1.0,-1.0,-1.0,-1.0,-1.0,0.44012914416989546,greedy,1
REQ-00004,5000,3000,0.7148301601409912,14.246109008789062,['vit_b_16'],limpkin,1.0,weighted_majority,683.4456659853458,True,n02013706,3.0,,,,,,limpkin,-1.0,-1.0,-1.0,-1.0,-1.0,0.8831672668457031,-1.0,-1.0,-1.0,-1.0,-1.0,0.41661152975290594,greedy,1
REQ-00005,5000,3000,0.6003589630126953,15.252612829208374,['vit_b_16'],flamingo,1.0,weighted_majority,571.6375419870019,True,n02007558,3.0,,,,,,flamingo,-1.0,-1.0,-1.0,-1.0,-1.0,0.8489462733268738,-1.0,-1.0,-1.0,-1.0,-1.0,0.41253827677761534,greedy,1
REQ-00006,5000,3000,0.414262056350708,19.6872398853302,['vit_b_16'],electric_ray,1.0,weighted_majority,398.2908750185743,True,n01496331,3.0,,,,,,electric_ray,-1.0,-1.0,-1.0,-1.0,-1.0,0.8872298002243042,-1.0,-1.0,-1.0,-1.0,-1.0,0.3932022490998538,greedy,1
REQ-00007,5000,3000,0.372941255569458,24.816034078598022,['vit_b_16'],thunder_snake,1.0,weighted_majority,346.759167034179,True,n01728572,3.0,,,,,,thunder_snake,-1.0,-1.0,-1.0,-1.0,-1.0,0.8430134654045105,-1.0,-1.0,-1.0,-1.0,-1.0,0.37512512418986843,greedy,1
REQ-00008,5000,3000,0.5955030918121338,27.608537197113037,['vit_b_16'],komodo_dragon,1.0,weighted_majority,577.2523750201799,True,n01695060,3.0,,,,,,komodo_dragon,-1.0,-1.0,-1.0,-1.0,-1.0,0.828980565071106,-1.0,-1.0,-1.0,-1.0,-1.0,0.35727541177088157,greedy,1
REQ-00009,5000,3000,0.6275079250335693,35.62557101249695,['vit_b_16'],pelican,1.0,weighted_majority,594.5227909833193,True,n02051845,3.0,,,,,,pelican,-1.0,-1.0,-1.0,-1.0,-1.0,0.8803735971450806,-1.0,-1.0,-1.0,-1.0,-1.0,0.35974067059379344,greedy,1
REQ-00010,5000,3000,0.4417147636413574,37.2399959564209,['vit_b_16'],dungeness_crab,1.0,weighted_majority,422.86441702162847,True,n01978287,3.0,,,,,,dungeness_crab,-1.0,-1.0,-1.0,-1.0,-1.0,0.8841708302497864,-1.0,-1.0,-1.0,-1.0,-1.0,0.3557830035344141,greedy,1
REQ-00011,5000,3000,0.4357149600982666,38.73973798751831,['vit_b_16'],wallaby,1.0,weighted_majority,402.4888750282116,True,n01877812,3.0,,,,,,wallaby,-1.0,-1.0,-1.0,-1.0,-1.0,0.8875564932823181,-1.0,-1.0,-1.0,-1.0,-1.0,0.3423832031809727,greedy,1
REQ-00012,5000,3000,0.898453950881958,40.93231010437012,['vit_b_16'],goose,1.0,weighted_majority,868.688749964349,True,n01855672,3.0,,,,,,goose,-1.0,-1.0,-1.0,-1.0,-1.0,0.8805413246154785,-1.0,-1.0,-1.0,-1.0,-1.0,0.32832028286287546,greedy,1
REQ-00013,5000,3000,0.994844913482666,41.604081869125366,['vit_b_16'],green_mamba,1.0,weighted_majority,975.2999580232427,True,n01749939,3.0,,,,,,green_mamba,-1.0,-1.0,-1.0,-1.0,-1.0,0.8675291538238525,-1.0,-1.0,-1.0,-1.0,-1.0,0.3166594545765879,greedy,1
REQ-00000,8000,3000,1.0322141647338867,4.0531158447265625e-06,"['vit_b_16', 'resnet101', 'resnet50']",water_ouzel,1.0,weighted_majority,1015.6884999596514,True,n01601694,3.0,,,,water_ouzel,water_ouzel,water_ouzel,-1.0,-1.0,-1.0,0.9999940395355225,0.9999902248382568,0.9090730547904968,-1.0,-1.0,-1.0,0.5286388843816124,0.6836667844901223,0.3464275091189291,greedy,1
REQ-00001,8000,3000,1.5508830547332764,2.49505877494812,"['vit_b_16', 'resnet101', 'resnet50']",hognose_snake,1.0,weighted_majority,1522.9126249905676,True,n01729322,3.0,,,,hognose_snake,hognose_snake,hognose_snake,-1.0,-1.0,-1.0,0.646289587020874,0.7953270077705383,0.8934069871902466,-1.0,-1.0,-1.0,0.5005148959434512,0.6453661060411101,0.3299823582070362,greedy,1
REQ-00002,8000,3000,1.1359150409698486,13.075699806213379,"['vit_b_16', 'resnet101', 'resnet50']",hognose_snake,0.7942633902496318,weighted_majority,1099.7435000026599,True,n01729322,3.0,,,,hognose_snake,hognose_snake,hognose_snake,-1.0,-1.0,-1.0,0.5648093223571777,0.8973852396011353,0.9224364757537842,-1.0,-1.0,-1.0,0.4729672063491061,0.6472366954369991,0.31683582238633257,greedy,1
REQ-00003,8000,3000,1.0443329811096191,18.073227882385254,"['vit_b_16', 'resnet101', 'resnet50']",great_white_shark,1.0,weighted_majority,1019.3517910083756,True,n01484850,3.0,,,,great_white_shark,great_white_shark,great_white_shark,-1.0,-1.0,-1.0,0.5643861293792725,0.9806686043739319,0.897130012512207,-1.0,-1.0,-1.0,0.4487470857141955,0.6047474258932992,0.3067894401476993,greedy,1
REQ-00004,8000,3000,1.1803977489471436,21.021482944488525,"['vit_b_16', 'resnet101', 'resnet50']",drake,1.0,weighted_majority,1152.0606250269338,True,n01847000,3.0,,,,drake,drake,drake,-1.0,-1.0,-1.0,0.9992969036102295,0.9967139959335327,0.8917708396911621,-1.0,-1.0,-1.0,0.41542007714277596,0.5699657833039693,0.29687979613292936,greedy,1
REQ-00005,8000,3000,2.21779203414917,29.866796016693115,"['vit_b_16', 'resnet101', 'resnet50']",magpie,1.0,weighted_majority,1970.656458986923,True,n01582220,3.0,,,,magpie,magpie,magpie,-1.0,-1.0,-1.0,0.9595317244529724,0.9596036076545715,0.8847212195396423,-1.0,-1.0,-1.0,0.3958210694284984,0.5345584049735723,0.3086155165196364,greedy,1
REQ-00012,8000,3000,11.602259874343872,44.585530042648315,['vit_b_16'],kite,1.0,weighted_majority,11572.11195898708,True,n01608432,3.0,,,,,,kite,-1.0,-1.0,-1.0,-1.0,-1.0,0.8849607706069946,-1.0,-1.0,-1.0,-1.0,-1.0,0.33999307392138284,greedy,1
REQ-00007,8000,3000,26.252551794052124,32.06968283653259,"['vit_b_16', 'resnet101', 'resnet50']",hummingbird,1.0,weighted_majority,26121.857875026762,True,n01833805,3.0,,,,hummingbird,hummingbird,hummingbird,-1.0,-1.0,-1.0,0.9995717406272888,0.9994582533836365,0.8907787799835205,-1.0,-1.0,-1.0,0.3786563624856486,0.5038739644762151,0.2953751783809055,greedy,1
REQ-00013,8000,3000,17.39573097229004,44.69091606140137,['vit_b_16'],spotted_salamander,1.0,weighted_majority,17356.689082982484,True,n01632458,3.0,,,,,,spotted_salamander,-1.0,-1.0,-1.0,-1.0,-1.0,0.9157037138938904,-1.0,-1.0,-1.0,-1.0,-1.0,0.6799861478427599,greedy,1
REQ-00006,8000,3000,56.08684730529785,31.250651121139526,"['vit_b_16', 'resnet101', 'resnet50']",black_widow,0.7942633902496318,weighted_majority,55236.578916956205,True,n01774384,3.0,,,,black_widow,black_widow,black_widow,-1.0,-1.0,-1.0,0.36754322052001953,0.7261252403259277,0.8596794605255127,-1.0,-1.0,-1.0,0.3786563624856486,0.5038739644762151,0.3060638648676728,greedy,1
REQ-00010,8000,3000,61.087494134902954,34.34420084953308,"['vit_b_16', 'resnet101', 'resnet50']",tiger_shark,1.0,weighted_majority,60766.85316703515,True,n01491361,3.0,,,,tiger_shark,tiger_shark,tiger_shark,-1.0,-1.0,-1.0,0.38289591670036316,0.8478918075561523,0.9024620056152344,-1.0,-1.0,-1.0,0.3786563624856486,0.5038739644762151,0.3138397605428149,greedy,1
REQ-00008,8000,3000,71.19017100334167,34.08268404006958,"['vit_b_16', 'resnet101', 'resnet50']",chiton,0.5904135211363715,weighted_majority,71162.20550000435,True,n01955084,3.0,,,,chiton,chiton,chiton,-1.0,-1.0,-1.0,0.9976493716239929,0.9999802112579346,0.8608337640762329,-1.0,-1.0,-1.0,0.3786563624856486,0.5038739644762151,0.3138397605428149,greedy,1
REQ-00009,8000,3000,73.48251605033875,34.228195905685425,"['vit_b_16', 'resnet101', 'resnet50']",dungeness_crab,1.0,weighted_majority,73387.84104201477,True,n01978287,3.0,,,,dungeness_crab,dungeness_crab,dungeness_crab,-1.0,-1.0,-1.0,0.9988481998443604,0.9995779395103455,0.7843397855758667,-1.0,-1.0,-1.0,0.3786563624856486,0.5038739644762151,0.3138397605428149,greedy,1
REQ-00011,8000,3000,76.60014009475708,38.36201786994934,"['vit_b_16', 'resnet101', 'resnet50']",bee_eater,1.0,weighted_majority,76571.12162496196,True,n01828970,3.0,,,,bee_eater,bee_eater,bee_eater,-1.0,-1.0,-1.0,0.999167799949646,0.997665286064148,0.9071483016014099,-1.0,-1.0,-1.0,0.3786563624856486,0.5038739644762151,0.3138397605428149,greedy,1
REQ-00015,8000,3000,66.80705404281616,48.849217891693115,"['vit_b_16', 'resnet101', 'resnet50']",black_widow,1.0,weighted_majority,66782.13804104598,True,n01774384,3.0,,,,black_widow,black_widow,black_widow,-1.0,-1.0,-1.0,0.9988547563552856,0.9996691942214966,0.9243912100791931,-1.0,-1.0,-1.0,2.5583657608707755,3.3882175168756326,6.112493175316677,greedy,1
REQ-00014,8000,3000,67.44945001602173,48.2407751083374,"['vit_b_16', 'resnet101', 'resnet50']",goldfinch,1.0,weighted_majority,67421.17054195842,True,n01531178,3.0,,,,goldfinch,goldfinch,goldfinch,-1.0,-1.0,-1.0,0.9975984692573547,0.9986400008201599,0.8850507140159607,-1.0,-1.0,-1.0,1.6502738747237569,2.480125630728614,5.204401289169659,greedy,1
REQ-00000,7000,3000,1.3298861980438232,2.86102294921875e-06,"['resnet101', 'resnet50', 'resnet34']",komodo_dragon,1.0,weighted_majority,1309.6289999666624,True,n01695060,3.0,,,komodo_dragon,komodo_dragon,komodo_dragon,,-1.0,-1.0,0.9997915625572205,0.9998076558113098,0.9993378520011902,-1.0,-1.0,-1.0,0.14054166995417428,0.5153103661035887,1.1752845926163293,-1.0,greedy,1
REQ-00001,7000,3000,1.6141481399536133,4.328166961669922,"['resnet101', 'resnet50', 'resnet34']",diamondback,1.0,weighted_majority,1583.4934170125052,True,n01755581,3.0,,,diamondback,diamondback,diamondback,,-1.0,-1.0,0.9933904409408569,0.9994227886199951,0.9974026083946228,-1.0,-1.0,-1.0,0.14312080295875684,0.4825614294932299,1.1034110333546965,-1.0,greedy,1
REQ-00002,7000,3000,1.0120198726654053,5.182316780090332,"['resnet101', 'resnet50']",ptarmigan,1.0,weighted_majority,980.1408330095,True,n01796340,3.0,,,,ptarmigan,ptarmigan,,-1.0,-1.0,-1.0,0.9970031380653381,0.9609058499336243,-1.0,-1.0,-1.0,-1.0,0.45724498654390694,1.0280216300192269,-1.0,greedy,1
REQ-00003,7000,3000,4.319284915924072,9.438140869140625,"['resnet101', 'resnet50', 'resnet34']",magpie,1.0,weighted_majority,4250.631125003565,True,n01582220,3.0,,,magpie,magpie,magpie,,-1.0,-1.0,0.9999598264694214,0.9996761083602905,0.9999895095825195,-1.0,-1.0,-1.0,0.18553672266288115,0.4327165878895162,0.9829868670173042,-1.0,greedy,1
REQ-00004,7000,3000,5.01283597946167,9.460718870162964,"['resnet101', 'resnet50', 'resnet34']",black_and_gold_garden_spider,1.0,weighted_majority,4813.5126670240425,True,n01773797,3.0,,,black_and_gold_garden_spider,black_and_gold_garden_spider,black_and_gold_garden_spider,,-1.0,-1.0,0.5513180494308472,0.7486591935157776,0.7165125608444214,-1.0,-1.0,-1.0,0.18553672266288115,0.4327165878895162,0.9829868670173042,-1.0,greedy,1
REQ-00005,7000,3000,1.4647278785705566,15.897735834121704,"['resnet101', 'resnet50', 'resnet34']",rock_python,0.5904332211363715,weighted_majority,1431.8167500314303,True,n01742172,3.0,,,boa_constrictor,rock_python,rock_python,,-1.0,-1.0,0.39194560050964355,0.7443857192993164,0.7339345812797546,-1.0,-1.0,-1.0,0.18073007535693375,0.3917430861905082,1.4722240222840166,-1.0,greedy,1
REQ-00006,7000,3000,1.622222900390625,21.83824586868286,"['resnet101', 'resnet50', 'resnet34']",bald_eagle,1.0,weighted_majority,1593.9520840183832,True,n01614925,3.0,,,bald_eagle,bald_eagle,bald_eagle,,-1.0,-1.0,0.9975025057792664,0.9990321397781372,0.9986206293106079,-1.0,-1.0,-1.0,0.17847656782124038,0.3734330775714574,1.384667720055615,-1.0,greedy,1
REQ-00007,7000,3000,1.744229793548584,25.616257667541504,"['resnet101', 'resnet50', 'resnet34']",black_swan,1.0,weighted_majority,1713.8450409984216,True,n01860187,3.0,,,black_swan,black_swan,black_swan,,-1.0,-1.0,0.9995788931846619,0.99989914894104,0.9994409680366516,-1.0,-1.0,-1.0,0.17653311103911637,0.3562963698143117,1.3158510480500536,-1.0,greedy,1
REQ-00008,7000,3000,2.1595547199249268,28.39167284965515,"['resnet101', 'resnet50', 'resnet34']",hermit_crab,1.0,weighted_majority,2131.7249159910716,True,n01986214,3.0,,,hermit_crab,hermit_crab,hermit_crab,,-1.0,-1.0,0.8996878862380981,0.5801893472671509,0.8183470368385315,-1.0,-1.0,-1.0,0.17341299993520473,0.3404905328328805,1.2779542432450481,-1.0,greedy,1
REQ-00009,7000,3000,14.254287958145142,32.96384286880493,"['resnet101', 'resnet50', 'resnet34']",mud_turtle,1.0,weighted_majority,14228.387459006626,True,n01667114,3.0,,,mud_turtle,mud_turtle,mud_turtle,,-1.0,-1.0,0.6254003047943115,0.884767472743988,0.7834550142288208,-1.0,-1.0,-1.0,0.17240079994168428,0.32648777954959246,1.2676241189205433,-1.0,greedy,1
REQ-00012,7000,3000,17.768074989318848,43.133681774139404,"['resnet101', 'resnet50']",harvestman,1.0,weighted_majority,17744.012416980695,True,n01770081,3.0,,,,harvestman,harvestman,,-1.0,-1.0,-1.0,0.9073150753974915,0.8930118083953857,-1.0,-1.0,-1.0,-1.0,0.6122971014351699,1.4647610663256403,-1.0,greedy,1
REQ-00011,7000,3000,26.633238077163696,34.655328035354614,"['resnet101', 'resnet50', 'resnet34']",drake,1.0,weighted_majority,26322.465166042093,True,n01847000,3.0,,,drake,drake,drake,,-1.0,-1.0,0.48287296295166016,0.7588150501251221,0.9168537855148315,-1.0,-1.0,-1.0,0.17240079994168428,0.3326140015946332,1.209631407028489,-1.0,greedy,1
REQ-00010,7000,3000,36.26870393753052,34.32862901687622,"['resnet101', 'resnet50', 'resnet34']",tench,1.0,weighted_majority,36220.58362496318,True,n01440764,3.0,,,tench,tench,tench,,-1.0,-1.0,0.9996718168258667,0.9992663264274597,0.987436056137085,-1.0,-1.0,-1.0,0.17240079994168428,0.3326140015946332,1.209631407028489,-1.0,greedy,1
REQ-00013,7000,3000,25.27519202232361,46.525091886520386,"['resnet101', 'resnet50']",goldfinch,1.0,weighted_majority,25259.20191599289,True,n01531178,3.0,,,,goldfinch,goldfinch,,-1.0,-1.0,-1.0,0.9989060163497925,0.9980998635292053,-1.0,-1.0,-1.0,-1.0,0.6122971014351699,1.4647610663256403,-1.0,greedy,1
REQ-00014,7000,3000,24.88006019592285,47.45582890510559,"['resnet101', 'resnet50', 'resnet34']",mud_turtle,1.0,weighted_majority,24855.4495840217,True,n01667778,3.0,,,mud_turtle,mud_turtle,mud_turtle,,-1.0,-1.0,0.5367799401283264,0.7148482203483582,0.5135931968688965,-1.0,-1.0,-1.0,1.2484446199475159,0.6122971014351699,1.4647610663256403,-1.0,greedy,1
REQ-00000,6000,3000,1.1287140846252441,1.9073486328125e-06,"['resnet50', 'resnet34']",whiptail,0.6942683902779153,weighted_majority,1112.510833016131,True,n01675722,3.0,,,whiptail,banded_gecko,,,-1.0,-1.0,0.3883475065231323,0.1710147112607956,-1.0,-1.0,-1.0,-1.0,1.054543002157488,1.408750632751615,-1.0,-1.0,greedy,1
REQ-00001,6000,3000,0.9037139415740967,4.699742794036865,"['resnet50', 'resnet34']",great_white_shark,0.7942633902496318,weighted_majority,865.660542040132,True,n01484850,3.0,,,great_white_shark,great_white_shark,,,-1.0,-1.0,0.9293317794799805,0.9872172474861145,-1.0,-1.0,-1.0,-1.0,0.9644693019417392,1.2912953694764537,-1.0,-1.0,greedy,1
REQ-00002,6000,3000,1.0338459014892578,6.4926598072052,"['resnet50', 'resnet34']",garden_spider,1.0,weighted_majority,1002.4889999767765,True,n01773797,3.0,,,garden_spider,garden_spider,,,-1.0,-1.0,0.4005848169326782,0.7095035314559937,-1.0,-1.0,-1.0,-1.0,0.8856353717475652,1.1867925325288085,-1.0,-1.0,greedy,1
REQ-00003,6000,3000,0.7234821319580078,17.701882123947144,"['resnet50', 'resnet34']",flatworm,1.0,weighted_majority,698.0657500098459,True,n01924916,3.0,,,flatworm,flatworm,,,-1.0,-1.0,0.9983465671539307,0.9999110698699951,-1.0,-1.0,-1.0,-1.0,0.8146521345728087,1.0942681792759277,-1.0,-1.0,greedy,1
REQ-00004,6000,3000,0.9899239540100098,20.497752904891968,"['resnet50', 'resnet34']",stingray,1.0,weighted_majority,966.6885000187904,True,n01498041,3.0,,,stingray,stingray,,,-1.0,-1.0,0.7925204634666443,0.9848214983940125,-1.0,-1.0,-1.0,-1.0,0.7495210211155279,1.0096455613483348,-1.0,-1.0,greedy,1
REQ-00005,6000,3000,1.2137551307678223,24.289716005325317,"['resnet50', 'resnet34']",wallaby,1.0,weighted_majority,1183.8908329955302,True,n01877812,3.0,,,wallaby,wallaby,,,-1.0,-1.0,0.9894117712974548,0.9926766157150269,-1.0,-1.0,-1.0,-1.0,0.6923400190039751,0.9350495052135014,-1.0,-1.0,greedy,1
REQ-00006,6000,3000,0.5188190937042236,32.80071401596069,"['resnet50', 'resnet34']",sea_lion,1.0,weighted_majority,490.2824579621665,True,n02077923,3.0,,,sea_lion,sea_lion,,,-1.0,-1.0,0.5543792843818665,0.7611872553825378,-1.0,-1.0,-1.0,-1.0,0.6400440171035776,0.8680796546921513,-1.0,-1.0,greedy,1
REQ-00007,6000,3000,0.8372442722320557,34.654759883880615,"['resnet50', 'resnet34']",chickadee,1.0,weighted_majority,811.9951250264421,True,n01592084,3.0,,,chickadee,chickadee,,,-1.0,-1.0,0.9934929013252258,0.9993453621864319,-1.0,-1.0,-1.0,-1.0,0.5917681153932199,0.7935037892229362,-1.0,-1.0,greedy,1
REQ-00008,6000,3000,0.8794288635253906,37.413519859313965,"['resnet50', 'resnet34']",flamingo,1.0,weighted_majority,851.5537909697741,True,n02007558,3.0,,,flamingo,flamingo,,,-1.0,-1.0,0.9999161958694458,0.9987947940826416,-1.0,-1.0,-1.0,-1.0,0.549715103853898,0.7380152103006427,-1.0,-1.0,greedy,1
REQ-00010,6000,3000,0.6462521553039551,43.21869492530823,"['resnet50', 'resnet34']",tiger_shark,0.6077266039987794,weighted_majority,620.9197909920476,True,n01491361,3.0,,,great_white_shark,tiger_shark,,,-1.0,-1.0,0.478956937789917,0.7420204281806946,-1.0,-1.0,-1.0,-1.0,0.5118560934685082,0.6882078892705784,-1.0,-1.0,greedy,1
REQ-00009,6000,3000,1.6849150657653809,42.951109886169434,"['resnet50', 'resnet34']",garter_snake,1.0,weighted_majority,1637.8631249535829,True,n01735189,3.0,,,garter_snake,garter_snake,,,-1.0,-1.0,0.9444922208786011,0.9911853671073914,-1.0,-1.0,-1.0,-1.0,0.5118560934685082,0.6882078892705784,-1.0,-1.0,greedy,1
REQ-00011,6000,3000,0.8608019351959229,45.19023895263672,"['resnet50', 'resnet34']",common_iguana,1.0,weighted_majority,835.2592919836752,True,n01677366,3.0,,,common_iguana,common_iguana,,,-1.0,-1.0,0.9995204210281372,0.9984920024871826,-1.0,-1.0,-1.0,-1.0,0.44797879570949173,0.6859896403091685,-1.0,-1.0,greedy,1
REQ-00012,6000,3000,0.7428417205810547,46.43498086929321,"['resnet50', 'resnet34']",whiptail,1.0,weighted_majority,729.8333329963498,True,n01685808,3.0,,,whiptail,whiptail,,,-1.0,-1.0,0.9998795986175537,0.9996764659881592,-1.0,-1.0,-1.0,-1.0,0.42019381613854256,0.6429629762782517,-1.0,-1.0,greedy,1
REQ-00000,3000,3000,0.7660949230194092,2.86102294921875e-06,"['resnet50', 'resnet34']",green_snake,1.0,weighted_majority,751.4250830281526,True,n01729977,3.0,,,green_snake,green_snake,,,-1.0,-1.0,0.934270441532135,0.7758502960205078,-1.0,-1.0,-1.0,-1.0,0.3953380345246883,0.6061542786504266,-1.0,-1.0,greedy,1
REQ-00001,3000,3000,0.9880342483520508,0.6554358005523682,"['resnet50', 'resnet34']",goldfinch,1.0,weighted_majority,974.9190830043517,True,n01531178,3.0,,,goldfinch,goldfinch,,,-1.0,-1.0,0.9987357258796692,0.9998687505722046,-1.0,-1.0,-1.0,-1.0,0.3953380345246883,0.569878250785384,-1.0,-1.0,greedy,1
REQ-00002,3000,3000,0.6667571067810059,3.3258230686187744,"['resnet50', 'resnet34']",spoonbill,1.0,weighted_majority,651.9246670068242,True,n02006656,3.0,,,spoonbill,spoonbill,,,-1.0,-1.0,0.9863669276237488,0.9993639588356018,-1.0,-1.0,-1.0,-1.0,0.3839863579649976,0.5371033257068456,-1.0,-1.0,greedy,1
REQ-00003,3000,3000,0.8290679454803467,6.036908149719238,"['resnet50', 'resnet34']",green_mamba,1.0,weighted_majority,803.5490410402417,True,n01749939,3.0,,,green_mamba,green_mamba,,,-1.0,-1.0,0.822430431842804,0.8155664205551147,-1.0,-1.0,-1.0,-1.0,0.3625933221684978,0.5090100931361611,-1.0,-1.0,greedy,1
REQ-00004,3000,3000,0.7909138202667236,7.822055101394653,"['resnet50', 'resnet34']",komodo_dragon,1.0,weighted_majority,761.750541976653,True,n01695060,3.0,,,komodo_dragon,komodo_dragon,,,-1.0,-1.0,0.9966521859169006,0.9992786049842834,-1.0,-1.0,-1.0,-1.0,0.343944689951648,0.491511583822545,-1.0,-1.0,greedy,1
REQ-00005,3000,3000,0.6344649791717529,12.05469799041748,"['resnet50', 'resnet34']",whiptail,1.0,weighted_majority,613.8017919729464,True,n01685808,3.0,,,whiptail,whiptail,,,-1.0,-1.0,0.9923638105392456,0.9596241116523743,-1.0,-1.0,-1.0,-1.0,0.3261852209564832,0.46908982544029054,-1.0,-1.0,greedy,1
REQ-00006,3000,3000,0.6197147369384766,14.573055982589722,"['resnet50', 'resnet34']",diamondback,1.0,weighted_majority,593.554083025083,True,n01749939,3.0,,,diamondback,diamondback,,,-1.0,-1.0,0.5248350501060486,0.7782024145126343,-1.0,-1.0,-1.0,-1.0,0.3089559988608349,0.44754174289626153,-1.0,-1.0,greedy,1
REQ-00007,3000,3000,0.6620452404022217,18.60400915145874,"['resnet50', 'resnet34']",black_widow,1.0,weighted_majority,644.1203750437126,True,n01774384,3.0,,,black_widow,black_widow,,,-1.0,-1.0,0.9969304203987122,0.9804903864860535,-1.0,-1.0,-1.0,-1.0,0.2933588989747514,0.4283818686066354,-1.0,-1.0,greedy,1
REQ-00008,3000,3000,0.638077974319458,29.048041105270386,"['resnet50', 'resnet34']",bustard,1.0,weighted_majority,616.5583750116639,True,n02018795,3.0,,,bustard,bustard,,,-1.0,-1.0,0.9998388290405273,0.9997994303703308,-1.0,-1.0,-1.0,-1.0,0.2812563090772763,0.4123869817459719,-1.0,-1.0,greedy,1
REQ-00009,3000,3000,0.6419601440429688,31.315939903259277,"['resnet50', 'resnet34']",snail,1.0,weighted_majority,585.9286659979261,True,n01944390,3.0,,,snail,snail,,,-1.0,-1.0,0.9888097643852234,0.959778368473053,-1.0,-1.0,-1.0,-1.0,0.2694053781695486,0.3934810835713747,-1.0,-1.0,greedy,1
REQ-00010,3000,3000,0.6346430778503418,36.939878940582275,"['resnet50', 'resnet34']",stingray,1.0,weighted_majority,615.732875012327,True,n01498041,3.0,,,stingray,stingray,,,-1.0,-1.0,0.7251242995262146,0.7193217873573303,-1.0,-1.0,-1.0,-1.0,0.25951844035259375,0.3667276752142372,-1.0,-1.0,greedy,1
REQ-00013,3000,3000,6.769463062286377,43.925637006759644,"['resnet50', 'resnet34']",wombat,1.0,weighted_majority,6723.501291999128,True,n01883070,3.0,,,wombat,wombat,,,-1.0,-1.0,0.9999947547912598,0.9999985694885254,-1.0,-1.0,-1.0,-1.0,0.24965409631733437,0.3517575076928135,-1.0,-1.0,greedy,1
REQ-00012,3000,3000,9.703747987747192,43.35392689704895,"['resnet50', 'resnet34']",lorikeet,1.0,weighted_majority,9678.940541984048,True,n01820546,3.0,,,lorikeet,lorikeet,,,-1.0,-1.0,0.999782383441925,0.9995532631874084,-1.0,-1.0,-1.0,-1.0,0.24965409631733437,0.3517575076928135,-1.0,-1.0,greedy,1
REQ-00011,3000,3000,11.291343688964844,43.17439007759094,"['resnet50', 'resnet34']",tench,1.0,weighted_majority,11249.135541031137,True,n01440764,3.0,,,tench,tench,,,-1.0,-1.0,0.9998233914375305,0.9988303780555725,-1.0,-1.0,-1.0,-1.0,0.24965409631733437,0.3517575076928135,-1.0,-1.0,greedy,1
REQ-00000,2000,3000,0.5698587894439697,1.9073486328125e-06,['resnet34'],garden_spider,1.0,weighted_majority,546.7959169764072,True,n01773549,3.0,,,garden_spider,,,,-1.0,-1.0,0.5829384326934814,-1.0,-1.0,-1.0,-1.0,-1.0,0.7216178282153368,-1.0,-1.0,-1.0,greedy,1
REQ-00003,2000,3000,0.3587028980255127,2.0594301223754883,['resnet18'],tench,1.0,weighted_majority,345.9458749857731,True,n01440764,3.0,,tench,,,,,-1.0,0.9935503005981445,-1.0,-1.0,-1.0,-1.0,-1.0,0.10343895128188384,-1.0,-1.0,-1.0,-1.0,greedy,1
REQ-00004,2000,3000,0.5714449882507324,5.335598945617676,['resnet18'],conch,1.0,weighted_majority,222.02783299144357,True,n01943899,3.0,,conch,,,,,-1.0,0.7538660764694214,-1.0,-1.0,-1.0,-1.0,-1.0,0.11745845615369546,-1.0,-1.0,-1.0,-1.0,greedy,1
REQ-00005,2000,3000,0.36911988258361816,5.593142986297607,['mobilenet_v3_small'],spotted_salamander,1.0,weighted_majority,174.84804202103987,True,n01632458,3.0,spotted_salamander,,,,,,0.794501781463623,-1.0,-1.0,-1.0,-1.0,-1.0,0.06028482987043491,-1.0,-1.0,-1.0,-1.0,-1.0,greedy,1
REQ-00002,2000,3000,4.7349889278411865,1.367776870727539,['resnet34'],hornbill,1.0,weighted_majority,4590.016082976945,True,n01829413,3.0,,,hornbill,,,,-1.0,-1.0,0.9454355835914612,-1.0,-1.0,-1.0,-1.0,-1.0,0.6685709453938032,-1.0,-1.0,-1.0,greedy,1
REQ-00001,2000,3000,4.865908861160278,1.2676479816436768,['resnet34'],garden_spider,1.0,weighted_majority,4705.070584022906,True,n01773797,3.0,,,garden_spider,,,,-1.0,-1.0,0.7817539572715759,-1.0,-1.0,-1.0,-1.0,-1.0,0.6685709453938032,-1.0,-1.0,-1.0,greedy,1
REQ-00006,2000,3000,0.40014100074768066,6.710693120956421,['resnet34'],spoonbill,1.0,weighted_majority,380.9499589842744,True,n02006656,3.0,,,spoonbill,,,,-1.0,-1.0,0.9547999501228333,-1.0,-1.0,-1.0,-1.0,-1.0,1.3755682757689809,-1.0,-1.0,-1.0,greedy,1
REQ-00007,2000,3000,0.4917409420013428,8.887089014053345,['resnet34'],loggerhead,1.0,weighted_majority,471.95899998769164,True,n01665541,3.0,,,loggerhead,,,,-1.0,-1.0,0.5193068385124207,-1.0,-1.0,-1.0,-1.0,-1.0,1.2592234481920828,-1.0,-1.0,-1.0,greedy,1
REQ-00008,2000,3000,0.634415864944458,10.071274995803833,['resnet34'],indigo_bunting,1.0,weighted_majority,496.664458012674,True,n01537544,3.0,,,indigo_bunting,,,,-1.0,-1.0,0.9993434548377991,-1.0,-1.0,-1.0,-1.0,-1.0,1.1539502033728746,-1.0,-1.0,-1.0,greedy,1
REQ-00009,2000,3000,0.5284192562103271,11.404486179351807,['resnet34'],crayfish,1.0,weighted_majority,491.3702080375515,True,n01985128,3.0,,,crayfish,,,,-1.0,-1.0,0.7472816109657288,-1.0,-1.0,-1.0,-1.0,-1.0,1.0605955830355873,-1.0,-1.0,-1.0,greedy,1
REQ-00010,2000,3000,0.46766209602355957,13.652410984039307,['resnet34'],coucal,1.0,weighted_majority,447.11045804433525,True,n01824575,3.0,,,coucal,,,,-1.0,-1.0,0.9437964558601379,-1.0,-1.0,-1.0,-1.0,-1.0,0.9746958247320285,-1.0,-1.0,-1.0,greedy,1
REQ-00011,2000,3000,0.5147409439086914,15.106478929519653,['resnet34'],indigo_bunting,1.0,weighted_majority,496.4139169896953,True,n01537544,3.0,,,indigo_bunting,,,,-1.0,-1.0,0.9982936978340149,-1.0,-1.0,-1.0,-1.0,-1.0,0.8964100422588257,-1.0,-1.0,-1.0,greedy,1
REQ-00014,2000,3000,0.32942891120910645,16.6387619972229,['resnet18'],hermit_crab,1.0,weighted_majority,301.0356249869801,True,n01986214,3.0,,hermit_crab,,,,,-1.0,0.993110179901123,-1.0,-1.0,-1.0,-1.0,-1.0,0.11528631053832593,-1.0,-1.0,-1.0,-1.0,greedy,1
REQ-00013,2000,3000,2.007331132888794,16.243435859680176,['resnet34'],hammerhead,1.0,weighted_majority,1982.2669579880312,True,n01494475,3.0,,,hammerhead,,,,-1.0,-1.0,0.5915579199790955,-1.0,-1.0,-1.0,-1.0,-1.0,0.8319984380329432,-1.0,-1.0,-1.0,greedy,1
REQ-00012,2000,3000,2.1070640087127686,16.151607036590576,['resnet34'],vine_snake,1.0,weighted_majority,2077.7853340259753,True,n01739381,3.0,,,vine_snake,,,,-1.0,-1.0,0.18659774959087372,-1.0,-1.0,-1.0,-1.0,-1.0,0.8319984380329432,-1.0,-1.0,-1.0,greedy,1
REQ-00015,2000,3000,0.5485560894012451,18.145743131637573,['resnet34'],black_grouse,1.0,weighted_majority,526.0327499709092,True,n01795545,3.0,,,black_grouse,,,,-1.0,-1.0,0.6671366691589355,-1.0,-1.0,-1.0,-1.0,-1.0,1.0018699348066842,-1.0,-1.0,-1.0,greedy,1
REQ-00016,2000,3000,0.3673720359802246,20.954183101654053,['resnet34'],black_and_gold_garden_spider,1.0,weighted_majority,336.39233297435567,True,n01773549,3.0,,,black_and_gold_garden_spider,,,,-1.0,-1.0,0.45682525634765625,-1.0,-1.0,-1.0,-1.0,-1.0,0.9205021413260158,-1.0,-1.0,-1.0,greedy,1
REQ-00017,2000,3000,0.4176793098449707,25.45531415939331,['resnet34'],leatherback_turtle,1.0,weighted_majority,401.457209023647,True,n01665541,3.0,,,leatherback_turtle,,,,-1.0,-1.0,0.9696587324142456,-1.0,-1.0,-1.0,-1.0,-1.0,0.8466599271934142,-1.0,-1.0,-1.0,greedy,1
REQ-00018,2000,3000,0.3646988868713379,26.666889905929565,['resnet34'],magpie,1.0,weighted_majority,345.5171249806881,True,n01582220,3.0,,,magpie,,,,-1.0,-1.0,0.9999146461486816,-1.0,-1.0,-1.0,-1.0,-1.0,0.7795673344740728,-1.0,-1.0,-1.0,greedy,1
REQ-00019,2000,3000,0.4333310127258301,26.885549068450928,['resnet34'],agama,1.0,weighted_majority,413.81991701200604,True,n01687978,3.0,,,agama,,,,-1.0,-1.0,0.9720101356506348,-1.0,-1.0,-1.0,-1.0,-1.0,0.7795673344740728,-1.0,-1.0,-1.0,greedy,1
REQ-00020,2000,3000,0.5018622875213623,28.949310779571533,['resnet34'],garter_snake,1.0,weighted_majority,478.73899998376146,True,n01728572,3.0,,,garter_snake,,,,-1.0,-1.0,0.9639036655426025,-1.0,-1.0,-1.0,-1.0,-1.0,0.665963750923999,-1.0,-1.0,-1.0,greedy,1
REQ-00021,2000,3000,0.36529088020324707,31.195569038391113,['resnet34'],kite,1.0,weighted_majority,337.6833749935031,True,n01608432,3.0,,,kite,,,,-1.0,-1.0,0.9120826125144958,-1.0,-1.0,-1.0,-1.0,-1.0,0.619653675831599,-1.0,-1.0,-1.0,greedy,1
REQ-00022,2000,3000,0.5972511768341064,41.4454870223999,['resnet34'],hermit_crab,1.0,weighted_majority,581.3799579627812,True,n01986214,3.0,,,hermit_crab,,,,-1.0,-1.0,0.9999862909317017,-1.0,-1.0,-1.0,-1.0,-1.0,0.5766666082484392,-1.0,-1.0,-1.0,greedy,1
REQ-00023,2000,3000,0.3475661277770996,45.87022614479065,['resnet34'],toucan,1.0,weighted_majority,325.5803339998238,True,n01843383,3.0,,,toucan,,,,-1.0,-1.0,0.9990924596786499,-1.0,-1.0,-1.0,-1.0,-1.0,0.5471049474235953,-1.0,-1.0,-1.0,greedy,1
REQ-00024,2000,3000,0.9756729602813721,46.18934893608093,['resnet34'],vulture,1.0,weighted_majority,942.3165419721045,True,n01514668,3.0,,,vulture,,,,-1.0,-1.0,0.39291974902153015,-1.0,-1.0,-1.0,-1.0,-1.0,0.5086909526812358,-1.0,-1.0,-1.0,greedy,1
REQ-00025,2000,3000,0.3734257221221924,47.96449089050293,['resnet34'],crayfish,1.0,weighted_majority,354.1308750282042,True,n01985128,3.0,,,crayfish,,,,-1.0,-1.0,0.49526771903038025,-1.0,-1.0,-1.0,-1.0,-1.0,0.5294000574131122,-1.0,-1.0,-1.0,greedy,1
REQ-00000,8000,3000,0.8289439678192139,2.1457672119140625e-06,['vit_b_16'],stingray,1.0,weighted_majority,805.0873330212198,True,n01498041,3.0,,,,,,stingray,-1.0,-1.0,-1.0,-1.0,-1.0,0.827411413192749,-1.0,-1.0,-1.0,-1.0,-1.0,0.5689053619294839,greedy,1
REQ-00001,8000,3000,3.4476661682128906,1.2473399639129639,['vit_b_16'],sidewinder,1.0,weighted_majority,3422.4740830250084,True,n01756291,3.0,,,,,,sidewinder,-1.0,-1.0,-1.0,-1.0,-1.0,0.8652688264846802,-1.0,-1.0,-1.0,-1.0,-1.0,0.5722224257365356,greedy,1
REQ-00006,8000,3000,6.990242004394531,5.723159074783325,['vit_b_16'],chambered_nautilus,1.0,weighted_majority,6963.801166974008,True,n01968897,3.0,,,,,,chambered_nautilus,-1.0,-1.0,-1.0,-1.0,-1.0,0.8867584466934204,-1.0,-1.0,-1.0,-1.0,-1.0,0.8443334831628821,greedy,1
REQ-00005,8000,3000,7.95906400680542,5.537181854248047,['vit_b_16'],wolf_spider,1.0,weighted_majority,7933.153667021543,True,n01775062,3.0,,,,,,wolf_spider,-1.0,-1.0,-1.0,-1.0,-1.0,0.8678290247917175,-1.0,-1.0,-1.0,-1.0,-1.0,0.8443334831628821,greedy,1
REQ-00002,8000,3000,12.00285005569458,1.5163679122924805,['vit_b_16'],bustard,1.0,weighted_majority,11975.015833973885,True,n02018795,3.0,,,,,,bustard,-1.0,-1.0,-1.0,-1.0,-1.0,0.8887538313865662,-1.0,-1.0,-1.0,-1.0,-1.0,0.5722224257365356,greedy,1
REQ-00008,8000,3000,3.584596872329712,11.815330982208252,"['resnet50', 'resnet34', 'resnet18']",lorikeet,1.0,weighted_majority,3521.77837502677,True,n01820546,3.0,,lorikeet,lorikeet,lorikeet,,,-1.0,0.9958451390266418,0.9995156526565552,0.9999500513076782,-1.0,-1.0,-1.0,0.12539321110820112,0.5355180476444511,2.2657313912004,-1.0,-1.0,greedy,1
REQ-00003,8000,3000,13.179809093475342,3.3250911235809326,['vit_b_16'],agama,1.0,weighted_majority,13151.493249984924,True,n01687978,3.0,,,,,,agama,-1.0,-1.0,-1.0,-1.0,-1.0,0.8142013549804688,-1.0,-1.0,-1.0,-1.0,-1.0,0.5722224257365356,greedy,1
REQ-00004,8000,3000,12.7897469997406,3.8951189517974854,['vit_b_16'],water_ouzel,1.0,weighted_majority,12761.874125048053,True,n01601694,3.0,,,,,,water_ouzel,-1.0,-1.0,-1.0,-1.0,-1.0,0.8834865093231201,-1.0,-1.0,-1.0,-1.0,-1.0,0.5722224257365356,greedy,1
REQ-00009,8000,3000,3.5110368728637695,14.064723014831543,['vit_b_16'],bee_eater,1.0,weighted_majority,3478.9575419854373,True,n01828970,3.0,,,,,,bee_eater,-1.0,-1.0,-1.0,-1.0,-1.0,0.8895272016525269,-1.0,-1.0,-1.0,-1.0,-1.0,3.0351897022257415,greedy,1
REQ-00007,8000,3000,7.840523719787598,10.52358102798462,"['resnet50', 'resnet34', 'resnet18']",chiton,1.0,weighted_majority,7819.199541991111,True,n01955084,3.0,,chiton,chiton,chiton,,,-1.0,0.9989680051803589,0.9996190071105957,0.9996155500411987,-1.0,-1.0,-1.0,0.11574757948449334,0.49432435167180105,2.0914443611080613,-1.0,-1.0,greedy,1
REQ-00010,8000,3000,0.9295179843902588,17.589027881622314,['vit_b_16'],toucan,1.0,weighted_majority,903.7414999911562,True,n01843383,3.0,,,,,,toucan,-1.0,-1.0,-1.0,-1.0,-1.0,0.8948390483856201,-1.0,-1.0,-1.0,-1.0,-1.0,4.7358109969225675,greedy,1
REQ-00011,8000,3000,1.2869298458099365,18.664302110671997,['vit_b_16'],king_snake,1.0,weighted_majority,1258.8999579893425,True,n01734418,3.0,,,,,,king_snake,-1.0,-1.0,-1.0,-1.0,-1.0,0.8684430718421936,-1.0,-1.0,-1.0,-1.0,-1.0,4.321827197230311,greedy,1
REQ-00012,8000,3000,0.46573615074157715,21.118103981018066,['vit_b_16'],goose,1.0,weighted_majority,439.3658749759197,True,n01855672,3.0,,,,,,goose,-1.0,-1.0,-1.0,-1.0,-1.0,0.8887999653816223,-1.0,-1.0,-1.0,-1.0,-1.0,3.99084897750728,greedy,1
REQ-00013,8000,3000,1.0720798969268799,21.5415518283844,['vit_b_16'],thunder_snake,1.0,weighted_majority,1024.2769169854,True,n01728572,3.0,,,,,,thunder_snake,-1.0,-1.0,-1.0,-1.0,-1.0,0.8797635436058044,-1.0,-1.0,-1.0,-1.0,-1.0,3.6148870797565524,greedy,1
REQ-00014,8000,3000,0.6022481918334961,26.00385594367981,['vit_b_16'],hummingbird,1.0,weighted_majority,573.1299580074847,True,n01833805,3.0,,,,,,hummingbird,-1.0,-1.0,-1.0,-1.0,-1.0,0.8786966800689697,-1.0,-1.0,-1.0,-1.0,-1.0,3.3210132717808976,greedy,1
REQ-00015,8000,3000,0.9193251132965088,27.744388818740845,['vit_b_16'],bustard,1.0,weighted_majority,900.458374992013,True,n02018795,3.0,,,,,,bustard,-1.0,-1.0,-1.0,-1.0,-1.0,0.8721981048583984,-1.0,-1.0,-1.0,-1.0,-1.0,3.0228514446028076,greedy,1
REQ-00017,8000,3000,3.010024070739746,28.513166189193726,['vit_b_16'],scorpion,1.0,weighted_majority,2984.8270830116235,True,n01770393,3.0,,,,,,scorpion,-1.0,-1.0,-1.0,-1.0,-1.0,0.8893974423408508,-1.0,-1.0,-1.0,-1.0,-1.0,2.762793100142527,greedy,1
REQ-00021,8000,3000,1.0755810737609863,35.083033084869385,['vit_b_16'],crane,1.0,weighted_majority,1046.509292034898,True,n02012849,3.0,,,,,,crane,-1.0,-1.0,-1.0,-1.0,-1.0,0.7725255489349365,-1.0,-1.0,-1.0,-1.0,-1.0,2.768895690128274,greedy,1
REQ-00016,8000,3000,12.757941961288452,27.80868887901306,['vit_b_16'],bittern,1.0,weighted_majority,12709.918625012506,True,n02011460,3.0,,,,,,bittern,-1.0,-1.0,-1.0,-1.0,-1.0,0.9057753086090088,-1.0,-1.0,-1.0,-1.0,-1.0,3.0228514446028076,greedy,1
REQ-00018,8000,3000,12.015153169631958,28.717048168182373,['vit_b_16'],hornbill,1.0,weighted_majority,11998.296083009336,True,n01829413,3.0,,,,,,hornbill,-1.0,-1.0,-1.0,-1.0,-1.0,0.7897697687149048,-1.0,-1.0,-1.0,-1.0,-1.0,2.762793100142527,greedy,1
REQ-00020,8000,3000,10.363550901412964,32.543473958969116,['vit_b_16'],sulphur-crested_cockatoo,1.0,weighted_majority,10337.475332955364,True,n01819313,3.0,,,,,,sulphur-crested_cockatoo,-1.0,-1.0,-1.0,-1.0,-1.0,0.870420515537262,-1.0,-1.0,-1.0,-1.0,-1.0,2.768895690128274,greedy,1
REQ-00019,8000,3000,12.692836999893188,31.293421030044556,['vit_b_16'],jellyfish,1.0,weighted_majority,12666.04262497276,True,n01910747,3.0,,,,,,jellyfish,-1.0,-1.0,-1.0,-1.0,-1.0,0.9105930328369141,-1.0,-1.0,-1.0,-1.0,-1.0,2.768895690128274,greedy,1
REQ-00022,8000,3000,11.390209913253784,36.41500902175903,['vit_b_16'],bittern,1.0,weighted_majority,11372.977166029159,True,n02011460,3.0,,,,,,bittern,-1.0,-1.0,-1.0,-1.0,-1.0,0.8811859488487244,-1.0,-1.0,-1.0,-1.0,-1.0,2.584033321115447,greedy,1
REQ-00026,8000,3000,9.339749813079834,40.427212953567505,['vit_b_16'],hummingbird,1.0,weighted_majority,9310.045916005038,True,n01833805,3.0,,,,,,hummingbird,-1.0,-1.0,-1.0,-1.0,-1.0,0.6095326542854309,-1.0,-1.0,-1.0,-1.0,-1.0,6.6257021907932145,greedy,1
REQ-00025,8000,3000,13.49800181388855,39.49914813041687,"['resnet50', 'resnet34', 'resnet18']",bittern,1.0,weighted_majority,13459.652582998388,True,n02011460,3.0,,bittern,bittern,bittern,,,-1.0,0.8302413821220398,0.9999074935913086,0.9994670748710632,-1.0,-1.0,-1.0,2.8814613445366297,3.2343171762976586,5.51909930541131,-1.0,-1.0,greedy,1
REQ-00027,8000,3000,7.751481056213379,45.96069407463074,['vit_b_16'],american_alligator,1.0,weighted_majority,7732.000083022285,True,n01698640,3.0,,,,,,american_alligator,-1.0,-1.0,-1.0,-1.0,-1.0,0.8030285239219666,-1.0,-1.0,-1.0,-1.0,-1.0,5.691841059783846,greedy,1
REQ-00024,8000,3000,19.36729598045349,38.3746440410614,"['resnet50', 'resnet34', 'resnet18']",conch,1.0,weighted_majority,19330.27995901648,True,n01943899,3.0,,conch,conch,conch,,,-1.0,0.9988476037979126,0.9998219609260559,0.992226243019104,-1.0,-1.0,-1.0,0.12191169183097623,0.47476752359200547,2.7595496527056573,-1.0,-1.0,greedy,1
REQ-00023,8000,3000,21.2444748878479,37.56450009346008,"['resnet50', 'resnet34', 'resnet18']",chambered_nautilus,1.0,weighted_majority,21221.722375019453,True,n01968897,3.0,,chambered_nautilus,chambered_nautilus,chambered_nautilus,,,-1.0,0.9997366070747375,0.997900128364563,0.9955780506134033,-1.0,-1.0,-1.0,0.1125338693824396,0.4382469448541589,2.5472766024975297,-1.0,-1.0,greedy,1
REQ-00000,8000,3000,0.38947105407714844,3.0994415283203125e-06,['vit_b_16'],garter_snake,1.0,weighted_majority,366.35958298575133,True,n01735189,3.0,,,,,,garter_snake,-1.0,-1.0,-1.0,-1.0,-1.0,0.8794999122619629,-1.0,-1.0,-1.0,-1.0,-1.0,0.5974446000263037,greedy,1
REQ-00001,8000,3000,0.4045388698577881,0.9831531047821045,['vit_b_16'],tailed_frog,1.0,weighted_majority,378.23537504300475,True,n01644900,3.0,,,,,,tailed_frog,-1.0,-1.0,-1.0,-1.0,-1.0,0.8821365833282471,-1.0,-1.0,-1.0,-1.0,-1.0,0.5550546400236734,greedy,1
REQ-00002,8000,3000,0.5518410205841064,1.2262821197509766,['vit_b_16'],drake,1.0,weighted_majority,523.9147910033353,True,n01847000,3.0,,,,,,drake,-1.0,-1.0,-1.0,-1.0,-1.0,0.8758037090301514,-1.0,-1.0,-1.0,-1.0,-1.0,0.5550546400236734,greedy,1
REQ-00003,8000,3000,0.7863388061523438,1.9163010120391846,['vit_b_16'],leatherback_turtle,1.0,weighted_majority,751.6547500272281,True,n01665541,3.0,,,,,,leatherback_turtle,-1.0,-1.0,-1.0,-1.0,-1.0,0.8672875165939331,-1.0,-1.0,-1.0,-1.0,-1.0,0.4946857984191755,greedy,1
REQ-00004,8000,3000,0.5383820533752441,4.064888954162598,['vit_b_16'],king_snake,1.0,weighted_majority,508.07625002926216,True,n01734418,3.0,,,,,,king_snake,-1.0,-1.0,-1.0,-1.0,-1.0,0.8230239152908325,-1.0,-1.0,-1.0,-1.0,-1.0,0.49052351857725796,greedy,1
REQ-00005,8000,3000,0.3864247798919678,5.941112041473389,['vit_b_16'],cock,1.0,weighted_majority,363.99737501051277,True,n01514668,3.0,,,,,,cock,-1.0,-1.0,-1.0,-1.0,-1.0,0.9090849757194519,-1.0,-1.0,-1.0,-1.0,-1.0,0.4600014667195322,greedy,1
REQ-00006,8000,3000,0.4002201557159424,10.558931112289429,['vit_b_16'],crane,1.0,weighted_majority,367.55612498382106,True,n02012849,3.0,,,,,,crane,-1.0,-1.0,-1.0,-1.0,-1.0,0.893667459487915,-1.0,-1.0,-1.0,-1.0,-1.0,0.43362762004757893,greedy,1
REQ-00007,8000,3000,1.203498125076294,12.333768129348755,['vit_b_16'],sulphur-crested_cockatoo,1.0,weighted_majority,1179.4404170359485,True,n01819313,3.0,,,,,,sulphur-crested_cockatoo,-1.0,-1.0,-1.0,-1.0,-1.0,0.8867030143737793,-1.0,-1.0,-1.0,-1.0,-1.0,0.40866105804282105,greedy,1
REQ-00008,8000,3000,0.6894509792327881,13.205743074417114,['vit_b_16'],agama,1.0,weighted_majority,657.8975000302307,True,n01687978,3.0,,,,,,agama,-1.0,-1.0,-1.0,-1.0,-1.0,0.9066448211669922,-1.0,-1.0,-1.0,-1.0,-1.0,0.40866105804282105,greedy,1
REQ-00009,8000,3000,0.5503649711608887,16.277446031570435,['vit_b_16'],banded_gecko,1.0,weighted_majority,514.7234160103835,True,n01675722,3.0,,,,,,banded_gecko,-1.0,-1.0,-1.0,-1.0,-1.0,0.9165903329849243,-1.0,-1.0,-1.0,-1.0,-1.0,0.46826823701468506,greedy,1
REQ-00010,8000,3000,0.6348447799682617,18.55237913131714,['vit_b_16'],horned_viper,1.0,weighted_majority,610.4602080304176,True,n01753488,3.0,,,,,,horned_viper,-1.0,-1.0,-1.0,-1.0,-1.0,0.46271511912345886,-1.0,-1.0,-1.0,-1.0,-1.0,0.44330801331321656,greedy,1
REQ-00011,8000,3000,0.4395260810852051,19.35500407218933,['vit_b_16'],harvestman,1.0,weighted_majority,424.73595903720707,True,n01770081,3.0,,,,,,harvestman,-1.0,-1.0,-1.0,-1.0,-1.0,0.8862922191619873,-1.0,-1.0,-1.0,-1.0,-1.0,0.4267735119818949,greedy,1
REQ-00012,8000,3000,0.5855119228363037,20.236629247665405,['vit_b_16'],sidewinder,1.0,weighted_majority,573.96070798859,True,n01756291,3.0,,,,,,sidewinder,-1.0,-1.0,-1.0,-1.0,-1.0,0.6752125024795532,-1.0,-1.0,-1.0,-1.0,-1.0,0.40833386078370537,greedy,1
REQ-00013,8000,3000,0.4321248531341553,23.135594129562378,['vit_b_16'],bald_eagle,1.0,weighted_majority,405.1746250479482,True,n01614925,3.0,,,,,,bald_eagle,-1.0,-1.0,-1.0,-1.0,-1.0,0.8893013596534729,-1.0,-1.0,-1.0,-1.0,-1.0,0.4078049747053349,greedy,1
REQ-00014,8000,3000,0.49504590034484863,27.113270044326782,['vit_b_16'],tench,1.0,weighted_majority,466.5939999977127,True,n01440764,3.0,,,,,,tench,-1.0,-1.0,-1.0,-1.0,-1.0,0.8952462077140808,-1.0,-1.0,-1.0,-1.0,-1.0,0.3896738772348014,greedy,1
REQ-00015,8000,3000,0.8353948593139648,27.871296882629395,['vit_b_16'],bald_eagle,1.0,weighted_majority,810.0060829892755,True,n01614925,3.0,,,,,,bald_eagle,-1.0,-1.0,-1.0,-1.0,-1.0,0.9046332240104675,-1.0,-1.0,-1.0,-1.0,-1.0,0.37591938951132126,greedy,1
REQ-00016,8000,3000,0.4576408863067627,32.46143317222595,['vit_b_16'],conch,1.0,weighted_majority,425.0374590046704,True,n01943899,3.0,,,,,,conch,-1.0,-1.0,-1.0,-1.0,-1.0,0.9296956658363342,-1.0,-1.0,-1.0,-1.0,-1.0,0.39106155056018915,greedy,1
REQ-00017,8000,3000,0.6592268943786621,33.55931997299194,['vit_b_16'],spiny_lobster,1.0,weighted_majority,620.47550000716,True,n01984695,3.0,,,,,,spiny_lobster,-1.0,-1.0,-1.0,-1.0,-1.0,0.84549480676651,-1.0,-1.0,-1.0,-1.0,-1.0,0.37613549550417025,greedy,1
REQ-00018,8000,3000,0.40953993797302246,36.39618802070618,['vit_b_16'],indigo_bunting,1.0,weighted_majority,381.8970830179751,True,n01537544,3.0,,,,,,indigo_bunting,-1.0,-1.0,-1.0,-1.0,-1.0,0.8459509611129761,-1.0,-1.0,-1.0,-1.0,-1.0,0.36144234595375324,greedy,1
REQ-00019,8000,3000,0.40769505500793457,39.00960612297058,['vit_b_16'],spoonbill,1.0,weighted_majority,384.6642090356909,True,n02006656,3.0,,,,,,spoonbill,-1.0,-1.0,-1.0,-1.0,-1.0,0.9081599712371826,-1.0,-1.0,-1.0,-1.0,-1.0,0.34805061135837795,greedy,1
REQ-00020,8000,3000,0.5601358413696289,40.126872062683105,['vit_b_16'],chickadee,1.0,weighted_majority,536.121874989476,True,n01592084,3.0,,,,,,chickadee,-1.0,-1.0,-1.0,-1.0,-1.0,0.9029058218002319,-1.0,-1.0,-1.0,-1.0,-1.0,0.33254845022254015,greedy,1
REQ-00000,1000,3000,0.6525230407714844,1.9073486328125e-06,"['resnet34', 'resnet18', 'mobilenet_v3_small']",garter_snake,1.0,weighted_majority,630.7053329655901,True,n01735189,3.0,garter_snake,garter_snake,garter_snake,,,,0.9406030178070068,0.9671247601509094,0.9264563322067261,-1.0,-1.0,-1.0,0.05008119264989454,0.10002788817679259,0.13131060559429994,-1.0,-1.0,-1.0,greedy,1
REQ-00001,1000,3000,0.717235803604126,3.193803071975708,"['resnet34', 'resnet18', 'mobilenet_v3_small']",red-backed_sandpiper,1.0,weighted_majority,689.2338749603368,True,n02027492,3.0,red-backed_sandpiper,red-backed_sandpiper,red-backed_sandpiper,,,,0.9965747594833374,0.974692165851593,0.9919726848602295,-1.0,-1.0,-1.0,0.04986167338490509,0.09930319935911333,0.13433724503486996,-1.0,-1.0,-1.0,greedy,1
REQ-00002,1000,3000,0.7395567893981934,6.746856212615967,"['resnet34', 'resnet18', 'mobilenet_v3_small']",nematode,1.0,weighted_majority,716.839416010771,True,n01930112,3.0,nematode,nematode,nematode,,,,0.9999966621398926,0.9999984502792358,1.0,-1.0,-1.0,-1.0,0.048873306046414586,0.100297779423202,0.13690082053138297,-1.0,-1.0,-1.0,greedy,1
REQ-00003,1000,3000,0.731870174407959,8.856136083602905,"['resnet34', 'resnet18', 'mobilenet_v3_small']",green_snake,1.0,weighted_majority,712.285041983705,True,n01729977,3.0,green_snake,green_snake,green_snake,,,,0.9744855165481567,0.9962401390075684,0.9552181363105774,-1.0,-1.0,-1.0,0.04887527544177313,0.10128290148088182,0.13868203847824467,-1.0,-1.0,-1.0,greedy,1
REQ-00004,1000,3000,0.9259488582611084,11.343401193618774,"['resnet34', 'resnet18', 'mobilenet_v3_small']",menu,1.0,weighted_majority,896.0588750196621,True,n01985128,3.0,menu,menu,menu,,,,0.9665991067886353,0.7053042054176331,0.5011503100395203,-1.0,-1.0,-1.0,0.04933554789759582,0.10121151133279363,0.14185933463042022,-1.0,-1.0,-1.0,greedy,1
REQ-00005,1000,3000,0.8005328178405762,13.117599248886108,"['resnet34', 'resnet18', 'mobilenet_v3_small']",white_stork,0.5508373307109589,weighted_majority,772.6051670033485,True,n02002556,3.0,crane,crane,white_stork,,,,0.1630357801914215,0.27767226099967957,0.5404688715934753,-1.0,-1.0,-1.0,0.049400893107836234,0.10085396019951427,0.14508130116737822,-1.0,-1.0,-1.0,greedy,1
REQ-00006,1000,3000,0.6486940383911133,15.320853233337402,"['resnet34', 'resnet18', 'mobilenet_v3_small']",bustard,0.6723677118232974,weighted_majority,616.7882079607807,True,n01795545,3.0,bustard,bustard,black_grouse,,,,0.6219406127929688,0.8228475451469421,0.7040184140205383,-1.0,-1.0,-1.0,0.04935200379705261,0.10055146417956284,0.1472938710506404,-1.0,-1.0,-1.0,greedy,1
REQ-00007,1000,3000,0.725618839263916,16.811660051345825,"['resnet34', 'resnet18', 'mobilenet_v3_small']",toucan,1.0,weighted_majority,700.3534579998814,True,n01843383,3.0,toucan,toucan,toucan,,,,0.9994932413101196,0.999976634979248,0.9995274543762207,-1.0,-1.0,-1.0,0.04862560341734735,0.09958981776160657,0.14935458394557638,-1.0,-1.0,-1.0,greedy,1
REQ-00008,1000,3000,0.53302001953125,17.411421060562134,"['resnet34', 'resnet18', 'mobilenet_v3_small']",rock_crab,0.6557906924077023,weighted_majority,506.2813749536872,True,n01978455,3.0,rock_crab,rock_crab,bullfrog,,,,0.30597764253616333,0.3607702851295471,0.3499605059623718,-1.0,-1.0,-1.0,0.04857094307561262,0.0986052359854459,0.15167772555101877,-1.0,-1.0,-1.0,greedy,1
REQ-00009,1000,3000,0.8497679233551025,19.41190814971924,"['resnet34', 'resnet18', 'mobilenet_v3_small']",crane,1.0,weighted_majority,820.8877079887316,True,n02012849,3.0,crane,crane,crane,,,,0.9828013777732849,0.9782760739326477,0.9907333850860596,-1.0,-1.0,-1.0,0.048205648768051355,0.09930501238690131,0.1529448529959169,-1.0,-1.0,-1.0,greedy,1
REQ-00010,1000,3000,0.5435059070587158,22.16013813018799,"['resnet34', 'resnet18', 'mobilenet_v3_small']",tarantula,1.0,weighted_majority,515.5961669515818,True,n01774750,3.0,tarantula,tarantula,tarantula,,,,0.9955086708068848,0.9986549615859985,0.9989424347877502,-1.0,-1.0,-1.0,0.04790528389124622,0.09900641114821118,0.15554556769632522,-1.0,-1.0,-1.0,greedy,1
REQ-00011,1000,3000,0.8694958686828613,25.33674693107605,"['resnet34', 'resnet18', 'mobilenet_v3_small']",agama,0.4408372107109589,weighted_majority,842.2942500328645,True,n01687978,3.0,agama,agama,agama,,,,0.999826967716217,0.9726783037185669,0.9991436004638672,-1.0,-1.0,-1.0,0.0470511555021216,0.09846097003339006,0.1489222109266927,-1.0,-1.0,-1.0,greedy,1
REQ-00012,1000,3000,0.7887699604034424,33.994225025177,"['resnet34', 'resnet18', 'mobilenet_v3_small']",tarantula,0.5408373307109589,weighted_majority,754.7893329756334,True,n01774750,3.0,tarantula,tarantula,tarantula,,,,0.8981563448905945,0.8998758792877197,0.9313477277755737,-1.0,-1.0,-1.0,0.051469139951909444,0.09801487303005106,0.15126818983402343,-1.0,-1.0,-1.0,greedy,1
REQ-00013,1000,3000,0.6279449462890625,36.30092000961304,"['resnet34', 'resnet18', 'mobilenet_v3_small']",snail,0.4508373307109589,weighted_majority,605.5214999942109,True,n01944390,3.0,snail,snail,snail,,,,0.9913693070411682,0.9914104342460632,0.9906280040740967,-1.0,-1.0,-1.0,0.0500277259567185,0.09750448572704595,0.1620470708506211,-1.0,-1.0,-1.0,greedy,1
REQ-00014,1000,3000,0.7782449722290039,47.662424087524414,"['resnet34', 'resnet18', 'mobilenet_v3_small']",hornbill,1.0,weighted_majority,741.1053749965504,True,n01829413,3.0,hornbill,hornbill,hornbill,,,,0.866932213306427,0.9719083309173584,0.9814212918281555,-1.0,-1.0,-1.0,0.051378153361046654,0.09702293715434136,0.15757086376555898,-1.0,-1.0,-1.0,greedy,1

REQ-00000,3000,3000,0.7660949230194092,2.86102294921875e-06,"['resnet50', 'resnet34']",green_snake,1.0,weighted_majority,751.4250830281526,True,n01729977,3.0,,,green_snake,green_snake,,,-1.0,-1.0,0.934270441532135,0.7758502960205078,-1.0,-1.0,-1.0,-1.0,0.3953380345246883,0.6061542786504266,-1.0,-1.0,greedy,1
REQ-00001,3000,3000,0.9880342483520508,0.6554358005523682,"['resnet50', 'resnet34']",goldfinch,1.0,weighted_majority,974.9190830043517,True,n01531178,3.0,,,goldfinch,goldfinch,,,-1.0,-1.0,0.9987357258796692,0.9998687505722046,-1.0,-1.0,-1.0,-1.0,0.3953380345246883,0.569878250785384,-1.0,-1.0,greedy,1
REQ-00003,8000,3000,13.179809093475342,3.3250911235809326,['vit_b_16'],agama,1.0,weighted_majority,13151.493249984924,True,n01687978,3.0,,,,,,agama,-1.0,-1.0,-1.0,-1.0,-1.0,0.8142013549804688,-1.0,-1.0,-1.0,-1.0,-1.0,0.5722224257365356,greedy,1
REQ-00004,8000,3000,12.7897469997406,3.8951189517974854,['vit_b_16'],water_ouzel,1.0,weighted_majority,12761.874125048053,True,n01601694,3.0,,,,,,water_ouzel,-1.0,-1.0,-1.0,-1.0,-1.0,0.8834865093231201,-1.0,-1.0,-1.0,-1.0,-1.0,0.5722224257365356,greedy,1
REQ-00003,50000,3000,0.38345909118652344,6.486475944519043,['vit_b_16'],green_lizard,1.0,weighted_majority,360.10183399775997,True,n01693334,3.0,,,,,,green_lizard,-1.0,-1.0,-1.0,-1.0,-1.0,0.8899349570274353,-1.0,-1.0,-1.0,-1.0,-1.0,0.4614650281638643,greedy,1
REQ-00004,50000,3000,1.5684340000152588,6.962139129638672,['vit_b_16'],black_and_gold_garden_spider,1.0,weighted_majority,1543.8167920219712,True,n01773157,3.0,,,,,,black_and_gold_garden_spider,-1.0,-1.0,-1.0,-1.0,-1.0,0.6050848960876465,-1.0,-1.0,-1.0,-1.0,-1.0,0.43301852534747787,greedy,1
REQ-00000,50000,3000,9.085697650909424,2.1457672119140625e-06,"['vit_b_16', 'resnet101', 'resnet50']",goldfinch,0.8342633952496318,weighted_majority,9063.806542020757,True,n01531178,3.0,,,,goldfinch,goldfinch,goldfinch,-1.0,-1.0,-1.0,0.9972054362297058,0.9999762773513794,0.8924673795700073,-1.0,-1.0,-1.0,1.3753267872489405,0.7109208174032836,0.3877894487844503,greedy,1
REQ-00002,50000,3000,6.862123966217041,4.330250978469849,"['vit_b_16', 'resnet101', 'resnet50']",hummingbird,1.0,weighted_majority,6824.319750012364,True,n01833805,3.0,,,,hummingbird,hummingbird,hummingbird,-1.0,-1.0,-1.0,0.9916883111000061,0.8850093483924866,0.8683494925498962,-1.0,-1.0,-1.0,1.3753267872489405,0.8035380356629553,0.4795202535154048,greedy,1
REQ-00001,50000,3000,11.021480798721313,0.4549229145050049,"['vit_b_16', 'resnet101', 'resnet50']",american_alligator,1.0,weighted_majority,11005.628417013213,True,n01698640,3.0,,,,american_alligator,american_alligator,american_alligator,-1.0,-1.0,-1.0,0.6559456586837769,0.6120209693908691,0.7980436682701111,-1.0,-1.0,-1.0,1.3753267872489405,0.7109208174032836,0.3678265039060053,greedy,1
REQ-00005,50000,3000,1.10123610496521,20.838142156600952,"['vit_b_16', 'resnet101', 'resnet50']",thunder_snake,0.8642633901496318,weighted_majority,1070.7008340395987,True,n01728572,3.0,,,,thunder_snake,thunder_snake,thunder_snake,-1.0,-1.0,-1.0,0.9939689636230469,0.9885014295578003,0.8523564338684082,-1.0,-1.0,-1.0,1.7508736229044777,1.910439698886994,0.5184697728127301,greedy,1
REQ-00000,3000,3000,0.7660949230194092,2.86102294921875e-06,"['resnet50', 'resnet34']",green_snake,1.0,weighted_majority,751.4250830281526,True,n01729977,3.0,,,green_snake,green_snake,,,-1.0,-1.0,0.934270441532135,0.7758502960205078,-1.0,-1.0,-1.0,-1.0,0.3953380345246883,0.6061542786504266,-1.0,-1.0,greedy,1
REQ-00001,3000,3000,0.9880342483520508,0.6554358005523682,"['resnet50', 'resnet34']",goldfinch,1.0,weighted_majority,974.9190830043517,True,n01531178,3.0,,,goldfinch,goldfinch,,,-1.0,-1.0,0.9987357258796692,0.9998687505722046,-1.0,-1.0,-1.0,-1.0,0.3953380345246883,0.569878250785384,-1.0,-1.0,greedy,1
REQ-00003,8000,3000,13.179809093475342,3.3250911235809326,['vit_b_16'],agama,1.0,weighted_majority,13151.493249984924,True,n01687978,3.0,,,,,,agama,-1.0,-1.0,-1.0,-1.0,-1.0,0.8142013549804688,-1.0,-1.0,-1.0,-1.0,-1.0,0.5722224257365356,greedy,1
REQ-00004,8000,3000,12.7897469997406,3.8951189517974854,['vit_b_16'],water_ouzel,1.0,weighted_majority,12761.874125048053,True,n01601694,3.0,,,,,,water_ouzel,-1.0,-1.0,-1.0,-1.0,-1.0,0.8834865093231201,-1.0,-1.0,-1.0,-1.0,-1.0,0.5722224257365356,greedy,1
REQ-00003,50000,3000,0.38345909118652344,6.486475944519043,['vit_b_16'],green_lizard,1.0,weighted_majority,360.10183399775997,True,n01693334,3.0,,,,,,green_lizard,-1.0,-1.0,-1.0,-1.0,-1.0,0.8899349570274353,-1.0,-1.0,-1.0,-1.0,-1.0,0.4614650281638643,greedy,1
REQ-00004,50000,3000,1.5684340000152588,6.962139129638672,['vit_b_16'],black_and_gold_garden_spider,1.0,weighted_majority,1543.8167920219712,True,n01773157,3.0,,,,,,black_and_gold_garden_spider,-1.0,-1.0,-1.0,-1.0,-1.0,0.6050848960876465,-1.0,-1.0,-1.0,-1.0,-1.0,0.43301852534747787,greedy,1
REQ-00000,50000,3000,9.085697650909424,2.1457672119140625e-06,"['vit_b_16', 'resnet101', 'resnet50']",goldfinch,0.7342633952496318,weighted_majority,9063.806542020757,True,n01531178,3.0,,,,goldfinch,goldfinch,goldfinch,-1.0,-1.0,-1.0,0.9972054362297058,0.9999762773513794,0.8924673795700073,-1.0,-1.0,-1.0,1.3753267872489405,0.7109208174032836,0.3877894487844503,greedy,1
REQ-00002,50000,3000,6.862123966217041,4.330250978469849,"['vit_b_16', 'resnet101', 'resnet50']",hummingbird,1.0,weighted_majority,6824.319750012364,True,n01833805,3.0,,,,hummingbird,hummingbird,hummingbird,-1.0,-1.0,-1.0,0.9916883111000061,0.8850093483924866,0.8683494925498962,-1.0,-1.0,-1.0,1.3753267872489405,0.8035380356629553,0.4795202535154048,greedy,1
REQ-00001,50000,3000,11.021480798721313,0.4549229145050049,"['vit_b_16', 'resnet101', 'resnet50']",american_alligator,1.0,weighted_majority,11005.628417013213,True,n01698640,3.0,,,,american_alligator,american_alligator,american_alligator,-1.0,-1.0,-1.0,0.6559456586837769,0.6120209693908691,0.7980436682701111,-1.0,-1.0,-1.0,1.3753267872489405,0.7109208174032836,0.3678265039060053,greedy,1
REQ-00005,50000,3000,1.10123610496521,20.838142156600952,"['vit_b_16', 'resnet101', 'resnet50']",thunder_snake,0.7642633901496318,weighted_majority,1070.7008340395987,True,n01728572,3.0,,,,thunder_snake,thunder_snake,thunder_snake,-1.0,-1.0,-1.0,0.9939689636230469,0.9885014295578003,0.8523564338684082,-1.0,-1.0,-1.0,1.7508736229044777,1.910439698886994,0.5184697728127301,greedy,1
REQ-00000,1000,3000,0.6525230407714844,1.9073486328125e-06,"['resnet34', 'resnet18', 'mobilenet_v3_small']",garter_snake,1.0,weighted_majority,630.7053329655901,True,n01735189,3.0,garter_snake,garter_snake,garter_snake,,,,0.9406030178070068,0.9671247601509094,0.9264563322067261,-1.0,-1.0,-1.0,0.05008119264989454,0.10002788817679259,0.13131060559429994,-1.0,-1.0,-1.0,greedy,1
REQ-00001,1000,3000,0.717235803604126,3.193803071975708,"['resnet34', 'resnet18', 'mobilenet_v3_small']",red-backed_sandpiper,1.0,weighted_majority,689.2338749603368,True,n02027492,3.0,red-backed_sandpiper,red-backed_sandpiper,red-backed_sandpiper,,,,0.9965747594833374,0.974692165851593,0.9919726848602295,-1.0,-1.0,-1.0,0.04986167338490509,0.09930319935911333,0.13433724503486996,-1.0,-1.0,-1.0,greedy,1
REQ-00002,1000,3000,0.7395567893981934,6.746856212615967,"['resnet34', 'resnet18', 'mobilenet_v3_small']",nematode,1.0,weighted_majority,716.839416010771,True,n01930112,3.0,nematode,nematode,nematode,,,,0.9999966621398926,0.9999984502792358,1.0,-1.0,-1.0,-1.0,0.048873306046414586,0.100297779423202,0.13690082053138297,-1.0,-1.0,-1.0,greedy,1
REQ-00003,1000,3000,0.731870174407959,8.856136083602905,"['resnet34', 'resnet18', 'mobilenet_v3_small']",green_snake,1.0,weighted_majority,712.285041983705,True,n01729977,3.0,green_snake,green_snake,green_snake,,,,0.9744855165481567,0.9962401390075684,0.9552181363105774,-1.0,-1.0,-1.0,0.04887527544177313,0.10128290148088182,0.13868203847824467,-1.0,-1.0,-1.0,greedy,1






