REQ-00000,100,10,8.375817775726318,3.814697265625e-06,['resnet18'],terrapin,1.0,weighted_majority,8320.305250003003,True,n01667778,4.0,,terrapin,,,,,-1.0,0.6684626936912537,-1.0,-1.0,-1.0,-1.0,-1.0,0.06634490458575613,-1.0,-1.0,-1.0,-1.0,greedy,1
REQ-00001,100,10,10.67003321647644,0.0338597297668457,['resnet18'],green_mamba,1.0,weighted_majority,10271.705667022616,True,n01729977,4.0,,green_mamba,,,,,-1.0,0.5563709735870361,-1.0,-1.0,-1.0,-1.0,-1.0,0.06634490458575613,-1.0,-1.0,-1.0,-1.0,greedy,1
REQ-00004,100,10,18.599711179733276,0.09081888198852539,['mobilenet_v3_small'],hummingbird,1.0,weighted_majority,17021.354167023674,True,n01833805,4.0,hummingbird,,,,,,0.9983721375465393,-1.0,-1.0,-1.0,-1.0,-1.0,0.04545896949411162,-1.0,-1.0,-1.0,-1.0,-1.0,greedy,1
REQ-00002,100,10,18.64708971977234,0.06263399124145508,['mobilenet_v3_small'],snail,1.0,weighted_majority,17938.87700000778,True,n01944390,4.0,snail,,,,,,0.3033038377761841,-1.0,-1.0,-1.0,-1.0,-1.0,0.04545896949411162,-1.0,-1.0,-1.0,-1.0,-1.0,greedy,1
REQ-00003,100,10,18.64570903778076,0.07149386405944824,['mobilenet_v3_small'],indigo_bunting,1.0,weighted_majority,17181.32470798446,True,n01537544,4.0,indigo_bunting,,,,,,0.8995645642280579,-1.0,-1.0,-1.0,-1.0,-1.0,0.04545896949411162,-1.0,-1.0,-1.0,-1.0,-1.0,greedy,1
REQ-00006,100,10,18.607813835144043,0.11495804786682129,['mobilenet_v3_small'],sea_anemone,1.0,weighted_majority,16730.510417022742,True,n01914609,4.0,sea_anemone,,,,,,0.9860110282897949,-1.0,-1.0,-1.0,-1.0,-1.0,0.04545896949411162,-1.0,-1.0,-1.0,-1.0,-1.0,greedy,1
REQ-00010,100,10,18.574967861175537,0.1549386978149414,['mobilenet_v3_small'],great_white_shark,1.0,weighted_majority,15994.627083011437,True,n01484850,4.0,great_white_shark,,,,,,0.9603736996650696,-1.0,-1.0,-1.0,-1.0,-1.0,0.04545896949411162,-1.0,-1.0,-1.0,-1.0,-1.0,greedy,1
REQ-00014,100,10,18.53649592399597,0.1992509365081787,['mobilenet_v3_small'],wolf_spider,1.0,weighted_majority,15039.796417055186,True,n01775062,4.0,wolf_spider,,,,,,0.9445510506629944,-1.0,-1.0,-1.0,-1.0,-1.0,0.04545896949411162,-1.0,-1.0,-1.0,-1.0,-1.0,greedy,1
REQ-00015,100,10,45.02587914466858,0.21692109107971191,['mobilenet_v3_small'],black_swan,1.0,weighted_majority,41415.28895800002,True,n01860187,4.0,black_swan,,,,,,0.9996825456619263,-1.0,-1.0,-1.0,-1.0,-1.0,0.04545896949411162,-1.0,-1.0,-1.0,-1.0,-1.0,greedy,1
REQ-00016,100,10,45.041218757629395,0.22520875930786133,['mobilenet_v3_small'],spoonbill,1.0,weighted_majority,40973.13216596376,True,n02006656,4.0,spoonbill,,,,,,0.9999855756759644,-1.0,-1.0,-1.0,-1.0,-1.0,0.04545896949411162,-1.0,-1.0,-1.0,-1.0,-1.0,greedy,1
REQ-00017,100,10,45.05069303512573,0.23302388191223145,['mobilenet_v3_small'],coucal,1.0,weighted_majority,40717.368542042095,True,n01824575,4.0,coucal,,,,,,0.9999990463256836,-1.0,-1.0,-1.0,-1.0,-1.0,0.04545896949411162,-1.0,-1.0,-1.0,-1.0,-1.0,greedy,1
REQ-00020,100,10,45.03062891960144,0.2580139636993408,['mobilenet_v3_small'],tiger_shark,1.0,weighted_majority,40426.81170901051,True,n01484850,4.0,tiger_shark,,,,,,0.29130980372428894,-1.0,-1.0,-1.0,-1.0,-1.0,0.04545896949411162,-1.0,-1.0,-1.0,-1.0,-1.0,greedy,1
REQ-00021,100,10,45.028263330459595,0.2640848159790039,['mobilenet_v3_small'],water_ouzel,1.0,weighted_majority,40297.24391596392,True,n01601694,4.0,water_ouzel,,,,,,0.8442492485046387,-1.0,-1.0,-1.0,-1.0,-1.0,0.04545896949411162,-1.0,-1.0,-1.0,-1.0,-1.0,greedy,1
REQ-00009,100,10,45.154483795166016,0.14102983474731445,['mobilenet_v3_small'],chiton,1.0,weighted_majority,42726.08895803569,True,n01955084,4.0,chiton,,,,,,0.3934822976589203,-1.0,-1.0,-1.0,-1.0,-1.0,0.04545896949411162,-1.0,-1.0,-1.0,-1.0,-1.0,greedy,1
REQ-00013,100,10,45.10675406455994,0.19200682640075684,['mobilenet_v3_small'],harvestman,1.0,weighted_majority,41831.99504198274,True,n01770081,4.0,harvestman,,,,,,0.9955433011054993,-1.0,-1.0,-1.0,-1.0,-1.0,0.04545896949411162,-1.0,-1.0,-1.0,-1.0,-1.0,greedy,1
REQ-00007,100,10,45.17727589607239,0.12473893165588379,['mobilenet_v3_small'],goldfish,1.0,weighted_majority,43093.55729096569,True,n01443537,4.0,goldfish,,,,,,0.9905912280082703,-1.0,-1.0,-1.0,-1.0,-1.0,0.04545896949411162,-1.0,-1.0,-1.0,-1.0,-1.0,greedy,1
REQ-00012,100,10,45.12037897109985,0.18493270874023438,['mobilenet_v3_small'],kite,1.0,weighted_majority,42321.192000003066,True,n01608432,4.0,kite,,,,,,0.5103917717933655,-1.0,-1.0,-1.0,-1.0,-1.0,0.04545896949411162,-1.0,-1.0,-1.0,-1.0,-1.0,greedy,1
REQ-00005,100,10,45.205034017562866,0.10388493537902832,['mobilenet_v3_small'],water_ouzel,1.0,weighted_majority,43469.76170799462,True,n01601694,4.0,water_ouzel,,,,,,0.9999288320541382,-1.0,-1.0,-1.0,-1.0,-1.0,0.04545896949411162,-1.0,-1.0,-1.0,-1.0,-1.0,greedy,1
REQ-00024,100,10,45.01263403892517,0.30193185806274414,['mobilenet_v3_small'],bulbul,1.0,weighted_majority,40102.84158302238,True,n01560419,4.0,bulbul,,,,,,0.9616708755493164,-1.0,-1.0,-1.0,-1.0,-1.0,0.04545896949411162,-1.0,-1.0,-1.0,-1.0,-1.0,greedy,1
REQ-00031,100,10,44.91094923019409,0.40704989433288574,['mobilenet_v3_small'],pelican,1.0,weighted_majority,37501.80683401413,True,n02051845,4.0,pelican,,,,,,0.998995840549469,-1.0,-1.0,-1.0,-1.0,-1.0,0.04545896949411162,-1.0,-1.0,-1.0,-1.0,-1.0,greedy,1
REQ-00032,100,10,44.90257406234741,0.4185218811035156,['mobilenet_v3_small'],chickadee,1.0,weighted_majority,37342.79891703045,True,n01592084,4.0,chickadee,,,,,,0.998223602771759,-1.0,-1.0,-1.0,-1.0,-1.0,0.04545896949411162,-1.0,-1.0,-1.0,-1.0,-1.0,greedy,1
REQ-00008,100,10,45.19219207763672,0.13254976272583008,['mobilenet_v3_small'],boa_constrictor,1.0,weighted_majority,42915.718625008594,True,n01742172,4.0,boa_constrictor,,,,,,0.996277391910553,-1.0,-1.0,-1.0,-1.0,-1.0,0.04545896949411162,-1.0,-1.0,-1.0,-1.0,-1.0,greedy,1
REQ-00019,100,10,45.079777002334595,0.24921178817749023,['mobilenet_v3_small'],scorpion,1.0,weighted_majority,40606.19520797627,True,n01770393,4.0,scorpion,,,,,,0.8940322399139404,-1.0,-1.0,-1.0,-1.0,-1.0,0.04545896949411162,-1.0,-1.0,-1.0,-1.0,-1.0,greedy,1
REQ-00026,100,10,45.006048917770386,0.3300049304962158,['mobilenet_v3_small'],tick,1.0,weighted_majority,38172.31204203563,True,n01776313,4.0,tick,,,,,,0.8057082295417786,-1.0,-1.0,-1.0,-1.0,-1.0,0.04545896949411162,-1.0,-1.0,-1.0,-1.0,-1.0,greedy,1
REQ-00011,100,10,45.16317796707153,0.17598986625671387,['mobilenet_v3_small'],bald_eagle,1.0,weighted_majority,36913.157959003,True,n01614925,4.0,bald_eagle,,,,,,0.856392502784729,-1.0,-1.0,-1.0,-1.0,-1.0,0.04496980529023042,-1.0,-1.0,-1.0,-1.0,-1.0,greedy,1
REQ-00027,100,10,45.00343084335327,0.3385767936706543,['mobilenet_v3_small'],bee_eater,1.0,weighted_majority,38033.387666975614,True,n01828970,4.0,bee_eater,,,,,,0.9999170303344727,-1.0,-1.0,-1.0,-1.0,-1.0,0.04545896949411162,-1.0,-1.0,-1.0,-1.0,-1.0,greedy,1
REQ-00025,100,10,45.02937388420105,0.315809965133667,['mobilenet_v3_small'],bee_eater,1.0,weighted_majority,38500.583290995564,True,n01828970,4.0,bee_eater,,,,,,0.9297617673873901,-1.0,-1.0,-1.0,-1.0,-1.0,0.04545896949411162,-1.0,-1.0,-1.0,-1.0,-1.0,greedy,1
REQ-00028,100,10,44.98904871940613,0.3591017723083496,['mobilenet_v3_small'],flamingo,1.0,weighted_majority,37922.98195802141,True,n02007558,4.0,flamingo,,,,,,0.9923882484436035,-1.0,-1.0,-1.0,-1.0,-1.0,0.04545896949411162,-1.0,-1.0,-1.0,-1.0,-1.0,greedy,1
REQ-00030,100,10,44.97857117652893,0.37305378913879395,['mobilenet_v3_small'],ox,1.0,weighted_majority,37663.409125001635,True,n01877812,4.0,ox,,,,,,0.27437102794647217,-1.0,-1.0,-1.0,-1.0,-1.0,0.04545896949411162,-1.0,-1.0,-1.0,-1.0,-1.0,greedy,1
REQ-00029,100,10,44.986905097961426,0.36798882484436035,['mobilenet_v3_small'],terrapin,1.0,weighted_majority,37796.01950000506,True,n01667778,4.0,terrapin,,,,,,0.8392097353935242,-1.0,-1.0,-1.0,-1.0,-1.0,0.04545896949411162,-1.0,-1.0,-1.0,-1.0,-1.0,greedy,1
REQ-00022,100,10,45.084585189819336,0.2740647792816162,['mobilenet_v3_small'],prairie_chicken,1.0,weighted_majority,35311.61637499463,True,n01798484,4.0,prairie_chicken,,,,,,0.9677844047546387,-1.0,-1.0,-1.0,-1.0,-1.0,12.262564363833333,-1.0,-1.0,-1.0,-1.0,-1.0,greedy,1
REQ-00035,100,10,44.87018704414368,0.49148106575012207,['mobilenet_v3_small'],tiger_shark,1.0,weighted_majority,33895.35754203098,True,n01491361,4.0,tiger_shark,,,,,,0.9949445128440857,-1.0,-1.0,-1.0,-1.0,-1.0,17.37196618209722,-1.0,-1.0,-1.0,-1.0,-1.0,greedy,1
REQ-00038,100,10,44.83587098121643,0.5284700393676758,['mobilenet_v3_small'],black_and_gold_garden_spider,1.0,weighted_majority,33226.92233300768,True,n01773157,4.0,black_and_gold_garden_spider,,,,,,0.7100703120231628,-1.0,-1.0,-1.0,-1.0,-1.0,17.37196618209722,-1.0,-1.0,-1.0,-1.0,-1.0,greedy,1
REQ-00039,100,10,44.83102011680603,0.5362937450408936,['mobilenet_v3_small'],loggerhead,1.0,weighted_majority,33071.24637498055,True,n01664065,4.0,loggerhead,,,,,,0.9189947247505188,-1.0,-1.0,-1.0,-1.0,-1.0,17.37196618209722,-1.0,-1.0,-1.0,-1.0,-1.0,greedy,1
REQ-00040,100,10,44.81742000579834,0.5530548095703125,['mobilenet_v3_small'],european_gallinule,1.0,weighted_majority,32849.59445800632,True,n02018207,4.0,european_gallinule,,,,,,0.8555094599723816,-1.0,-1.0,-1.0,-1.0,-1.0,17.37196618209722,-1.0,-1.0,-1.0,-1.0,-1.0,greedy,1
REQ-00041,100,10,44.811049938201904,0.5618560314178467,['mobilenet_v3_small'],green_snake,1.0,weighted_majority,32602.737583976705,True,n01749939,4.0,green_snake,,,,,,0.9676721692085266,-1.0,-1.0,-1.0,-1.0,-1.0,17.37196618209722,-1.0,-1.0,-1.0,-1.0,-1.0,greedy,1
REQ-00043,100,10,44.794108867645264,0.5844647884368896,['mobilenet_v3_small'],flatworm,1.0,weighted_majority,32216.776333982125,True,n01924916,4.0,flatworm,,,,,,0.9411197900772095,-1.0,-1.0,-1.0,-1.0,-1.0,17.37196618209722,-1.0,-1.0,-1.0,-1.0,-1.0,greedy,1
REQ-00044,100,10,44.79096078872681,0.5916857719421387,['mobilenet_v3_small'],electric_ray,1.0,weighted_majority,31929.666084004566,True,n01496331,4.0,electric_ray,,,,,,0.9593044519424438,-1.0,-1.0,-1.0,-1.0,-1.0,17.37196618209722,-1.0,-1.0,-1.0,-1.0,-1.0,greedy,1
REQ-00018,100,10,45.14464592933655,0.24089908599853516,['mobilenet_v3_small'],english_springer,1.0,weighted_majority,36145.670957979746,True,n02051845,4.0,english_springer,,,,,,0.10018382221460342,-1.0,-1.0,-1.0,-1.0,-1.0,6.131282181916666,-1.0,-1.0,-1.0,-1.0,-1.0,greedy,1
REQ-00023,100,10,45.105881690979004,0.28308677673339844,['mobilenet_v3_small'],chiton,1.0,weighted_majority,34749.369415978435,True,n01955084,4.0,chiton,,,,,,0.8396379947662354,-1.0,-1.0,-1.0,-1.0,-1.0,15.328205454791668,-1.0,-1.0,-1.0,-1.0,-1.0,greedy,1
REQ-00033,100,10,44.95998191833496,0.4319639205932617,['mobilenet_v3_small'],prairie_chicken,1.0,weighted_majority,34605.932750040665,True,n01798484,4.0,prairie_chicken,,,,,,0.9604580402374268,-1.0,-1.0,-1.0,-1.0,-1.0,16.350085818444448,-1.0,-1.0,-1.0,-1.0,-1.0,greedy,1
REQ-00037,100,10,44.88039493560791,0.5151128768920898,['mobilenet_v3_small'],sidewinder,1.0,weighted_majority,33358.89066703385,True,n01756291,4.0,sidewinder,,,,,,0.27458035945892334,-1.0,-1.0,-1.0,-1.0,-1.0,17.37196618209722,-1.0,-1.0,-1.0,-1.0,-1.0,greedy,1
REQ-00045,100,10,44.79821586608887,0.6002178192138672,['mobilenet_v3_small'],coucal,1.0,weighted_majority,31766.259416996036,True,n01824575,4.0,coucal,,,,,,0.998799204826355,-1.0,-1.0,-1.0,-1.0,-1.0,16.861026000270833,-1.0,-1.0,-1.0,-1.0,-1.0,greedy,1
REQ-00036,100,10,44.8946328163147,0.5069949626922607,['mobilenet_v3_small'],thunder_snake,1.0,weighted_majority,33545.26862502098,True,n01728572,4.0,thunder_snake,,,,,,0.7942814230918884,-1.0,-1.0,-1.0,-1.0,-1.0,17.37196618209722,-1.0,-1.0,-1.0,-1.0,-1.0,greedy,1
REQ-00053,100,10,44.6973659992218,0.7070109844207764,['mobilenet_v3_small'],tiger_shark,1.0,weighted_majority,28577.256667020265,True,n02077923,4.0,tiger_shark,,,,,,0.2448107898235321,-1.0,-1.0,-1.0,-1.0,-1.0,16.515887933711113,-1.0,-1.0,-1.0,-1.0,-1.0,greedy,1
REQ-00046,100,10,51.735342025756836,0.6094868183135986,['mobilenet_v3_small'],electric_ray,1.0,weighted_majority,38393.75037502032,True,n01496331,4.0,electric_ray,,,,,,0.817903995513916,-1.0,-1.0,-1.0,-1.0,-1.0,16.861026000270833,-1.0,-1.0,-1.0,-1.0,-1.0,greedy,1
REQ-00050,100,10,51.70376968383789,0.6669018268585205,['mobilenet_v3_small'],garter_snake,1.0,weighted_majority,37039.95691699674,True,n01735189,4.0,garter_snake,,,,,,0.9236369132995605,-1.0,-1.0,-1.0,-1.0,-1.0,16.861026000270833,-1.0,-1.0,-1.0,-1.0,-1.0,greedy,1
REQ-00054,100,10,51.65963006019592,0.7194838523864746,['mobilenet_v3_small'],kite,1.0,weighted_majority,35196.87949999934,True,n01608432,4.0,kite,,,,,,0.6998335123062134,-1.0,-1.0,-1.0,-1.0,-1.0,16.515887933711113,-1.0,-1.0,-1.0,-1.0,-1.0,greedy,1
REQ-00042,100,10,51.81710410118103,0.5760319232940674,['mobilenet_v3_small'],stingray,1.0,weighted_majority,39447.24541599862,True,n01498041,4.0,stingray,,,,,,0.8016102910041809,-1.0,-1.0,-1.0,-1.0,-1.0,17.37196618209722,-1.0,-1.0,-1.0,-1.0,-1.0,greedy,1
REQ-00051,100,10,51.728806257247925,0.6753058433532715,['mobilenet_v3_small'],goose,1.0,weighted_majority,36767.5984170055,True,n01855672,4.0,goose,,,,,,0.9664968848228455,-1.0,-1.0,-1.0,-1.0,-1.0,16.861026000270833,-1.0,-1.0,-1.0,-1.0,-1.0,greedy,1
REQ-00056,100,10,51.64871883392334,0.7600588798522949,['mobilenet_v3_small'],electric_ray,1.0,weighted_majority,33649.34795902809,True,n01496331,4.0,electric_ray,,,,,,0.9985743761062622,-1.0,-1.0,-1.0,-1.0,-1.0,19.692063768180553,-1.0,-1.0,-1.0,-1.0,-1.0,greedy,1
REQ-00047,100,10,51.78099584579468,0.6322066783905029,['mobilenet_v3_small'],mud_turtle,1.0,weighted_majority,38063.64741700236,True,n01667114,4.0,mud_turtle,,,,,,0.8950620889663696,-1.0,-1.0,-1.0,-1.0,-1.0,16.861026000270833,-1.0,-1.0,-1.0,-1.0,-1.0,greedy,1
REQ-00048,100,10,51.77875781059265,0.6408939361572266,['mobilenet_v3_small'],agama,1.0,weighted_majority,37290.750915999524,True,n01687978,4.0,agama,,,,,,0.9999933242797852,-1.0,-1.0,-1.0,-1.0,-1.0,16.861026000270833,-1.0,-1.0,-1.0,-1.0,-1.0,greedy,1
REQ-00055,100,10,51.70106792449951,0.7252218723297119,['mobilenet_v3_small'],tailed_frog,1.0,weighted_majority,34798.55591699015,True,n01644900,4.0,tailed_frog,,,,,,0.8902130722999573,-1.0,-1.0,-1.0,-1.0,-1.0,16.004947751884725,-1.0,-1.0,-1.0,-1.0,-1.0,greedy,1
REQ-00052,100,10,51.73347306251526,0.7001478672027588,['mobilenet_v3_small'],banded_gecko,1.0,weighted_majority,36591.453000030015,True,n01675722,4.0,banded_gecko,,,,,,0.9987743496894836,-1.0,-1.0,-1.0,-1.0,-1.0,16.861026000270833,-1.0,-1.0,-1.0,-1.0,-1.0,greedy,1
REQ-00059,100,10,52.15737509727478,0.7791428565979004,['mobilenet_v3_small'],snail,1.0,weighted_majority,31578.94566701725,True,n01944390,4.0,snail,,,,,,0.9993649125099182,-1.0,-1.0,-1.0,-1.0,-1.0,25.492024726476384,-1.0,-1.0,-1.0,-1.0,-1.0,greedy,1
REQ-00063,100,10,54.87239480018616,0.8176639080047607,['mobilenet_v3_small'],common_iguana,1.0,weighted_majority,32452.644791977946,True,n01677366,4.0,common_iguana,,,,,,0.9923385381698608,-1.0,-1.0,-1.0,-1.0,-1.0,24.815444922509872,-1.0,-1.0,-1.0,-1.0,-1.0,greedy,1
REQ-00064,100,10,55.829559087753296,0.8340549468994141,['mobilenet_v3_small'],terrapin,1.0,weighted_majority,33074.07208299264,True,n01667778,4.0,terrapin,,,,,,0.710330605506897,-1.0,-1.0,-1.0,-1.0,-1.0,25.047080698374305,-1.0,-1.0,-1.0,-1.0,-1.0,greedy,1
REQ-00065,100,10,57.70319414138794,0.8717079162597656,['mobilenet_v3_small'],electric_ray,1.0,weighted_majority,34435.862082988024,True,n01496331,4.0,electric_ray,,,,,,0.9991971850395203,-1.0,-1.0,-1.0,-1.0,-1.0,25.047080698374305,-1.0,-1.0,-1.0,-1.0,-1.0,greedy,1
REQ-00066,100,10,58.74624276161194,0.882814884185791,['mobilenet_v3_small'],scorpion,1.0,weighted_majority,35244.23025001306,True,n01770393,4.0,scorpion,,,,,,0.9457848072052002,-1.0,-1.0,-1.0,-1.0,-1.0,25.047080698374305,-1.0,-1.0,-1.0,-1.0,-1.0,greedy,1
REQ-00057,100,10,60.255722999572754,0.7674009799957275,['mobilenet_v3_small'],scorpion,1.0,weighted_majority,40427.02691600425,True,n01770393,4.0,scorpion,,,,,,0.9974740147590637,-1.0,-1.0,-1.0,-1.0,-1.0,25.492024726476384,-1.0,-1.0,-1.0,-1.0,-1.0,greedy,1
REQ-00058,100,10,60.382386922836304,0.7731368541717529,['mobilenet_v3_small'],indigo_bunting,1.0,weighted_majority,40008.60025000293,True,n01537544,4.0,indigo_bunting,,,,,,0.999995231628418,-1.0,-1.0,-1.0,-1.0,-1.0,25.492024726476384,-1.0,-1.0,-1.0,-1.0,-1.0,greedy,1
REQ-00060,100,10,60.973944902420044,0.7847957611083984,['mobilenet_v3_small'],barn_spider,1.0,weighted_majority,39784.90837500431,True,n01773549,4.0,barn_spider,,,,,,0.891815721988678,-1.0,-1.0,-1.0,-1.0,-1.0,24.981084544649995,-1.0,-1.0,-1.0,-1.0,-1.0,greedy,1
REQ-00061,100,10,60.9813277721405,0.7951610088348389,['mobilenet_v3_small'],sea_anemone,1.0,weighted_majority,39446.88383297762,True,n01914609,4.0,sea_anemone,,,,,,0.9958547949790955,-1.0,-1.0,-1.0,-1.0,-1.0,24.981084544649995,-1.0,-1.0,-1.0,-1.0,-1.0,greedy,1
REQ-00062,100,10,60.98987102508545,0.807265043258667,['mobilenet_v3_small'],bald_eagle,1.0,weighted_majority,39229.87141599879,True,n01614925,4.0,bald_eagle,,,,,,0.9911038875579834,-1.0,-1.0,-1.0,-1.0,-1.0,24.47014436282361,-1.0,-1.0,-1.0,-1.0,-1.0,greedy,1
REQ-00068,100,10,63.655922174453735,0.9168739318847656,['mobilenet_v3_small'],boa_constrictor,1.0,weighted_majority,39776.52883401606,True,n01742172,4.0,boa_constrictor,,,,,,0.9900137186050415,-1.0,-1.0,-1.0,-1.0,-1.0,24.536140516547917,-1.0,-1.0,-1.0,-1.0,-1.0,greedy,1
REQ-00076,100,10,64.57203674316406,0.9950048923492432,['mobilenet_v3_small'],black_widow,1.0,weighted_majority,38395.22229199065,True,n01774384,4.0,black_widow,,,,,,0.997747004032135,-1.0,-1.0,-1.0,-1.0,-1.0,23.51426015289514,-1.0,-1.0,-1.0,-1.0,-1.0,greedy,1
REQ-00078,100,10,65.56069016456604,1.0253469944000244,['mobilenet_v3_small'],goldfish,1.0,weighted_majority,39162.52916702069,True,n01443537,4.0,goldfish,,,,,,0.5864282250404358,-1.0,-1.0,-1.0,-1.0,-1.0,23.51426015289514,-1.0,-1.0,-1.0,-1.0,-1.0,greedy,1
REQ-00079,100,10,66.5601761341095,1.0628149509429932,['mobilenet_v3_small'],water_ouzel,1.0,weighted_majority,40042.35674999654,True,n01601694,4.0,water_ouzel,,,,,,0.9851287603378296,-1.0,-1.0,-1.0,-1.0,-1.0,23.003319971068752,-1.0,-1.0,-1.0,-1.0,-1.0,greedy,1
REQ-00082,100,10,67.54026198387146,1.082826852798462,['mobilenet_v3_small'],horned_viper,1.0,weighted_majority,40607.33958298806,True,n01753488,4.0,horned_viper,,,,,,0.8036612272262573,-1.0,-1.0,-1.0,-1.0,-1.0,23.003319971068752,-1.0,-1.0,-1.0,-1.0,-1.0,greedy,1
REQ-00071,100,10,69.35233116149902,0.948469877243042,['mobilenet_v3_small'],green_snake,1.0,weighted_majority,44559.05741697643,True,n01729977,4.0,green_snake,,,,,,0.5763334035873413,-1.0,-1.0,-1.0,-1.0,-1.0,24.02520033472153,-1.0,-1.0,-1.0,-1.0,-1.0,greedy,1
REQ-00083,100,10,69.48697686195374,1.090108871459961,['mobilenet_v3_small'],bulbul,1.0,weighted_majority,42095.19150003325,True,n01560419,4.0,bulbul,,,,,,0.9996854066848755,-1.0,-1.0,-1.0,-1.0,-1.0,22.492379789242364,-1.0,-1.0,-1.0,-1.0,-1.0,greedy,1
REQ-00069,100,10,69.73019695281982,0.9223847389221191,['mobilenet_v3_small'],black_widow,1.0,weighted_majority,45698.22729105363,True,n01774384,4.0,black_widow,,,,,,0.9993892908096313,-1.0,-1.0,-1.0,-1.0,-1.0,24.536140516547917,-1.0,-1.0,-1.0,-1.0,-1.0,greedy,1
REQ-00073,100,10,69.93089580535889,0.9634387493133545,['mobilenet_v3_small'],american_coot,1.0,weighted_majority,44574.6582080028,True,n02018207,4.0,american_coot,,,,,,0.997689962387085,-1.0,-1.0,-1.0,-1.0,-1.0,24.02520033472153,-1.0,-1.0,-1.0,-1.0,-1.0,greedy,1
REQ-00074,100,10,69.98063397407532,0.9694499969482422,['mobilenet_v3_small'],great_white_shark,1.0,weighted_majority,44027.806625002995,True,n01484850,4.0,great_white_shark,,,,,,0.9514191150665283,-1.0,-1.0,-1.0,-1.0,-1.0,23.51426015289514,-1.0,-1.0,-1.0,-1.0,-1.0,greedy,1
REQ-00077,100,10,69.98798179626465,1.0200707912445068,['mobilenet_v3_small'],tick,1.0,weighted_majority,43707.16845901916,True,n01776313,4.0,tick,,,,,,0.2542289197444916,-1.0,-1.0,-1.0,-1.0,-1.0,23.51426015289514,-1.0,-1.0,-1.0,-1.0,-1.0,greedy,1
REQ-00086,100,10,70.48007988929749,1.1139719486236572,['mobilenet_v3_small'],tailed_frog,1.0,weighted_majority,41849.87299999921,True,n01644900,4.0,tailed_frog,,,,,,0.9626188278198242,-1.0,-1.0,-1.0,-1.0,-1.0,21.98143960741598,-1.0,-1.0,-1.0,-1.0,-1.0,greedy,1
REQ-00095,100,10,71.3236141204834,1.258786916732788,['mobilenet_v3_small'],stingray,1.0,weighted_majority,40984.7638750216,True,n01498041,4.0,stingray,,,,,,0.9828170537948608,-1.0,-1.0,-1.0,-1.0,-1.0,21.47049942558959,-1.0,-1.0,-1.0,-1.0,-1.0,greedy,1
REQ-00098,100,10,73.31661486625671,1.3193068504333496,['mobilenet_v3_small'],wallaby,1.0,weighted_majority,42866.88074999256,True,n01877812,4.0,wallaby,,,,,,0.9072348475456238,-1.0,-1.0,-1.0,-1.0,-1.0,21.47049942558959,-1.0,-1.0,-1.0,-1.0,-1.0,greedy,1
REQ-00099,100,10,74.26207399368286,1.325908899307251,['mobilenet_v3_small'],goldfish,1.0,weighted_majority,43666.500042018015,True,n01443537,4.0,goldfish,,,,,,0.9978172779083252,-1.0,-1.0,-1.0,-1.0,-1.0,21.47049942558959,-1.0,-1.0,-1.0,-1.0,-1.0,greedy,1
REQ-00100,100,10,75.31549096107483,1.338822841644287,['mobilenet_v3_small'],garter_snake,1.0,weighted_majority,44537.38658298971,True,n01735189,4.0,garter_snake,,,,,,0.9989109039306641,-1.0,-1.0,-1.0,-1.0,-1.0,21.47049942558959,-1.0,-1.0,-1.0,-1.0,-1.0,greedy,1
REQ-00103,100,10,76.20723509788513,1.370521068572998,['mobilenet_v3_small'],american_coot,1.0,weighted_majority,44809.08187502064,True,n02018207,4.0,american_coot,,,,,,0.5869942307472229,-1.0,-1.0,-1.0,-1.0,-1.0,18.87434798764098,-1.0,-1.0,-1.0,-1.0,-1.0,greedy,1
REQ-00104,100,10,77.22693395614624,1.376145839691162,['mobilenet_v3_small'],thunder_snake,1.0,weighted_majority,44794.37629203312,True,n01728572,4.0,thunder_snake,,,,,,0.8781326413154602,-1.0,-1.0,-1.0,-1.0,-1.0,18.349590962875702,-1.0,-1.0,-1.0,-1.0,-1.0,greedy,1
REQ-00106,100,10,78.16405820846558,1.4132027626037598,['mobilenet_v3_small'],kite,1.0,weighted_majority,45340.59125004569,True,n01614925,4.0,kite,,,,,,0.7781842947006226,-1.0,-1.0,-1.0,-1.0,-1.0,18.349590962875702,-1.0,-1.0,-1.0,-1.0,-1.0,greedy,1
REQ-00084,100,10,78.7559278011322,1.0960559844970703,['mobilenet_v3_small'],chickadee,1.0,weighted_majority,50904.87575001316,True,n01592084,4.0,chickadee,,,,,,0.949433445930481,-1.0,-1.0,-1.0,-1.0,-1.0,22.492379789242364,-1.0,-1.0,-1.0,-1.0,-1.0,greedy,1
REQ-00088,100,10,78.91627168655396,1.12947678565979,['mobilenet_v3_small'],tray,1.0,weighted_majority,50131.562584021594,True,n01675722,4.0,tray,,,,,,0.22270239889621735,-1.0,-1.0,-1.0,-1.0,-1.0,21.98143960741598,-1.0,-1.0,-1.0,-1.0,-1.0,greedy,1
REQ-00089,100,10,79.1462471485138,1.1339969635009766,['mobilenet_v3_small'],red-backed_sandpiper,1.0,weighted_majority,50228.51733403513,True,n02027492,4.0,red-backed_sandpiper,,,,,,0.5159693360328674,-1.0,-1.0,-1.0,-1.0,-1.0,21.98143960741598,-1.0,-1.0,-1.0,-1.0,-1.0,greedy,1
REQ-00107,100,10,79.17717981338501,1.4206767082214355,['mobilenet_v3_small'],conch,1.0,weighted_majority,46195.36870799493,True,n01943899,4.0,conch,,,,,,0.9195926785469055,-1.0,-1.0,-1.0,-1.0,-1.0,18.349590962875702,-1.0,-1.0,-1.0,-1.0,-1.0,greedy,1
REQ-00092,100,10,79.37575602531433,1.2391538619995117,['mobilenet_v3_small'],dungeness_crab,1.0,weighted_majority,50021.964250016026,True,n01978287,4.0,dungeness_crab,,,,,,0.9982355833053589,-1.0,-1.0,-1.0,-1.0,-1.0,21.47049942558959,-1.0,-1.0,-1.0,-1.0,-1.0,greedy,1
REQ-00094,100,10,79.4437928199768,1.2531788349151611,['mobilenet_v3_small'],barn_spider,1.0,weighted_majority,49290.53141595796,True,n01773549,4.0,barn_spider,,,,,,0.776017427444458,-1.0,-1.0,-1.0,-1.0,-1.0,21.47049942558959,-1.0,-1.0,-1.0,-1.0,-1.0,greedy,1
REQ-00113,100,10,80.03424191474915,1.5433080196380615,['mobilenet_v3_small'],scorpion,1.0,weighted_majority,45879.22249996336,True,n01770393,4.0,scorpion,,,,,,0.99997878074646,-1.0,-1.0,-1.0,-1.0,-1.0,17.824833938110427,-1.0,-1.0,-1.0,-1.0,-1.0,greedy,1
REQ-00122,100,10,80.94997096061707,1.6272659301757812,['mobilenet_v3_small'],tick,1.0,weighted_majority,45308.87362500653,True,n01776313,4.0,tick,,,,,,0.999603807926178,-1.0,-1.0,-1.0,-1.0,-1.0,17.300076913345148,-1.0,-1.0,-1.0,-1.0,-1.0,greedy,1
REQ-00120,100,10,81.96302390098572,1.6147887706756592,['mobilenet_v3_small'],sea_slug,1.0,weighted_majority,46686.06737500522,True,n01950731,4.0,sea_slug,,,,,,0.6216988563537598,-1.0,-1.0,-1.0,-1.0,-1.0,17.300076913345148,-1.0,-1.0,-1.0,-1.0,-1.0,greedy,1
REQ-00119,100,10,82.96454191207886,1.6081647872924805,['mobilenet_v3_small'],jellyfish,1.0,weighted_majority,47818.99362499826,True,n01910747,4.0,jellyfish,,,,,,0.8925906419754028,-1.0,-1.0,-1.0,-1.0,-1.0,17.300076913345148,-1.0,-1.0,-1.0,-1.0,-1.0,greedy,1
REQ-00123,100,10,86.13995885848999,1.6327507495880127,['mobilenet_v3_small'],lakeside,1.0,weighted_majority,50341.86608402524,True,n01755581,4.0,lakeside,,,,,,0.32085421681404114,-1.0,-1.0,-1.0,-1.0,-1.0,17.300076913345148,-1.0,-1.0,-1.0,-1.0,-1.0,greedy,1
REQ-00124,100,10,87.25840592384338,1.6383700370788574,['mobilenet_v3_small'],common_newt,1.0,weighted_majority,51239.527542027645,True,n01630670,4.0,common_newt,,,,,,0.302126944065094,-1.0,-1.0,-1.0,-1.0,-1.0,16.775319888579872,-1.0,-1.0,-1.0,-1.0,-1.0,greedy,1
REQ-00115,100,10,87.52643203735352,1.5698649883270264,['mobilenet_v3_small'],komodo_dragon,1.0,weighted_majority,52886.66358398041,True,n01695060,4.0,komodo_dragon,,,,,,0.9999003410339355,-1.0,-1.0,-1.0,-1.0,-1.0,17.824833938110427,-1.0,-1.0,-1.0,-1.0,-1.0,greedy,1
REQ-00109,100,10,87.9046368598938,1.4432568550109863,['mobilenet_v3_small'],stingray,1.0,weighted_majority,54654.8915830208,True,n01498041,4.0,stingray,,,,,,0.9715346097946167,-1.0,-1.0,-1.0,-1.0,-1.0,18.349590962875702,-1.0,-1.0,-1.0,-1.0,-1.0,greedy,1
REQ-00126,100,10,88.07523083686829,1.6535899639129639,['mobilenet_v3_small'],dowitcher,1.0,weighted_majority,51821.6712079593,True,n02027492,4.0,dowitcher,,,,,,0.6049166321754456,-1.0,-1.0,-1.0,-1.0,-1.0,16.775319888579872,-1.0,-1.0,-1.0,-1.0,-1.0,greedy,1
REQ-00110,100,10,88.28913426399231,1.4693207740783691,['mobilenet_v3_small'],limpkin,1.0,weighted_majority,54944.185915985145,True,n02013706,4.0,limpkin,,,,,,0.9699037075042725,-1.0,-1.0,-1.0,-1.0,-1.0,18.349590962875702,-1.0,-1.0,-1.0,-1.0,-1.0,greedy,1
REQ-00112,100,10,88.51067972183228,1.522385835647583,['mobilenet_v3_small'],jellyfish,1.0,weighted_majority,54633.88633396244,True,n01910747,4.0,jellyfish,,,,,,0.9990806579589844,-1.0,-1.0,-1.0,-1.0,-1.0,18.349590962875702,-1.0,-1.0,-1.0,-1.0,-1.0,greedy,1
REQ-00117,100,10,88.54890418052673,1.5838539600372314,['mobilenet_v3_small'],mud_turtle,1.0,weighted_majority,53601.85995802749,True,n01667114,4.0,mud_turtle,,,,,,0.941690981388092,-1.0,-1.0,-1.0,-1.0,-1.0,17.300076913345148,-1.0,-1.0,-1.0,-1.0,-1.0,greedy,1
REQ-00130,100,10,90.02007818222046,1.6974778175354004,['mobilenet_v3_small'],sandbar,1.0,weighted_majority,52654.2826659861,True,n01665541,4.0,sandbar,,,,,,0.38301753997802734,-1.0,-1.0,-1.0,-1.0,-1.0,16.250562863814594,-1.0,-1.0,-1.0,-1.0,-1.0,greedy,1
REQ-00134,100,10,90.91949605941772,1.7295470237731934,['mobilenet_v3_small'],macaw,1.0,weighted_majority,52955.51591605181,True,n01818515,4.0,macaw,,,,,,0.9999991655349731,-1.0,-1.0,-1.0,-1.0,-1.0,15.725805839049315,-1.0,-1.0,-1.0,-1.0,-1.0,greedy,1
REQ-00137,100,10,91.89603877067566,1.7877581119537354,['mobilenet_v3_small'],leatherback_turtle,1.0,weighted_majority,53634.11729200743,True,n01665541,4.0,leatherback_turtle,,,,,,0.9342239499092102,-1.0,-1.0,-1.0,-1.0,-1.0,15.725805839049315,-1.0,-1.0,-1.0,-1.0,-1.0,greedy,1
REQ-00127,100,10,92.03774428367615,1.6594688892364502,['mobilenet_v3_small'],green_mamba,1.0,weighted_majority,55387.3913330026,True,n01749939,4.0,green_mamba,,,,,,0.6336936950683594,-1.0,-1.0,-1.0,-1.0,-1.0,16.775319888579872,-1.0,-1.0,-1.0,-1.0,-1.0,greedy,1
REQ-00138,100,10,92.97098588943481,1.7986259460449219,['mobilenet_v3_small'],goldfish,1.0,weighted_majority,54479.059708013665,True,n01443537,4.0,goldfish,,,,,,0.991830050945282,-1.0,-1.0,-1.0,-1.0,-1.0,15.725805839049315,-1.0,-1.0,-1.0,-1.0,-1.0,greedy,1
REQ-00143,100,10,94.92369508743286,1.8650538921356201,['mobilenet_v3_small'],limpkin,1.0,weighted_majority,56111.379333015066,True,n02013706,4.0,limpkin,,,,,,0.9999897480010986,-1.0,-1.0,-1.0,-1.0,-1.0,15.725805839049318,-1.0,-1.0,-1.0,-1.0,-1.0,greedy,1
REQ-00144,100,10,95.88789200782776,1.8712239265441895,['mobilenet_v3_small'],terrapin,1.0,weighted_majority,56886.47312502144,True,n01667778,4.0,terrapin,,,,,,0.9099173545837402,-1.0,-1.0,-1.0,-1.0,-1.0,15.725805839049318,-1.0,-1.0,-1.0,-1.0,-1.0,greedy,1
REQ-00147,100,10,96.80126309394836,1.8985748291015625,['mobilenet_v3_small'],goldfish,1.0,weighted_majority,57578.61312502064,True,n01443537,4.0,goldfish,,,,,,0.7679425477981567,-1.0,-1.0,-1.0,-1.0,-1.0,15.725805839049318,-1.0,-1.0,-1.0,-1.0,-1.0,greedy,1
REQ-00128,100,10,97.05408000946045,1.6673688888549805,['mobilenet_v3_small'],goldfinch,1.0,weighted_majority,60010.11162501527,True,n01531178,4.0,goldfinch,,,,,,0.9993324875831604,-1.0,-1.0,-1.0,-1.0,-1.0,16.250562863814594,-1.0,-1.0,-1.0,-1.0,-1.0,greedy,1
REQ-00132,100,10,97.24792909622192,1.7209100723266602,['mobilenet_v3_small'],flamingo,1.0,weighted_majority,59613.95879200427,True,n02007558,4.0,flamingo,,,,,,0.9967904686927795,-1.0,-1.0,-1.0,-1.0,-1.0,16.250562863814594,-1.0,-1.0,-1.0,-1.0,-1.0,greedy,1
REQ-00131,100,10,97.44337511062622,1.7094388008117676,['mobilenet_v3_small'],great_white_shark,1.0,weighted_majority,59937.16949998634,True,n01484850,4.0,great_white_shark,,,,,,0.8006598949432373,-1.0,-1.0,-1.0,-1.0,-1.0,16.250562863814594,-1.0,-1.0,-1.0,-1.0,-1.0,greedy,1
REQ-00133,100,10,98.03102684020996,1.7261250019073486,['mobilenet_v3_small'],indian_cobra,1.0,weighted_majority,60285.64487496624,True,n01729322,4.0,indian_cobra,,,,,,0.32637786865234375,-1.0,-1.0,-1.0,-1.0,-1.0,16.250562863814594,-1.0,-1.0,-1.0,-1.0,-1.0,greedy,1
REQ-00148,100,10,99.74590992927551,1.9103138446807861,['mobilenet_v3_small'],night_snake,1.0,weighted_majority,60028.42225000495,True,n01729322,4.0,night_snake,,,,,,0.35672199726104736,-1.0,-1.0,-1.0,-1.0,-1.0,15.725805839049318,-1.0,-1.0,-1.0,-1.0,-1.0,greedy,1
REQ-00153,100,10,100.73010993003845,1.9572479724884033,['mobilenet_v3_small'],boa_constrictor,1.0,weighted_majority,58581.26649999758,True,n01742172,4.0,boa_constrictor,,,,,,0.6447373032569885,-1.0,-1.0,-1.0,-1.0,-1.0,15.725805839049341,-1.0,-1.0,-1.0,-1.0,-1.0,greedy,1
REQ-00142,100,10,101.093416929245,1.8280010223388672,['mobilenet_v3_small'],jellyfish,1.0,weighted_majority,62345.60291696107,True,n01910747,4.0,jellyfish,,,,,,0.5782628059387207,-1.0,-1.0,-1.0,-1.0,-1.0,15.725805839049318,-1.0,-1.0,-1.0,-1.0,-1.0,greedy,1
REQ-00154,100,10,101.72114491462708,1.96781587600708,['mobilenet_v3_small'],chickadee,1.0,weighted_majority,59409.4411249971,True,n01592084,4.0,chickadee,,,,,,0.9897867441177368,-1.0,-1.0,-1.0,-1.0,-1.0,15.725805839049341,-1.0,-1.0,-1.0,-1.0,-1.0,greedy,1
REQ-00156,100,10,102.66162896156311,1.985508680343628,['mobilenet_v3_small'],green_lizard,1.0,weighted_majority,59818.10654205037,True,n01693334,4.0,green_lizard,,,,,,0.5796975493431091,-1.0,-1.0,-1.0,-1.0,-1.0,15.725805839049354,-1.0,-1.0,-1.0,-1.0,-1.0,greedy,1
REQ-00157,100,10,103.70378708839417,1.9935417175292969,['mobilenet_v3_small'],hornbill,1.0,weighted_majority,60775.355291960295,True,n01829413,4.0,hornbill,,,,,,0.595729649066925,-1.0,-1.0,-1.0,-1.0,-1.0,15.725805839049354,-1.0,-1.0,-1.0,-1.0,-1.0,greedy,1
REQ-00067,100,10,105.7140007019043,0.9056670665740967,['mobilenet_v3_small'],crane,1.0,weighted_majority,82074.19737504097,True,n02012849,4.0,crane,,,,,,0.9953070282936096,-1.0,-1.0,-1.0,-1.0,-1.0,24.536140516547917,-1.0,-1.0,-1.0,-1.0,-1.0,greedy,1
REQ-00070,100,10,106.71093368530273,0.9299838542938232,['mobilenet_v3_small'],water_snake,1.0,weighted_majority,82400.90708300704,True,n01735189,4.0,water_snake,,,,,,0.41517263650894165,-1.0,-1.0,-1.0,-1.0,-1.0,24.536140516547917,-1.0,-1.0,-1.0,-1.0,-1.0,greedy,1
REQ-00149,100,10,106.02027225494385,1.9251298904418945,['mobilenet_v3_small'],spoonbill,1.0,weighted_majority,66021.01495797979,True,n02006656,4.0,spoonbill,,,,,,0.5031505823135376,-1.0,-1.0,-1.0,-1.0,-1.0,15.725805839049318,-1.0,-1.0,-1.0,-1.0,-1.0,greedy,1
REQ-00150,100,10,106.32177925109863,1.9334259033203125,['mobilenet_v3_small'],loggerhead,1.0,weighted_majority,66065.16070797807,True,n01664065,4.0,loggerhead,,,,,,0.9614943265914917,-1.0,-1.0,-1.0,-1.0,-1.0,15.725805839049322,-1.0,-1.0,-1.0,-1.0,-1.0,greedy,1
REQ-00075,100,10,107.68197703361511,0.9832429885864258,['mobilenet_v3_small'],albatross,1.0,weighted_majority,81598.72954100138,True,n02058221,4.0,albatross,,,,,,0.9999971389770508,-1.0,-1.0,-1.0,-1.0,-1.0,23.51426015289514,-1.0,-1.0,-1.0,-1.0,-1.0,greedy,1
REQ-00151,100,10,106.80234003067017,1.939608097076416,['mobilenet_v3_small'],night_snake,1.0,weighted_majority,66215.22187499795,True,n01740131,4.0,night_snake,,,,,,0.9552862048149109,-1.0,-1.0,-1.0,-1.0,-1.0,15.725805839049334,-1.0,-1.0,-1.0,-1.0,-1.0,greedy,1
REQ-00152,100,10,107.12595701217651,1.9454889297485352,['mobilenet_v3_small'],agama,1.0,weighted_majority,66251.50258297799,True,n01687978,4.0,agama,,,,,,0.999739944934845,-1.0,-1.0,-1.0,-1.0,-1.0,15.725805839049341,-1.0,-1.0,-1.0,-1.0,-1.0,greedy,1
REQ-00091,100,10,108.4914038181305,1.200767993927002,['mobilenet_v3_small'],sea_lion,1.0,weighted_majority,79433.80958301714,True,n02077923,4.0,sea_lion,,,,,,0.9859319925308228,-1.0,-1.0,-1.0,-1.0,-1.0,21.98143960741598,-1.0,-1.0,-1.0,-1.0,-1.0,greedy,1
REQ-00105,100,10,109.20955014228821,1.4010250568389893,['mobilenet_v3_small'],sandbar,1.0,weighted_majority,76534.25287496066,True,n01877812,4.0,sandbar,,,,,,0.1854114830493927,-1.0,-1.0,-1.0,-1.0,-1.0,18.349590962875702,-1.0,-1.0,-1.0,-1.0,-1.0,greedy,1
REQ-00108,100,10,110.1990168094635,1.4292688369750977,['mobilenet_v3_small'],boa_constrictor,1.0,weighted_majority,77032.58512500906,True,n01742172,4.0,boa_constrictor,,,,,,0.8541232943534851,-1.0,-1.0,-1.0,-1.0,-1.0,18.349590962875702,-1.0,-1.0,-1.0,-1.0,-1.0,greedy,1
REQ-00155,100,10,110.15258526802063,1.9799668788909912,['mobilenet_v3_small'],sea_slug,1.0,weighted_majority,67621.24929198762,True,n01950731,4.0,sea_slug,,,,,,0.6613181829452515,-1.0,-1.0,-1.0,-1.0,-1.0,15.725805839049354,-1.0,-1.0,-1.0,-1.0,-1.0,greedy,1
REQ-00111,100,10,111.06567192077637,1.5032079219818115,['mobilenet_v3_small'],hognose_snake,1.0,weighted_majority,77615.23983400548,True,n01729322,4.0,hognose_snake,,,,,,0.5819762349128723,-1.0,-1.0,-1.0,-1.0,-1.0,18.349590962875702,-1.0,-1.0,-1.0,-1.0,-1.0,greedy,1
REQ-00114,100,10,112.00949311256409,1.5601530075073242,['mobilenet_v3_small'],pelican,1.0,weighted_majority,77527.00408402598,True,n02051845,4.0,pelican,,,,,,0.9963381290435791,-1.0,-1.0,-1.0,-1.0,-1.0,17.824833938110427,-1.0,-1.0,-1.0,-1.0,-1.0,greedy,1
REQ-00118,100,10,113.02862167358398,1.5895318984985352,['mobilenet_v3_small'],black_and_gold_garden_spider,1.0,weighted_majority,78000.64070802182,True,n01773797,4.0,black_and_gold_garden_spider,,,,,,0.5786339044570923,-1.0,-1.0,-1.0,-1.0,-1.0,17.300076913345148,-1.0,-1.0,-1.0,-1.0,-1.0,greedy,1
REQ-00125,100,10,115.11290907859802,1.6434998512268066,['mobilenet_v3_small'],limpkin,1.0,weighted_majority,78959.96079203906,True,n02013706,4.0,limpkin,,,,,,0.9998321533203125,-1.0,-1.0,-1.0,-1.0,-1.0,16.775319888579872,-1.0,-1.0,-1.0,-1.0,-1.0,greedy,1
REQ-00093,100,10,116.02210688591003,1.2472939491271973,['mobilenet_v3_small'],goose,1.0,weighted_majority,86285.17112502595,True,n02018207,4.0,goose,,,,,,0.4096509516239166,-1.0,-1.0,-1.0,-1.0,-1.0,21.47049942558959,-1.0,-1.0,-1.0,-1.0,-1.0,greedy,1
REQ-00049,100,10,117.01790690422058,0.6559088230133057,['mobilenet_v3_small'],spotted_salamander,1.0,weighted_majority,72605.45100003947,True,n01632458,4.0,spotted_salamander,,,,,,0.9612393379211426,-1.0,-1.0,-1.0,-1.0,-1.0,15.725805839049354,-1.0,-1.0,-1.0,-1.0,-1.0,greedy,1
REQ-00081,100,10,116.61189389228821,1.0773298740386963,['mobilenet_v3_small'],agama,1.0,weighted_majority,89880.997958011,True,n01687978,4.0,agama,,,,,,0.9195375442504883,-1.0,-1.0,-1.0,-1.0,-1.0,23.003319971068752,-1.0,-1.0,-1.0,-1.0,-1.0,greedy,1
REQ-00085,100,10,116.6610221862793,1.101780891418457,['mobilenet_v3_small'],magpie,1.0,weighted_majority,88445.04095800221,True,n01582220,4.0,magpie,,,,,,0.9945250749588013,-1.0,-1.0,-1.0,-1.0,-1.0,22.492379789242364,-1.0,-1.0,-1.0,-1.0,-1.0,greedy,1
REQ-00072,100,10,117.74434399604797,0.9539198875427246,['mobilenet_v3_small'],terrapin,1.0,weighted_majority,73380.44379098574,True,n01667114,4.0,terrapin,,,,,,0.7176045775413513,-1.0,-1.0,-1.0,-1.0,-1.0,24.621317904195493,-1.0,-1.0,-1.0,-1.0,-1.0,greedy,1
REQ-00101,100,10,117.35828304290771,1.3501417636871338,['mobilenet_v3_small'],magpie,1.0,weighted_majority,86381.01200002711,True,n01582220,4.0,magpie,,,,,,0.9994192123413086,-1.0,-1.0,-1.0,-1.0,-1.0,21.47049942558959,-1.0,-1.0,-1.0,-1.0,-1.0,greedy,1
REQ-00097,100,10,118.30728101730347,1.3034999370574951,['mobilenet_v3_small'],hognose_snake,1.0,weighted_majority,71623.18270799005,True,n01729322,4.0,hognose_snake,,,,,,0.5732035636901855,-1.0,-1.0,-1.0,-1.0,-1.0,42.693034192771925,-1.0,-1.0,-1.0,-1.0,-1.0,greedy,1
REQ-00135,100,10,119.83457493782043,1.7381150722503662,['mobilenet_v3_small'],cricket,1.0,weighted_majority,72396.27733296948,True,n01775062,4.0,cricket,,,,,,0.7405659556388855,-1.0,-1.0,-1.0,-1.0,-1.0,50.811271914717125,-1.0,-1.0,-1.0,-1.0,-1.0,greedy,1
REQ-00116,100,10,120.66370415687561,1.5782749652862549,['mobilenet_v3_small'],wolf_spider,1.0,weighted_majority,85798.24391601142,True,n01775062,4.0,wolf_spider,,,,,,0.5468343496322632,-1.0,-1.0,-1.0,-1.0,-1.0,17.824833938110427,-1.0,-1.0,-1.0,-1.0,-1.0,greedy,1
REQ-00139,100,10,120.77475500106812,1.8038249015808105,['mobilenet_v3_small'],great_grey_owl,1.0,weighted_majority,72281.91254200647,True,n01622779,4.0,great_grey_owl,,,,,,0.999997615814209,-1.0,-1.0,-1.0,-1.0,-1.0,58.929509636662324,-1.0,-1.0,-1.0,-1.0,-1.0,greedy,1
REQ-00146,100,10,121.72040390968323,1.8892929553985596,['mobilenet_v3_small'],green_snake,1.0,weighted_majority,71457.69750000909,True,n01729977,4.0,green_snake,,,,,,0.6360035538673401,-1.0,-1.0,-1.0,-1.0,-1.0,73.07259194946128,-1.0,-1.0,-1.0,-1.0,-1.0,greedy,1
REQ-00129,100,10,122.95586156845093,1.6760239601135254,['mobilenet_v3_small'],night_snake,1.0,weighted_majority,75871.6970840469,True,n01740131,4.0,night_snake,,,,,,0.6590029001235962,-1.0,-1.0,-1.0,-1.0,-1.0,47.668364734095135,-1.0,-1.0,-1.0,-1.0,-1.0,greedy,1
REQ-00136,100,10,123.97642517089844,1.7699198722839355,['mobilenet_v3_small'],sea_snake,1.0,weighted_majority,76015.74479200644,True,n01751748,4.0,sea_snake,,,,,,0.44690582156181335,-1.0,-1.0,-1.0,-1.0,-1.0,53.429422070573835,-1.0,-1.0,-1.0,-1.0,-1.0,greedy,1
REQ-00145,100,10,124.71302008628845,1.8802647590637207,['mobilenet_v3_small'],peacock,1.0,weighted_majority,74819.38512501074,True,n01806143,4.0,peacock,,,,,,0.9421746730804443,-1.0,-1.0,-1.0,-1.0,-1.0,69.9296847688393,-1.0,-1.0,-1.0,-1.0,-1.0,greedy,1
REQ-00121,100,10,125.34978985786438,1.6216340065002441,['mobilenet_v3_small'],garden_spider,1.0,weighted_majority,89945.35925000673,True,n01773797,4.0,garden_spider,,,,,,0.4491969347000122,-1.0,-1.0,-1.0,-1.0,-1.0,17.300076913345148,-1.0,-1.0,-1.0,-1.0,-1.0,greedy,1
REQ-00080,100,10,126.11312508583069,1.0690348148345947,['mobilenet_v3_small'],axolotl,1.0,weighted_majority,80910.56099999696,True,n01632777,4.0,axolotl,,,,,,0.9999980926513672,-1.0,-1.0,-1.0,-1.0,-1.0,27.76422508481748,-1.0,-1.0,-1.0,-1.0,-1.0,greedy,1
REQ-00090,100,10,126.39627814292908,1.1724939346313477,['mobilenet_v3_small'],anemone_fish,1.0,weighted_majority,79743.20095800795,True,n01914609,4.0,anemone_fish,,,,,,0.8685654997825623,-1.0,-1.0,-1.0,-1.0,-1.0,41.90730739761643,-1.0,-1.0,-1.0,-1.0,-1.0,greedy,1
REQ-00087,100,10,126.49763894081116,1.1240339279174805,['mobilenet_v3_small'],sea_anemone,1.0,weighted_majority,80747.8324159747,True,n01914609,4.0,sea_anemone,,,,,,0.6778428554534912,-1.0,-1.0,-1.0,-1.0,-1.0,41.90730739761643,-1.0,-1.0,-1.0,-1.0,-1.0,greedy,1
REQ-00140,100,10,125.81409025192261,1.811621904373169,['mobilenet_v3_small'],american_alligator,1.0,weighted_majority,76754.40283399075,True,n01698640,4.0,american_alligator,,,,,,0.8942796587944031,-1.0,-1.0,-1.0,-1.0,-1.0,62.072416817284314,-1.0,-1.0,-1.0,-1.0,-1.0,greedy,1
REQ-00102,100,10,126.53050208091736,1.3562119007110596,['mobilenet_v3_small'],albatross,1.0,weighted_majority,79430.72854197817,True,n02058221,4.0,albatross,,,,,,0.9986352324485779,-1.0,-1.0,-1.0,-1.0,-1.0,47.40739496370492,-1.0,-1.0,-1.0,-1.0,-1.0,greedy,1
REQ-00034,100,10,128.0908498764038,0.4746527671813965,['mobilenet_v3_small'],hip,1.0,weighted_majority,75621.78191600833,True,n01773797,4.0,hip,,,,,,0.6365416049957275,-1.0,-1.0,-1.0,-1.0,-1.0,76.21549913008327,-1.0,-1.0,-1.0,-1.0,-1.0,greedy,1
REQ-00141,100,10,129.0613498687744,1.8198328018188477,['mobilenet_v3_small'],crayfish,1.0,weighted_majority,79503.55087500066,True,n01985128,4.0,crayfish,,,,,,0.978076696395874,-1.0,-1.0,-1.0,-1.0,-1.0,64.42959720275081,-1.0,-1.0,-1.0,-1.0,-1.0,greedy,1
REQ-00096,100,10,129.59367418289185,1.2918498516082764,['mobilenet_v3_small'],diamondback,1.0,weighted_majority,78507.27808300871,True,n01755581,4.0,diamondback,,,,,,0.7110211849212646,-1.0,-1.0,-1.0,-1.0,-1.0,73.85831874461678,-1.0,-1.0,-1.0,-1.0,-1.0,greedy,1

REQ-00000,100,10,4.063822269439697,3.0994415283203125e-06,['mobilenet_v3_small'],magpie,1.0,weighted_majority,4028.510666976217,True,n01582220,4.0,magpie,,,,,,0.6018891334533691,-1.0,-1.0,-1.0,-1.0,-1.0,0.05195719147392719,-1.0,-1.0,-1.0,-1.0,-1.0,greedy,1
REQ-00002,100,10,4.042904853820801,0.02189803123474121,['mobilenet_v3_small'],sea_slug,1.0,weighted_majority,3805.807165976148,True,n01950731,4.0,sea_slug,,,,,,0.8971109390258789,-1.0,-1.0,-1.0,-1.0,-1.0,0.05195719147392719,-1.0,-1.0,-1.0,-1.0,-1.0,greedy,1
REQ-00001,100,10,4.0572309494018555,0.013000011444091797,['mobilenet_v3_small'],prairie_chicken,1.0,weighted_majority,3911.8632079917006,True,n01798484,4.0,prairie_chicken,,,,,,0.3360106348991394,-1.0,-1.0,-1.0,-1.0,-1.0,0.05195719147392719,-1.0,-1.0,-1.0,-1.0,-1.0,greedy,1
REQ-00006,100,10,16.054203987121582,0.0987708568572998,['mobilenet_v3_small'],tick,1.0,weighted_majority,15301.470000005793,True,n01776313,4.0,tick,,,,,,0.9998663663864136,-1.0,-1.0,-1.0,-1.0,-1.0,0.051759972326534474,-1.0,-1.0,-1.0,-1.0,-1.0,greedy,1
REQ-00003,100,10,16.10344886779785,0.05394291877746582,['mobilenet_v3_small'],dungeness_crab,1.0,weighted_majority,15782.748958969023,True,n01978287,4.0,dungeness_crab,,,,,,0.9205788373947144,-1.0,-1.0,-1.0,-1.0,-1.0,0.05195719147392719,-1.0,-1.0,-1.0,-1.0,-1.0,greedy,1
REQ-00005,100,10,16.0698561668396,0.0901949405670166,['mobilenet_v3_small'],garden_spider,1.0,weighted_majority,15400.029666023329,True,n01773797,4.0,garden_spider,,,,,,0.9565814137458801,-1.0,-1.0,-1.0,-1.0,-1.0,0.051759972326534474,-1.0,-1.0,-1.0,-1.0,-1.0,greedy,1
REQ-00008,100,10,16.04721999168396,0.11617684364318848,['mobilenet_v3_small'],toucan,1.0,weighted_majority,15074.863500020001,True,n01843383,4.0,toucan,,,,,,0.5352208614349365,-1.0,-1.0,-1.0,-1.0,-1.0,0.051759972326534474,-1.0,-1.0,-1.0,-1.0,-1.0,greedy,1
REQ-00004,100,10,16.085437059402466,0.08062410354614258,['mobilenet_v3_small'],chickadee,1.0,weighted_majority,15490.697541972622,True,n01592084,4.0,chickadee,,,,,,0.9987112283706665,-1.0,-1.0,-1.0,-1.0,-1.0,0.051759972326534474,-1.0,-1.0,-1.0,-1.0,-1.0,greedy,1
REQ-00007,100,10,16.061291933059692,0.10712385177612305,['mobilenet_v3_small'],gar,1.0,weighted_majority,15199.45287500741,True,n01728572,4.0,gar,,,,,,0.705293595790863,-1.0,-1.0,-1.0,-1.0,-1.0,0.051759972326534474,-1.0,-1.0,-1.0,-1.0,-1.0,greedy,1
REQ-00011,100,10,15.985949993133545,0.18506598472595215,['mobilenet_v3_small'],tench,1.0,weighted_majority,14866.426583030261,True,n01440764,4.0,tench,,,,,,0.49934861063957214,-1.0,-1.0,-1.0,-1.0,-1.0,0.051759972326534474,-1.0,-1.0,-1.0,-1.0,-1.0,greedy,1
REQ-00009,100,10,16.04792284965515,0.12574481964111328,['mobilenet_v3_small'],toucan,1.0,weighted_majority,14962.311542010866,True,n01843383,4.0,toucan,,,,,,0.9985711574554443,-1.0,-1.0,-1.0,-1.0,-1.0,0.051759972326534474,-1.0,-1.0,-1.0,-1.0,-1.0,greedy,1
REQ-00013,100,10,16.430335998535156,0.20394206047058105,['mobilenet_v3_small'],green_snake,1.0,weighted_majority,15152.551000006497,True,n01729977,4.0,green_snake,,,,,,0.6040140986442566,-1.0,-1.0,-1.0,-1.0,-1.0,0.051759972326534474,-1.0,-1.0,-1.0,-1.0,-1.0,greedy,1
REQ-00019,100,10,18.38257098197937,0.27626585960388184,['mobilenet_v3_small'],crayfish,1.0,weighted_majority,16682.198166963644,True,n01985128,4.0,crayfish,,,,,,0.6241230368614197,-1.0,-1.0,-1.0,-1.0,-1.0,0.16562979758449292,-1.0,-1.0,-1.0,-1.0,-1.0,greedy,1
REQ-00021,100,10,19.333599090576172,0.3072059154510498,['mobilenet_v3_small'],great_white_shark,1.0,weighted_majority,17559.11929096328,True,n01491361,4.0,great_white_shark,,,,,,0.8447583317756653,-1.0,-1.0,-1.0,-1.0,-1.0,0.16562979758449292,-1.0,-1.0,-1.0,-1.0,-1.0,greedy,1
REQ-00015,100,10,20.47607684135437,0.22056794166564941,['mobilenet_v3_small'],american_coot,1.0,weighted_majority,19012.4541670084,True,n02018207,4.0,american_coot,,,,,,0.9979593753814697,-1.0,-1.0,-1.0,-1.0,-1.0,0.16562979758449292,-1.0,-1.0,-1.0,-1.0,-1.0,greedy,1
REQ-00012,100,10,20.550458908081055,0.1961970329284668,['mobilenet_v3_small'],conch,1.0,weighted_majority,19360.319792001974,True,n01943899,4.0,conch,,,,,,0.9999521970748901,-1.0,-1.0,-1.0,-1.0,-1.0,0.051759972326534474,-1.0,-1.0,-1.0,-1.0,-1.0,greedy,1
REQ-00022,100,10,20.63193416595459,0.33812499046325684,['mobilenet_v3_small'],bittern,1.0,weighted_majority,18805.635249998886,True,n02011460,4.0,bittern,,,,,,0.9994644522666931,-1.0,-1.0,-1.0,-1.0,-1.0,0.16562979758449292,-1.0,-1.0,-1.0,-1.0,-1.0,greedy,1
REQ-00017,100,10,20.79292893409729,0.23745298385620117,['mobilenet_v3_small'],wombat,1.0,weighted_majority,19233.674832968973,True,n01883070,4.0,wombat,,,,,,0.7679498195648193,-1.0,-1.0,-1.0,-1.0,-1.0,0.16562979758449292,-1.0,-1.0,-1.0,-1.0,-1.0,greedy,1
REQ-00018,100,10,20.823265075683594,0.25502896308898926,['mobilenet_v3_small'],terrapin,1.0,weighted_majority,19199.625209032092,True,n01667778,4.0,terrapin,,,,,,0.8496286273002625,-1.0,-1.0,-1.0,-1.0,-1.0,0.16562979758449292,-1.0,-1.0,-1.0,-1.0,-1.0,greedy,1
REQ-00014,100,10,20.879043102264404,0.21242189407348633,['mobilenet_v3_small'],rock_crab,1.0,weighted_majority,19505.148917029146,True,n01978455,4.0,rock_crab,,,,,,0.3882941007614136,-1.0,-1.0,-1.0,-1.0,-1.0,0.051759972326534474,-1.0,-1.0,-1.0,-1.0,-1.0,greedy,1
REQ-00023,100,10,25.31453514099121,0.35088515281677246,['mobilenet_v3_small'],black_and_gold_garden_spider,1.0,weighted_majority,23397.55591598805,True,n01773797,4.0,black_and_gold_garden_spider,,,,,,0.6251125335693359,-1.0,-1.0,-1.0,-1.0,-1.0,18.857443083732022,-1.0,-1.0,-1.0,-1.0,-1.0,greedy,1
REQ-00030,100,10,26.209259033203125,0.4206578731536865,['mobilenet_v3_small'],sea_slug,1.0,weighted_majority,21894.832291000057,True,n01950731,4.0,sea_slug,,,,,,0.7558121085166931,-1.0,-1.0,-1.0,-1.0,-1.0,21.21462346919845,-1.0,-1.0,-1.0,-1.0,-1.0,greedy,1
REQ-00028,100,10,27.234282970428467,0.3952620029449463,['mobilenet_v3_small'],flamingo,1.0,weighted_majority,23069.019499991555,True,n02007558,4.0,flamingo,,,,,,0.9483605027198792,-1.0,-1.0,-1.0,-1.0,-1.0,21.21462346919845,-1.0,-1.0,-1.0,-1.0,-1.0,greedy,1
REQ-00024,100,10,27.39017605781555,0.35710692405700684,['mobilenet_v3_small'],american_chameleon,1.0,weighted_majority,23666.598707961384,True,n01693334,4.0,american_chameleon,,,,,,0.7937574982643127,-1.0,-1.0,-1.0,-1.0,-1.0,18.857443083731958,-1.0,-1.0,-1.0,-1.0,-1.0,greedy,1
REQ-00026,100,10,27.967129945755005,0.3753058910369873,['mobilenet_v3_small'],tench,1.0,weighted_majority,23972.290667006746,True,n01440764,4.0,tench,,,,,,0.9690231680870056,-1.0,-1.0,-1.0,-1.0,-1.0,20.428896674042953,-1.0,-1.0,-1.0,-1.0,-1.0,greedy,1
REQ-00038,100,10,28.16511106491089,0.5160691738128662,['mobilenet_v3_small'],toucan,1.0,weighted_majority,23141.414167010225,True,n01843383,4.0,toucan,,,,,,0.9944584369659424,-1.0,-1.0,-1.0,-1.0,-1.0,21.21462346919845,-1.0,-1.0,-1.0,-1.0,-1.0,greedy,1
REQ-00039,100,10,29.106289863586426,0.5215318202972412,['mobilenet_v3_small'],electric_ray,1.0,weighted_majority,24004.54425002681,True,n01496331,4.0,electric_ray,,,,,,0.9923945665359497,-1.0,-1.0,-1.0,-1.0,-1.0,21.21462346919845,-1.0,-1.0,-1.0,-1.0,-1.0,greedy,1
REQ-00010,100,10,30.064225912094116,0.16256403923034668,['mobilenet_v3_small'],anemone_fish,1.0,weighted_majority,26543.380707968026,True,n01914609,4.0,anemone_fish,,,,,,0.9404223561286926,-1.0,-1.0,-1.0,-1.0,-1.0,18.857443083731987,-1.0,-1.0,-1.0,-1.0,-1.0,greedy,1
REQ-00037,100,10,30.22305703163147,0.5096969604492188,['mobilenet_v3_small'],prairie_chicken,1.0,weighted_majority,25303.690834029112,True,n01798484,4.0,prairie_chicken,,,,,,0.5599416494369507,-1.0,-1.0,-1.0,-1.0,-1.0,21.21462346919845,-1.0,-1.0,-1.0,-1.0,-1.0,greedy,1
REQ-00025,100,10,30.414541244506836,0.3688991069793701,['mobilenet_v3_small'],thunder_snake,1.0,weighted_majority,26554.264792008325,True,n01728572,4.0,thunder_snake,,,,,,0.9486165642738342,-1.0,-1.0,-1.0,-1.0,-1.0,19.643169878887456,-1.0,-1.0,-1.0,-1.0,-1.0,greedy,1
REQ-00020,100,10,30.511609077453613,0.2936539649963379,['mobilenet_v3_small'],scorpion,1.0,weighted_majority,26843.55729201343,True,n01770393,4.0,scorpion,,,,,,0.9983698725700378,-1.0,-1.0,-1.0,-1.0,-1.0,18.857443083731958,-1.0,-1.0,-1.0,-1.0,-1.0,greedy,1
REQ-00016,100,10,30.746078968048096,0.22916412353515625,['mobilenet_v3_small'],ptarmigan,1.0,weighted_majority,27147.46837504208,True,n01796340,4.0,ptarmigan,,,,,,0.95750492811203,-1.0,-1.0,-1.0,-1.0,-1.0,18.85744308373197,-1.0,-1.0,-1.0,-1.0,-1.0,greedy,1
REQ-00034,100,10,31.27712893486023,0.4619781970977783,['mobilenet_v3_small'],great_white_shark,1.0,weighted_majority,26582.41133298725,True,n01484850,4.0,great_white_shark,,,,,,0.8598859310150146,-1.0,-1.0,-1.0,-1.0,-1.0,21.21462346919845,-1.0,-1.0,-1.0,-1.0,-1.0,greedy,1
REQ-00041,100,10,32.13680815696716,0.5420920848846436,['mobilenet_v3_small'],black_and_gold_garden_spider,1.0,weighted_majority,26886.081415985245,True,n01773157,4.0,black_and_gold_garden_spider,,,,,,0.8228967785835266,-1.0,-1.0,-1.0,-1.0,-1.0,21.21462346919845,-1.0,-1.0,-1.0,-1.0,-1.0,greedy,1
REQ-00046,100,10,34.0069797039032,0.6210618019104004,['mobilenet_v3_small'],barn_spider,1.0,weighted_majority,27329.532957985066,True,n01773549,4.0,barn_spider,,,,,,0.9206520915031433,-1.0,-1.0,-1.0,-1.0,-1.0,21.21462346919845,-1.0,-1.0,-1.0,-1.0,-1.0,greedy,1
REQ-00053,100,10,35.0596239566803,0.6887919902801514,['mobilenet_v3_small'],leatherback_turtle,1.0,weighted_majority,27753.217625024263,True,n01665541,4.0,leatherback_turtle,,,,,,0.6086280345916748,-1.0,-1.0,-1.0,-1.0,-1.0,21.21462346919845,-1.0,-1.0,-1.0,-1.0,-1.0,greedy,1
REQ-00052,100,10,35.987372159957886,0.682715892791748,['mobilenet_v3_small'],toucan,1.0,weighted_majority,28760.78825001605,True,n01843383,4.0,toucan,,,,,,0.9999630451202393,-1.0,-1.0,-1.0,-1.0,-1.0,21.21462346919845,-1.0,-1.0,-1.0,-1.0,-1.0,greedy,1
REQ-00027,100,10,36.7914080619812,0.3872871398925781,['mobilenet_v3_small'],king_snake,1.0,weighted_majority,32711.605833028443,True,n01734418,4.0,king_snake,,,,,,0.9712629914283752,-1.0,-1.0,-1.0,-1.0,-1.0,21.21462346919845,-1.0,-1.0,-1.0,-1.0,-1.0,greedy,1
REQ-00051,100,10,36.95292806625366,0.6767230033874512,['mobilenet_v3_small'],boa_constrictor,1.0,weighted_majority,29812.440208974294,True,n01742172,4.0,boa_constrictor,,,,,,0.44182607531547546,-1.0,-1.0,-1.0,-1.0,-1.0,21.21462346919845,-1.0,-1.0,-1.0,-1.0,-1.0,greedy,1
REQ-00036,100,10,39.56906294822693,0.4775660037994385,['mobilenet_v3_small'],conch,1.0,weighted_majority,34713.70362496236,True,n01943899,4.0,conch,,,,,,0.9784147143363953,-1.0,-1.0,-1.0,-1.0,-1.0,21.21462346919845,-1.0,-1.0,-1.0,-1.0,-1.0,greedy,1
REQ-00033,100,10,39.618243932724,0.4492759704589844,['mobilenet_v3_small'],green_lizard,1.0,weighted_majority,34977.70083299838,True,n01677366,4.0,green_lizard,,,,,,0.44210606813430786,-1.0,-1.0,-1.0,-1.0,-1.0,21.21462346919845,-1.0,-1.0,-1.0,-1.0,-1.0,greedy,1
REQ-00042,100,10,40.16629409790039,0.568166971206665,['mobilenet_v3_small'],water_ouzel,1.0,weighted_majority,34837.67183299642,True,n01601694,4.0,water_ouzel,,,,,,0.9997987151145935,-1.0,-1.0,-1.0,-1.0,-1.0,21.21462346919845,-1.0,-1.0,-1.0,-1.0,-1.0,greedy,1
REQ-00043,100,10,40.245187759399414,0.5829989910125732,['mobilenet_v3_small'],oystercatcher,1.0,weighted_majority,34614.35387498932,True,n02037110,4.0,oystercatcher,,,,,,0.9999686479568481,-1.0,-1.0,-1.0,-1.0,-1.0,21.21462346919845,-1.0,-1.0,-1.0,-1.0,-1.0,greedy,1
REQ-00048,100,10,41.05099010467529,0.6385588645935059,['mobilenet_v3_small'],tench,1.0,weighted_majority,34151.75866702339,True,n01440764,4.0,tench,,,,,,0.9972051978111267,-1.0,-1.0,-1.0,-1.0,-1.0,21.21462346919845,-1.0,-1.0,-1.0,-1.0,-1.0,greedy,1
REQ-00058,100,10,42.99245500564575,0.7480900287628174,['mobilenet_v3_small'],conch,1.0,weighted_majority,35364.839959016535,True,n01943899,4.0,conch,,,,,,0.9994332194328308,-1.0,-1.0,-1.0,-1.0,-1.0,21.21462346919845,-1.0,-1.0,-1.0,-1.0,-1.0,greedy,1
REQ-00063,100,10,43.85892200469971,0.8027670383453369,['mobilenet_v3_small'],white_stork,1.0,weighted_majority,35931.59420898883,True,n02002556,4.0,white_stork,,,,,,0.9948358535766602,-1.0,-1.0,-1.0,-1.0,-1.0,21.21462346919845,-1.0,-1.0,-1.0,-1.0,-1.0,greedy,1
REQ-00076,100,10,44.61838507652283,1.0112900733947754,['mobilenet_v3_small'],great_grey_owl,1.0,weighted_majority,36004.15358401369,True,n01622779,4.0,great_grey_owl,,,,,,0.28542810678482056,-1.0,-1.0,-1.0,-1.0,-1.0,20.428896674042953,-1.0,-1.0,-1.0,-1.0,-1.0,greedy,1
REQ-00072,100,10,45.68182969093323,0.9450600147247314,['mobilenet_v3_small'],king_snake,1.0,weighted_majority,37179.326832992956,True,n01734418,4.0,king_snake,,,,,,0.9810572862625122,-1.0,-1.0,-1.0,-1.0,-1.0,21.21462346919845,-1.0,-1.0,-1.0,-1.0,-1.0,greedy,1
REQ-00049,100,10,46.25440430641174,0.6479170322418213,['mobilenet_v3_small'],chambered_nautilus,1.0,weighted_majority,39265.74712496949,True,n01968897,4.0,chambered_nautilus,,,,,,0.9999997615814209,-1.0,-1.0,-1.0,-1.0,-1.0,21.21462346919845,-1.0,-1.0,-1.0,-1.0,-1.0,greedy,1
REQ-00071,100,10,46.748833894729614,0.9358060359954834,['mobilenet_v3_small'],night_snake,1.0,weighted_majority,38321.77587499609,True,n01756291,4.0,night_snake,,,,,,0.6531177759170532,-1.0,-1.0,-1.0,-1.0,-1.0,21.21462346919845,-1.0,-1.0,-1.0,-1.0,-1.0,greedy,1
REQ-00056,100,10,48.31189680099487,0.730139970779419,['mobilenet_v3_small'],sea_anemone,1.0,weighted_majority,40866.12850002712,True,n01914609,4.0,sea_anemone,,,,,,0.6488459706306458,-1.0,-1.0,-1.0,-1.0,-1.0,21.21462346919845,-1.0,-1.0,-1.0,-1.0,-1.0,greedy,1
REQ-00057,100,10,48.59481978416443,0.7383849620819092,['mobilenet_v3_small'],hammerhead,1.0,weighted_majority,41041.922500007786,True,n01494475,4.0,hammerhead,,,,,,0.6272123456001282,-1.0,-1.0,-1.0,-1.0,-1.0,21.21462346919845,-1.0,-1.0,-1.0,-1.0,-1.0,greedy,1
REQ-00068,100,10,48.721081018447876,0.9151699542999268,['mobilenet_v3_small'],african_chameleon,1.0,weighted_majority,40453.65224999841,True,n01685808,4.0,african_chameleon,,,,,,0.27642562985420227,-1.0,-1.0,-1.0,-1.0,-1.0,21.21462346919845,-1.0,-1.0,-1.0,-1.0,-1.0,greedy,1
REQ-00059,100,10,49.32446622848511,0.7580358982086182,['mobilenet_v3_small'],redshank,1.0,weighted_majority,41624.60820795968,True,n02028035,4.0,redshank,,,,,,0.9974018335342407,-1.0,-1.0,-1.0,-1.0,-1.0,21.21462346919845,-1.0,-1.0,-1.0,-1.0,-1.0,greedy,1
REQ-00060,100,10,49.43615388870239,0.7719080448150635,['mobilenet_v3_small'],bee_eater,1.0,weighted_majority,41662.56679198705,True,n01828970,4.0,bee_eater,,,,,,0.9999476671218872,-1.0,-1.0,-1.0,-1.0,-1.0,21.21462346919845,-1.0,-1.0,-1.0,-1.0,-1.0,greedy,1
REQ-00066,100,10,49.82720923423767,0.8738560676574707,['mobilenet_v3_small'],spoonbill,1.0,weighted_majority,41712.09758298937,True,n02006656,4.0,spoonbill,,,,,,0.9999338388442993,-1.0,-1.0,-1.0,-1.0,-1.0,21.21462346919845,-1.0,-1.0,-1.0,-1.0,-1.0,greedy,1
REQ-00080,100,10,50.78779315948486,1.044661045074463,['mobilenet_v3_small'],chambered_nautilus,1.0,weighted_majority,41834.838334005326,True,n01968897,4.0,chambered_nautilus,,,,,,0.9978567957878113,-1.0,-1.0,-1.0,-1.0,-1.0,20.428896674042953,-1.0,-1.0,-1.0,-1.0,-1.0,greedy,1
REQ-00082,100,10,51.567543745040894,1.06345796585083,['mobilenet_v3_small'],thunder_snake,1.0,weighted_majority,42446.06983300764,True,n01728572,4.0,thunder_snake,,,,,,0.9744370579719543,-1.0,-1.0,-1.0,-1.0,-1.0,20.428896674042953,-1.0,-1.0,-1.0,-1.0,-1.0,greedy,1
REQ-00083,100,10,52.53562903404236,1.0941131114959717,['mobilenet_v3_small'],black_widow,1.0,weighted_majority,43337.86266599782,True,n01774384,4.0,black_widow,,,,,,0.9991636276245117,-1.0,-1.0,-1.0,-1.0,-1.0,20.428896674042953,-1.0,-1.0,-1.0,-1.0,-1.0,greedy,1
REQ-00079,100,10,53.592195987701416,1.0365848541259766,['mobilenet_v3_small'],vine_snake,1.0,weighted_majority,44722.00529201655,True,n01739381,4.0,vine_snake,,,,,,0.6919416189193726,-1.0,-1.0,-1.0,-1.0,-1.0,20.428896674042953,-1.0,-1.0,-1.0,-1.0,-1.0,greedy,1
REQ-00084,100,10,54.61961483955383,1.1024320125579834,['mobilenet_v3_small'],oystercatcher,1.0,weighted_majority,45335.332082991954,True,n02037110,4.0,oystercatcher,,,,,,0.9989297986030579,-1.0,-1.0,-1.0,-1.0,-1.0,20.428896674042953,-1.0,-1.0,-1.0,-1.0,-1.0,greedy,1
REQ-00070,100,10,55.36625099182129,0.9295449256896973,['mobilenet_v3_small'],chickadee,1.0,weighted_majority,47013.35000002291,True,n01592084,4.0,chickadee,,,,,,0.9673049449920654,-1.0,-1.0,-1.0,-1.0,-1.0,21.21462346919845,-1.0,-1.0,-1.0,-1.0,-1.0,greedy,1
REQ-00065,100,10,55.890177965164185,0.8520309925079346,['mobilenet_v3_small'],chiton,1.0,weighted_majority,47838.708833034616,True,n01955084,4.0,chiton,,,,,,0.5518709421157837,-1.0,-1.0,-1.0,-1.0,-1.0,21.21462346919845,-1.0,-1.0,-1.0,-1.0,-1.0,greedy,1
REQ-00087,100,10,57.56283783912659,1.1248021125793457,['mobilenet_v3_small'],indigo_bunting,1.0,weighted_majority,48012.738625053316,True,n01537544,4.0,indigo_bunting,,,,,,0.9938449859619141,-1.0,-1.0,-1.0,-1.0,-1.0,20.428896674042953,-1.0,-1.0,-1.0,-1.0,-1.0,greedy,1
REQ-00067,100,10,57.887314319610596,0.8858098983764648,['mobilenet_v3_small'],nematode,1.0,weighted_majority,49695.50058298046,True,n01930112,4.0,nematode,,,,,,0.25463199615478516,-1.0,-1.0,-1.0,-1.0,-1.0,21.21462346919845,-1.0,-1.0,-1.0,-1.0,-1.0,greedy,1
REQ-00077,100,10,57.83195400238037,1.0216801166534424,['mobilenet_v3_small'],colobus,1.0,weighted_majority,49134.225959016476,True,n01829413,4.0,colobus,,,,,,0.5494312047958374,-1.0,-1.0,-1.0,-1.0,-1.0,20.428896674042953,-1.0,-1.0,-1.0,-1.0,-1.0,greedy,1
REQ-00064,100,10,59.00085926055908,0.8118898868560791,['mobilenet_v3_small'],bulbul,1.0,weighted_majority,50990.91591697652,True,n01560419,4.0,bulbul,,,,,,0.9986642599105835,-1.0,-1.0,-1.0,-1.0,-1.0,21.21462346919845,-1.0,-1.0,-1.0,-1.0,-1.0,greedy,1
REQ-00078,100,10,58.98213720321655,1.029115915298462,['mobilenet_v3_small'],great_grey_owl,1.0,weighted_majority,50194.919917033985,True,n01622779,4.0,great_grey_owl,,,,,,0.9881272912025452,-1.0,-1.0,-1.0,-1.0,-1.0,20.428896674042953,-1.0,-1.0,-1.0,-1.0,-1.0,greedy,1
REQ-00090,100,10,60.57820224761963,1.1811809539794922,['mobilenet_v3_small'],american_coot,1.0,weighted_majority,50994.09900000319,True,n02018207,4.0,american_coot,,,,,,0.9987377524375916,-1.0,-1.0,-1.0,-1.0,-1.0,20.428896674042953,-1.0,-1.0,-1.0,-1.0,-1.0,greedy,1
REQ-00097,100,10,61.42552304267883,1.2517449855804443,['mobilenet_v3_small'],goldfinch,1.0,weighted_majority,51322.81312497798,True,n01531178,4.0,goldfinch,,,,,,0.876314640045166,-1.0,-1.0,-1.0,-1.0,-1.0,18.857443083731958,-1.0,-1.0,-1.0,-1.0,-1.0,greedy,1
REQ-00096,100,10,62.45896005630493,1.2447819709777832,['mobilenet_v3_small'],crayfish,1.0,weighted_majority,52470.77974997228,True,n01985128,4.0,crayfish,,,,,,0.8052040934562683,-1.0,-1.0,-1.0,-1.0,-1.0,19.643169878887456,-1.0,-1.0,-1.0,-1.0,-1.0,greedy,1
REQ-00101,100,10,63.42260503768921,1.3075881004333496,['mobilenet_v3_small'],conch,1.0,weighted_majority,52998.41454200214,True,n01943899,4.0,conch,,,,,,0.9861651659011841,-1.0,-1.0,-1.0,-1.0,-1.0,18.857443083731965,-1.0,-1.0,-1.0,-1.0,-1.0,greedy,1
REQ-00100,100,10,64.45231890678406,1.2996768951416016,['mobilenet_v3_small'],barn_spider,1.0,weighted_majority,54114.020915993024,True,n01770081,4.0,barn_spider,,,,,,0.5313177704811096,-1.0,-1.0,-1.0,-1.0,-1.0,18.857443083731965,-1.0,-1.0,-1.0,-1.0,-1.0,greedy,1
REQ-00086,100,10,64.91345810890198,1.1191401481628418,['mobilenet_v3_small'],ptarmigan,1.0,weighted_majority,55456.25791704515,True,n01796340,4.0,ptarmigan,,,,,,0.990685760974884,-1.0,-1.0,-1.0,-1.0,-1.0,20.428896674042953,-1.0,-1.0,-1.0,-1.0,-1.0,greedy,1
REQ-00103,100,10,65.32978677749634,1.342689037322998,['mobilenet_v3_small'],bee_eater,1.0,weighted_majority,54766.07916702051,True,n01828970,4.0,bee_eater,,,,,,0.9985527396202087,-1.0,-1.0,-1.0,-1.0,-1.0,18.857443083731965,-1.0,-1.0,-1.0,-1.0,-1.0,greedy,1
REQ-00102,100,10,66.31295895576477,1.3147377967834473,['mobilenet_v3_small'],crane,1.0,weighted_majority,55806.802792008966,True,n02012849,4.0,crane,,,,,,0.9941459894180298,-1.0,-1.0,-1.0,-1.0,-1.0,18.857443083731965,-1.0,-1.0,-1.0,-1.0,-1.0,greedy,1
REQ-00091,100,10,67.01983284950256,1.19148588180542,['mobilenet_v3_small'],leafhopper,1.0,weighted_majority,57351.38900001766,True,n01739381,4.0,leafhopper,,,,,,0.9637047052383423,-1.0,-1.0,-1.0,-1.0,-1.0,20.428896674042953,-1.0,-1.0,-1.0,-1.0,-1.0,greedy,1
REQ-00093,100,10,67.01501798629761,1.2114789485931396,['mobilenet_v3_small'],ptarmigan,1.0,weighted_majority,57261.35395799065,True,n01796340,4.0,ptarmigan,,,,,,0.9979293346405029,-1.0,-1.0,-1.0,-1.0,-1.0,20.428896674042953,-1.0,-1.0,-1.0,-1.0,-1.0,greedy,1
REQ-00106,100,10,67.33499503135681,1.3732531070709229,['mobilenet_v3_small'],wolf_spider,1.0,weighted_majority,56544.27529196255,True,n01775062,4.0,wolf_spider,,,,,,0.9710791707038879,-1.0,-1.0,-1.0,-1.0,-1.0,18.857443083731965,-1.0,-1.0,-1.0,-1.0,-1.0,greedy,1
REQ-00098,100,10,67.77174091339111,1.2604658603668213,['mobilenet_v3_small'],sea_lion,1.0,weighted_majority,57587.38074998837,True,n02077923,4.0,sea_lion,,,,,,0.6007075309753418,-1.0,-1.0,-1.0,-1.0,-1.0,18.857443083731958,-1.0,-1.0,-1.0,-1.0,-1.0,greedy,1
REQ-00095,100,10,68.51183819770813,1.235536813735962,['mobilenet_v3_small'],wallaby,1.0,weighted_majority,58606.08029196737,True,n01877812,4.0,wallaby,,,,,,0.9953597187995911,-1.0,-1.0,-1.0,-1.0,-1.0,19.643169878887456,-1.0,-1.0,-1.0,-1.0,-1.0,greedy,1
REQ-00109,100,10,69.25113987922668,1.4181089401245117,['mobilenet_v3_small'],macaw,1.0,weighted_majority,58261.211874953005,True,n01818515,4.0,macaw,,,,,,0.9726346135139465,-1.0,-1.0,-1.0,-1.0,-1.0,18.857443083731965,-1.0,-1.0,-1.0,-1.0,-1.0,greedy,1
REQ-00111,100,10,70.19866800308228,1.4314911365509033,['mobilenet_v3_small'],nematode,1.0,weighted_majority,59055.316790996585,True,n01930112,4.0,nematode,,,,,,0.6806716322898865,-1.0,-1.0,-1.0,-1.0,-1.0,18.857443083731965,-1.0,-1.0,-1.0,-1.0,-1.0,greedy,1
REQ-00114,100,10,71.14985609054565,1.483954906463623,['mobilenet_v3_small'],red-backed_sandpiper,1.0,weighted_majority,59838.85162498336,True,n02027492,4.0,red-backed_sandpiper,,,,,,0.9993948936462402,-1.0,-1.0,-1.0,-1.0,-1.0,18.85744308373197,-1.0,-1.0,-1.0,-1.0,-1.0,greedy,1
REQ-00115,100,10,72.15996217727661,1.4927799701690674,['mobilenet_v3_small'],white_stork,1.0,weighted_majority,60773.292874975596,True,n02002556,4.0,white_stork,,,,,,0.8465935587882996,-1.0,-1.0,-1.0,-1.0,-1.0,18.85744308373197,-1.0,-1.0,-1.0,-1.0,-1.0,greedy,1
REQ-00029,100,10,73.97937893867493,0.41135311126708984,['mobilenet_v3_small'],hornbill,1.0,weighted_majority,69735.6274589547,True,n01829413,4.0,hornbill,,,,,,0.9980395436286926,-1.0,-1.0,-1.0,-1.0,-1.0,21.21462346919845,-1.0,-1.0,-1.0,-1.0,-1.0,greedy,1
REQ-00040,100,10,74.23158192634583,0.5335979461669922,['mobilenet_v3_small'],rock_python,1.0,weighted_majority,69057.63574998127,True,n01742172,4.0,rock_python,,,,,,0.8684481978416443,-1.0,-1.0,-1.0,-1.0,-1.0,21.21462346919845,-1.0,-1.0,-1.0,-1.0,-1.0,greedy,1
REQ-00035,100,10,75.18534517288208,0.4709780216217041,['mobilenet_v3_small'],prairie_chicken,1.0,weighted_majority,70408.5675420356,True,n01798484,4.0,prairie_chicken,,,,,,0.9970563650131226,-1.0,-1.0,-1.0,-1.0,-1.0,21.21462346919845,-1.0,-1.0,-1.0,-1.0,-1.0,greedy,1
REQ-00105,100,10,74.43162608146667,1.3684978485107422,['mobilenet_v3_small'],tick,1.0,weighted_majority,63715.173583012074,True,n01776313,4.0,tick,,,,,,0.9999326467514038,-1.0,-1.0,-1.0,-1.0,-1.0,18.857443083731965,-1.0,-1.0,-1.0,-1.0,-1.0,greedy,1
REQ-00045,100,10,76.01342296600342,0.6148731708526611,['mobilenet_v3_small'],great_white_shark,1.0,weighted_majority,69860.88950000703,True,n01484850,4.0,great_white_shark,,,,,,0.8196674585342407,-1.0,-1.0,-1.0,-1.0,-1.0,21.21462346919845,-1.0,-1.0,-1.0,-1.0,-1.0,greedy,1
REQ-00055,100,10,76.93427419662476,0.722247838973999,['mobilenet_v3_small'],tick,1.0,weighted_majority,69572.83516699681,True,n01776313,4.0,tick,,,,,,0.9867528676986694,-1.0,-1.0,-1.0,-1.0,-1.0,21.21462346919845,-1.0,-1.0,-1.0,-1.0,-1.0,greedy,1
REQ-00108,100,10,76.43633198738098,1.4119019508361816,['mobilenet_v3_small'],chiton,1.0,weighted_majority,65524.298542004544,True,n01955084,4.0,chiton,,,,,,0.999861478805542,-1.0,-1.0,-1.0,-1.0,-1.0,18.857443083731965,-1.0,-1.0,-1.0,-1.0,-1.0,greedy,1
REQ-00107,100,10,76.62788200378418,1.4043560028076172,['mobilenet_v3_small'],banded_gecko,1.0,weighted_majority,65787.34970896039,True,n01675722,4.0,banded_gecko,,,,,,0.7802515625953674,-1.0,-1.0,-1.0,-1.0,-1.0,18.857443083731965,-1.0,-1.0,-1.0,-1.0,-1.0,greedy,1
REQ-00062,100,10,77.97498893737793,0.7857999801635742,['mobilenet_v3_small'],american_chameleon,1.0,weighted_majority,70120.12120900908,True,n01693334,4.0,american_chameleon,,,,,,0.5614163875579834,-1.0,-1.0,-1.0,-1.0,-1.0,21.21462346919845,-1.0,-1.0,-1.0,-1.0,-1.0,greedy,1
REQ-00110,100,10,77.34894609451294,1.4240970611572266,['mobilenet_v3_small'],leatherback_turtle,1.0,weighted_majority,66276.28408395685,True,n01664065,4.0,leatherback_turtle,,,,,,0.38302865624427795,-1.0,-1.0,-1.0,-1.0,-1.0,18.857443083731965,-1.0,-1.0,-1.0,-1.0,-1.0,greedy,1
REQ-00113,100,10,77.81309700012207,1.4557600021362305,['mobilenet_v3_small'],prairie_chicken,1.0,weighted_majority,66572.32754200231,True,n01798484,4.0,prairie_chicken,,,,,,0.9769656658172607,-1.0,-1.0,-1.0,-1.0,-1.0,18.85744308373197,-1.0,-1.0,-1.0,-1.0,-1.0,greedy,1
REQ-00085,100,10,78.56991004943848,1.1109519004821777,['mobilenet_v3_small'],chambered_nautilus,1.0,weighted_majority,69201.97095803451,True,n01968897,4.0,chambered_nautilus,,,,,,0.9910934567451477,-1.0,-1.0,-1.0,-1.0,-1.0,20.428896674042953,-1.0,-1.0,-1.0,-1.0,-1.0,greedy,1
REQ-00047,100,10,80.00397324562073,0.6287391185760498,['mobilenet_v3_small'],peacock,1.0,weighted_majority,67048.3132089721,True,n01806143,4.0,peacock,,,,,,0.9999988079071045,-1.0,-1.0,-1.0,-1.0,-1.0,24.35753064982044,-1.0,-1.0,-1.0,-1.0,-1.0,greedy,1
REQ-00054,100,10,80.93726682662964,0.6985669136047363,['mobilenet_v3_small'],tick,1.0,weighted_majority,67624.42370801,True,n01776313,4.0,tick,,,,,,0.9729105830192566,-1.0,-1.0,-1.0,-1.0,-1.0,28.286164625597923,-1.0,-1.0,-1.0,-1.0,-1.0,greedy,1
REQ-00061,100,10,81.97107195854187,0.7795860767364502,['mobilenet_v3_small'],peacock,1.0,weighted_majority,68456.05862495722,True,n01806143,4.0,peacock,,,,,,0.9995229244232178,-1.0,-1.0,-1.0,-1.0,-1.0,29.07189142075342,-1.0,-1.0,-1.0,-1.0,-1.0,greedy,1
REQ-00069,100,10,82.70373892784119,0.9235367774963379,['mobilenet_v3_small'],scorpion,1.0,weighted_majority,69141.01625001058,True,n01770393,4.0,scorpion,,,,,,0.996797502040863,-1.0,-1.0,-1.0,-1.0,-1.0,30.643345011064415,-1.0,-1.0,-1.0,-1.0,-1.0,greedy,1
REQ-00074,100,10,83.72593998908997,0.9744482040405273,['mobilenet_v3_small'],macaw,1.0,weighted_majority,69933.3642499987,True,n01818515,4.0,macaw,,,,,,0.9758086204528809,-1.0,-1.0,-1.0,-1.0,-1.0,33.78625219168641,-1.0,-1.0,-1.0,-1.0,-1.0,greedy,1
REQ-00050,100,10,84.15842795372009,0.6616270542144775,['mobilenet_v3_small'],green_snake,1.0,weighted_majority,77091.51012502844,True,n01729977,4.0,green_snake,,,,,,0.48766112327575684,-1.0,-1.0,-1.0,-1.0,-1.0,21.21462346919845,-1.0,-1.0,-1.0,-1.0,-1.0,greedy,1
REQ-00089,100,10,84.45937013626099,1.1646709442138672,['mobilenet_v3_small'],american_alligator,1.0,weighted_majority,70699.25712497206,True,n01667114,4.0,american_alligator,,,,,,0.9231464862823486,-1.0,-1.0,-1.0,-1.0,-1.0,36.92915937230839,-1.0,-1.0,-1.0,-1.0,-1.0,greedy,1
REQ-00081,100,10,85.07001185417175,1.0563781261444092,['mobilenet_v3_small'],flatworm,1.0,weighted_majority,76038.89000002528,True,n01924916,4.0,flatworm,,,,,,0.8110522627830505,-1.0,-1.0,-1.0,-1.0,-1.0,20.428896674042953,-1.0,-1.0,-1.0,-1.0,-1.0,greedy,1
REQ-00099,100,10,85.3751449584961,1.2881789207458496,['mobilenet_v3_small'],goldfinch,1.0,weighted_majority,75119.84066700097,True,n01531178,4.0,goldfinch,,,,,,0.9997807145118713,-1.0,-1.0,-1.0,-1.0,-1.0,18.857443083731958,-1.0,-1.0,-1.0,-1.0,-1.0,greedy,1
REQ-00075,100,10,86.18320894241333,0.9862880706787109,['mobilenet_v3_small'],bee_eater,1.0,weighted_majority,77637.06720800838,True,n01828970,4.0,bee_eater,,,,,,0.9999653100967407,-1.0,-1.0,-1.0,-1.0,-1.0,21.21462346919845,-1.0,-1.0,-1.0,-1.0,-1.0,greedy,1
REQ-00094,100,10,86.79989504814148,1.222235918045044,['mobilenet_v3_small'],hen,1.0,weighted_majority,76976.78541700589,True,n01514859,4.0,hen,,,,,,0.9329569935798645,-1.0,-1.0,-1.0,-1.0,-1.0,19.643169878887456,-1.0,-1.0,-1.0,-1.0,-1.0,greedy,1
REQ-00044,100,10,88.24199032783508,0.6048331260681152,['mobilenet_v3_small'],mud_turtle,1.0,weighted_majority,75483.63825003617,True,n01667778,4.0,mud_turtle,,,,,,0.6334594488143921,-1.0,-1.0,-1.0,-1.0,-1.0,24.35753064982044,-1.0,-1.0,-1.0,-1.0,-1.0,greedy,1
REQ-00031,100,10,93.27451395988464,0.42986607551574707,['mobilenet_v3_small'],axolotl,1.0,weighted_majority,88867.17887496343,True,n01632777,4.0,axolotl,,,,,,0.9997074007987976,-1.0,-1.0,-1.0,-1.0,-1.0,21.21462346919845,-1.0,-1.0,-1.0,-1.0,-1.0,greedy,1
REQ-00112,100,10,92.6844208240509,1.4364259243011475,['mobilenet_v3_small'],little_blue_heron,1.0,weighted_majority,78260.2212089696,True,n02012849,4.0,little_blue_heron,,,,,,0.5219188332557678,-1.0,-1.0,-1.0,-1.0,-1.0,47.92933450448536,-1.0,-1.0,-1.0,-1.0,-1.0,greedy,1
REQ-00088,100,10,93.47116184234619,1.152055025100708,['mobilenet_v3_small'],tailed_frog,1.0,weighted_majority,78461.9494160288,True,n01644900,4.0,tailed_frog,,,,,,0.8027897477149963,-1.0,-1.0,-1.0,-1.0,-1.0,51.07224168510735,-1.0,-1.0,-1.0,-1.0,-1.0,greedy,1
REQ-00104,100,10,94.50629186630249,1.3589508533477783,['mobilenet_v3_small'],garden_spider,1.0,weighted_majority,83863.18737501279,True,n01773797,4.0,garden_spider,,,,,,0.5584762692451477,-1.0,-1.0,-1.0,-1.0,-1.0,18.857443083731965,-1.0,-1.0,-1.0,-1.0,-1.0,greedy,1
REQ-00032,100,10,96.34358382225037,0.43767595291137695,['mobilenet_v3_small'],indian_cobra,1.0,weighted_majority,83786.21558297891,True,n01740131,4.0,indian_cobra,,,,,,0.24375709891319275,-1.0,-1.0,-1.0,-1.0,-1.0,18.857443083731958,-1.0,-1.0,-1.0,-1.0,-1.0,greedy,1
REQ-00073,100,10,96.70378279685974,0.9587278366088867,['mobilenet_v3_small'],komodo_dragon,1.0,weighted_majority,83035.08558298927,True,n01695060,4.0,komodo_dragon,,,,,,0.9979898929595947,-1.0,-1.0,-1.0,-1.0,-1.0,32.21479860137541,-1.0,-1.0,-1.0,-1.0,-1.0,greedy,1
REQ-00092,100,10,96.4777889251709,1.2002418041229248,['mobilenet_v3_small'],hognose_snake,1.0,weighted_majority,82141.21958398027,True,n01729322,4.0,hognose_snake,,,,,,0.4701003432273865,-1.0,-1.0,-1.0,-1.0,-1.0,42.42924693839687,-1.0,-1.0,-1.0,-1.0,-1.0,greedy,1









REQ-00000,100,500,0.722851037979126,1.9073486328125e-06,['mobilenet_v3_small'],wombat,1.0,weighted_majority,685.361957992427,True,n01883070,4.0,wombat,,,,,,0.9997796416282654,-1.0,-1.0,-1.0,-1.0,-1.0,0.22162838034306107,-1.0,-1.0,-1.0,-1.0,-1.0,greedy,1
REQ-00001,100,500,1.660085916519165,0.10961389541625977,['mobilenet_v3_small'],peacock,1.0,weighted_majority,1391.9525420060381,True,n01806143,4.0,peacock,,,,,,0.9999982118606567,-1.0,-1.0,-1.0,-1.0,-1.0,0.22162838034306107,-1.0,-1.0,-1.0,-1.0,-1.0,greedy,1
REQ-00002,100,500,2.1350221633911133,0.7238447666168213,['mobilenet_v3_small'],bee_eater,1.0,weighted_majority,2123.11604100978,True,n01828970,4.0,bee_eater,,,,,,0.40520617365837097,-1.0,-1.0,-1.0,-1.0,-1.0,0.20426674230875497,-1.0,-1.0,-1.0,-1.0,-1.0,greedy,1
REQ-00003,100,500,2.6223909854888916,0.7859058380126953,['mobilenet_v3_small'],wolf_spider,1.0,weighted_majority,1637.8151249955408,True,n01775062,4.0,wolf_spider,,,,,,0.9971447587013245,-1.0,-1.0,-1.0,-1.0,-1.0,0.18803166807787947,-1.0,-1.0,-1.0,-1.0,-1.0,greedy,1
REQ-00004,100,500,1.7959260940551758,1.6153826713562012,['mobilenet_v3_small'],hammerhead,1.0,weighted_majority,1165.0271670077927,True,n01494475,4.0,hammerhead,,,,,,0.9025248289108276,-1.0,-1.0,-1.0,-1.0,-1.0,0.17319280127009154,-1.0,-1.0,-1.0,-1.0,-1.0,greedy,1
REQ-00005,100,500,2.4980709552764893,2.0570859909057617,['mobilenet_v3_small'],oystercatcher,1.0,weighted_majority,1695.170999970287,True,n02037110,4.0,oystercatcher,,,,,,0.9829778075218201,-1.0,-1.0,-1.0,-1.0,-1.0,0.17319280127009154,-1.0,-1.0,-1.0,-1.0,-1.0,greedy,1
REQ-00006,100,500,1.8706071376800537,2.688081979751587,['mobilenet_v3_small'],american_alligator,1.0,weighted_majority,1315.309208992403,True,n01698640,4.0,american_alligator,,,,,,0.6330143213272095,-1.0,-1.0,-1.0,-1.0,-1.0,0.15056772902877416,-1.0,-1.0,-1.0,-1.0,-1.0,greedy,1
REQ-00007,100,500,2.985442876815796,3.3526418209075928,['mobilenet_v3_small'],red-backed_sandpiper,1.0,weighted_majority,2926.7524579772726,True,n02027492,4.0,red-backed_sandpiper,,,,,,0.36472493410110474,-1.0,-1.0,-1.0,-1.0,-1.0,0.13979335612589674,-1.0,-1.0,-1.0,-1.0,-1.0,greedy,1
REQ-00008,100,500,2.9859070777893066,3.365809917449951,['mobilenet_v3_small'],sidewinder,1.0,weighted_majority,2441.22941698879,True,n01753488,4.0,sidewinder,,,,,,0.352925181388855,-1.0,-1.0,-1.0,-1.0,-1.0,0.13009912051330708,-1.0,-1.0,-1.0,-1.0,-1.0,greedy,1
REQ-00010,100,500,2.699445962905884,3.8462119102478027,['mobilenet_v3_small'],magpie,1.0,weighted_majority,882.4617500067689,True,n01582220,4.0,magpie,,,,,,0.7083132863044739,-1.0,-1.0,-1.0,-1.0,-1.0,0.11291029761577874,-1.0,-1.0,-1.0,-1.0,-1.0,greedy,1
REQ-00011,100,500,2.552671194076538,4.115147829055786,['mobilenet_v3_small'],common_newt,1.0,weighted_majority,656.1008749995381,True,n01630670,4.0,common_newt,,,,,,0.6498211622238159,-1.0,-1.0,-1.0,-1.0,-1.0,0.11291029761577874,-1.0,-1.0,-1.0,-1.0,-1.0,greedy,1
REQ-00009,100,500,3.3426151275634766,3.414092779159546,['mobilenet_v3_small'],sulphur-crested_cockatoo,1.0,weighted_majority,2198.858375020791,True,n01819313,4.0,sulphur-crested_cockatoo,,,,,,0.9246954917907715,-1.0,-1.0,-1.0,-1.0,-1.0,0.13009912051330708,-1.0,-1.0,-1.0,-1.0,-1.0,greedy,1
REQ-00000,100,500,0.9489631652832031,3.0994415283203125e-06,['resnet18'],flamingo,1.0,weighted_majority,934.1663329978473,True,n02007558,4.0,,flamingo,,,,,-1.0,0.9990045428276062,-1.0,-1.0,-1.0,-1.0,-1.0,0.08539045855996258,-1.0,-1.0,-1.0,-1.0,greedy,1
REQ-00001,100,500,0.7486419677734375,0.45015811920166016,['mobilenet_v3_small'],tarantula,1.0,weighted_majority,732.5547080254182,True,n01774750,4.0,tarantula,,,,,,0.9999489784240723,-1.0,-1.0,-1.0,-1.0,-1.0,0.05892724487015276,-1.0,-1.0,-1.0,-1.0,-1.0,greedy,1
REQ-00002,100,500,0.6741330623626709,1.7674992084503174,['resnet18'],night_snake,1.0,weighted_majority,655.4066250100732,True,n01740131,4.0,,night_snake,,,,,-1.0,0.2972014248371124,-1.0,-1.0,-1.0,-1.0,-1.0,0.08533461270396632,-1.0,-1.0,-1.0,-1.0,greedy,1
REQ-00003,100,500,0.7254159450531006,1.9326281547546387,['resnet18'],albatross,1.0,weighted_majority,618.6406669439748,True,n02058221,4.0,,albatross,,,,,-1.0,0.5913406610488892,-1.0,-1.0,-1.0,-1.0,-1.0,0.08533461270396632,-1.0,-1.0,-1.0,-1.0,greedy,1
REQ-00004,100,500,0.6063032150268555,2.765001058578491,['resnet18'],spiny_lobster,1.0,weighted_majority,586.8216250091791,True,n01984695,4.0,,spiny_lobster,,,,,-1.0,0.7865569591522217,-1.0,-1.0,-1.0,-1.0,-1.0,0.08638113629021271,-1.0,-1.0,-1.0,-1.0,greedy,1
REQ-00005,100,500,0.5966899394989014,3.8998842239379883,['resnet18'],garter_snake,1.0,weighted_majority,578.070082992781,True,n01735189,4.0,,garter_snake,,,,,-1.0,0.9858877062797546,-1.0,-1.0,-1.0,-1.0,-1.0,0.08698692266119144,-1.0,-1.0,-1.0,-1.0,greedy,1
REQ-00006,100,500,1.110720157623291,4.5253660678863525,['resnet18'],bee_eater,1.0,weighted_majority,1096.2106669903733,True,n01828970,4.0,,bee_eater,,,,,-1.0,0.9574759602546692,-1.0,-1.0,-1.0,-1.0,-1.0,0.0878165303950723,-1.0,-1.0,-1.0,-1.0,greedy,1
REQ-00007,100,500,0.9627358913421631,4.826142072677612,['resnet18'],bulbul,1.0,weighted_majority,946.6174999834038,True,n01560419,4.0,,bulbul,,,,,-1.0,0.9984765648841858,-1.0,-1.0,-1.0,-1.0,-1.0,0.0878165303950723,-1.0,-1.0,-1.0,-1.0,greedy,1







REQ-00000,100,2000,0.3975069522857666,3.0994415283203125e-06,['mobilenet_v3_small'],macaw,1.0,weighted_majority,375.6244999822229,True,n01818515,4.0,macaw,,,,,,0.9998325109481812,-1.0,-1.0,-1.0,-1.0,-1.0,0.2766976125120644,-1.0,-1.0,-1.0,-1.0,-1.0,greedy,1
REQ-00001,100,2000,0.5595309734344482,0.38161206245422363,['mobilenet_v3_small'],kite,1.0,weighted_majority,539.8648329428397,True,n01608432,4.0,kite,,,,,,0.8110043406486511,-1.0,-1.0,-1.0,-1.0,-1.0,0.2537423512608579,-1.0,-1.0,-1.0,-1.0,-1.0,greedy,1
REQ-00002,100,2000,0.3025999069213867,1.9749679565429688,['mobilenet_v3_small'],limpkin,1.0,weighted_majority,284.13750004256144,True,n02013706,4.0,limpkin,,,,,,0.9992484450340271,-1.0,-1.0,-1.0,-1.0,-1.0,0.25272871613477216,-1.0,-1.0,-1.0,-1.0,-1.0,greedy,1
REQ-00003,100,2000,0.46973276138305664,2.9376940727233887,['mobilenet_v3_small'],banded_gecko,1.0,weighted_majority,455.82116598961875,True,n01675722,4.0,banded_gecko,,,,,,0.9999468326568604,-1.0,-1.0,-1.0,-1.0,-1.0,0.23266004452129493,-1.0,-1.0,-1.0,-1.0,-1.0,greedy,1
REQ-00004,100,2000,0.3155698776245117,3.158555030822754,['mobilenet_v3_small'],tick,1.0,weighted_majority,299.90299994824454,True,n01776313,4.0,tick,,,,,,0.9986888766288757,-1.0,-1.0,-1.0,-1.0,-1.0,0.23266004452129493,-1.0,-1.0,-1.0,-1.0,-1.0,greedy,1
REQ-00005,100,2000,0.42348527908325195,4.619886159896851,['mobilenet_v3_small'],great_white_shark,1.0,weighted_majority,387.6699159736745,True,n01484850,4.0,great_white_shark,,,,,,0.9953536987304688,-1.0,-1.0,-1.0,-1.0,-1.0,0.19812293606224893,-1.0,-1.0,-1.0,-1.0,-1.0,greedy,1
REQ-00006,100,2000,0.5028259754180908,4.6408092975616455,['mobilenet_v3_small'],lorikeet,1.0,weighted_majority,367.8717499715276,True,n01820546,4.0,lorikeet,,,,,,0.9999957084655762,-1.0,-1.0,-1.0,-1.0,-1.0,0.19812293606224893,-1.0,-1.0,-1.0,-1.0,-1.0,greedy,1
REQ-00007,100,2000,0.31449294090270996,6.1789469718933105,['mobilenet_v3_small'],ptarmigan,1.0,weighted_majority,296.63308296585456,True,n01796340,4.0,ptarmigan,,,,,,0.9998499155044556,-1.0,-1.0,-1.0,-1.0,-1.0,0.16980349821042165,-1.0,-1.0,-1.0,-1.0,-1.0,greedy,1
REQ-00008,100,2000,0.5190830230712891,9.26138424873352,['mobilenet_v3_small'],goldfish,1.0,weighted_majority,502.62645800830796,True,n01443537,4.0,goldfish,,,,,,0.963058590888977,-1.0,-1.0,-1.0,-1.0,-1.0,0.1604466483893795,-1.0,-1.0,-1.0,-1.0,-1.0,greedy,1
REQ-00009,100,2000,0.4568772315979004,9.57844614982605,['mobilenet_v3_small'],whiptail,1.0,weighted_majority,438.80129198078066,True,n01685808,4.0,whiptail,,,,,,0.8727420568466187,-1.0,-1.0,-1.0,-1.0,-1.0,0.1604466483893795,-1.0,-1.0,-1.0,-1.0,-1.0,greedy,1
REQ-00010,100,2000,0.2637310028076172,9.845970153808594,['mobilenet_v3_small'],pelican,1.0,weighted_majority,244.43274998338893,True,n02051845,4.0,pelican,,,,,,0.7652913928031921,-1.0,-1.0,-1.0,-1.0,-1.0,0.14902388355044158,-1.0,-1.0,-1.0,-1.0,-1.0,greedy,1
REQ-00000,100,2000,0.30867791175842285,3.0994415283203125e-06,['mobilenet_v3_small'],oscilloscope,1.0,weighted_majority,294.9268749798648,True,n01943899,4.0,oscilloscope,,,,,,0.22098641097545624,-1.0,-1.0,-1.0,-1.0,-1.0,0.1286208756758577,-1.0,-1.0,-1.0,-1.0,-1.0,greedy,1
REQ-00001,100,2000,0.3055531978607178,0.7788181304931641,['mobilenet_v3_small'],sea_snake,1.0,weighted_majority,285.99012503400445,True,n01751748,4.0,sea_snake,,,,,,0.29936683177948,-1.0,-1.0,-1.0,-1.0,-1.0,0.12372428810827193,-1.0,-1.0,-1.0,-1.0,-1.0,greedy,1






REQ-00001,1000,10,2.102036952972412,0.01090097427368164,['vit_b_16'],green_snake,1.0,weighted_majority,2087.397458963096,True,n01729977,4.0,,,,,,green_snake,-1.0,-1.0,-1.0,-1.0,-1.0,0.876216471195221,-1.0,-1.0,-1.0,-1.0,-1.0,0.24239459059322227,greedy,1
REQ-00010,1000,10,14.621773958206177,0.23136520385742188,['vit_b_16'],bald_eagle,1.0,weighted_majority,13505.988084012643,True,n01614925,4.0,,,,,,bald_eagle,-1.0,-1.0,-1.0,-1.0,-1.0,0.9128599762916565,-1.0,-1.0,-1.0,-1.0,-1.0,0.31877583153390004,greedy,1
REQ-00009,1000,10,23.280336141586304,0.22197699546813965,['vit_b_16'],redshank,1.0,weighted_majority,22328.701374994125,True,n02028035,4.0,,,,,,redshank,-1.0,-1.0,-1.0,-1.0,-1.0,0.7253446578979492,-1.0,-1.0,-1.0,-1.0,-1.0,0.31877583153390004,greedy,1
REQ-00011,1000,10,32.49274015426636,0.23926305770874023,['mobilenet_v3_small'],toucan,1.0,weighted_majority,31249.74287499208,True,n01829413,4.0,toucan,,,,,,0.7154282927513123,-1.0,-1.0,-1.0,-1.0,-1.0,6.15873222426562,-1.0,-1.0,-1.0,-1.0,-1.0,greedy,1
REQ-00019,1000,10,36.89301085472107,0.3446352481842041,['mobilenet_v3_small'],barn_spider,1.0,weighted_majority,34269.56149999751,True,n01773797,4.0,barn_spider,,,,,,0.36712661385536194,-1.0,-1.0,-1.0,-1.0,-1.0,3.7448102053715724,-1.0,-1.0,-1.0,-1.0,-1.0,greedy,1
REQ-00004,1000,10,37.52322816848755,0.09999728202819824,['mobilenet_v3_small'],dung_beetle,1.0,weighted_majority,35669.62183400756,True,n01796340,4.0,dung_beetle,,,,,,0.130622997879982,-1.0,-1.0,-1.0,-1.0,-1.0,6.1587322242654965,-1.0,-1.0,-1.0,-1.0,-1.0,greedy,1
REQ-00018,1000,10,37.864859104156494,0.3301870822906494,['mobilenet_v3_small'],vine_snake,1.0,weighted_majority,35314.81758400332,True,n01739381,4.0,vine_snake,,,,,,0.8570756316184998,-1.0,-1.0,-1.0,-1.0,-1.0,3.7448102053715724,-1.0,-1.0,-1.0,-1.0,-1.0,greedy,1
REQ-00012,1000,10,38.279457092285156,0.2640650272369385,['mobilenet_v3_small'],green_lizard,1.0,weighted_majority,36413.796000008006,True,n01693334,4.0,green_lizard,,,,,,0.9679456353187561,-1.0,-1.0,-1.0,-1.0,-1.0,3.7448102053715724,-1.0,-1.0,-1.0,-1.0,-1.0,greedy,1
REQ-00025,1000,10,38.252241134643555,0.46965813636779785,['mobilenet_v3_small'],black_grouse,1.0,weighted_majority,35118.76541702077,True,n01795545,4.0,black_grouse,,,,,,0.9979990124702454,-1.0,-1.0,-1.0,-1.0,-1.0,3.7448102053715724,-1.0,-1.0,-1.0,-1.0,-1.0,greedy,1
REQ-00026,1000,10,38.80520296096802,0.48206424713134766,['mobilenet_v3_small'],red-backed_sandpiper,1.0,weighted_majority,35540.21762497723,True,n02027492,4.0,red-backed_sandpiper,,,,,,0.6725994348526001,-1.0,-1.0,-1.0,-1.0,-1.0,3.7448102053715724,-1.0,-1.0,-1.0,-1.0,-1.0,greedy,1
REQ-00032,1000,10,39.65493202209473,0.5663211345672607,['mobilenet_v3_small'],wombat,1.0,weighted_majority,35945.50708401948,True,n01883070,4.0,wombat,,,,,,0.5061927437782288,-1.0,-1.0,-1.0,-1.0,-1.0,3.7448102053715724,-1.0,-1.0,-1.0,-1.0,-1.0,greedy,1
REQ-00013,1000,10,40.933462142944336,0.2729332447052002,['mobilenet_v3_small'],magpie,1.0,weighted_majority,38799.25183398882,True,n01582220,4.0,magpie,,,,,,0.997444748878479,-1.0,-1.0,-1.0,-1.0,-1.0,3.7448102053715724,-1.0,-1.0,-1.0,-1.0,-1.0,greedy,1
REQ-00023,1000,10,41.47390794754028,0.38294219970703125,['mobilenet_v3_small'],stingray,1.0,weighted_majority,38567.13695800863,True,n01498041,4.0,stingray,,,,,,0.9825833439826965,-1.0,-1.0,-1.0,-1.0,-1.0,3.7448102053715724,-1.0,-1.0,-1.0,-1.0,-1.0,greedy,1
REQ-00030,1000,10,41.72391700744629,0.5331311225891113,['mobilenet_v3_small'],sea_anemone,1.0,weighted_majority,38125.74670801405,True,n01914609,4.0,sea_anemone,,,,,,0.34966522455215454,-1.0,-1.0,-1.0,-1.0,-1.0,3.7448102053715724,-1.0,-1.0,-1.0,-1.0,-1.0,greedy,1
REQ-00028,1000,10,42.68562197685242,0.5151631832122803,['mobilenet_v3_small'],bulbul,1.0,weighted_majority,39230.480666970834,True,n01560419,4.0,bulbul,,,,,,0.6029452085494995,-1.0,-1.0,-1.0,-1.0,-1.0,3.7448102053715724,-1.0,-1.0,-1.0,-1.0,-1.0,greedy,1
REQ-00024,1000,10,43.73233485221863,0.46057915687561035,['mobilenet_v3_small'],hermit_crab,1.0,weighted_majority,40749.25070803147,True,n01986214,4.0,hermit_crab,,,,,,0.9301979541778564,-1.0,-1.0,-1.0,-1.0,-1.0,3.7448102053715724,-1.0,-1.0,-1.0,-1.0,-1.0,greedy,1
REQ-00027,1000,10,45.86091899871826,0.49194812774658203,['mobilenet_v3_small'],sea_lion,1.0,weighted_majority,42479.44274998736,True,n02077923,4.0,sea_lion,,,,,,0.9829029440879822,-1.0,-1.0,-1.0,-1.0,-1.0,3.7448102053715724,-1.0,-1.0,-1.0,-1.0,-1.0,greedy,1
REQ-00022,1000,10,46.8978157043457,0.3761279582977295,['mobilenet_v3_small'],american_coot,1.0,weighted_majority,44079.71429202007,True,n02018207,4.0,american_coot,,,,,,0.9820531010627747,-1.0,-1.0,-1.0,-1.0,-1.0,3.7448102053715724,-1.0,-1.0,-1.0,-1.0,-1.0,greedy,1
REQ-00017,1000,10,47.463382959365845,0.32096409797668457,['mobilenet_v3_small'],water_ouzel,1.0,weighted_majority,45003.01737501286,True,n02018207,4.0,water_ouzel,,,,,,0.24030622839927673,-1.0,-1.0,-1.0,-1.0,-1.0,3.7448102053715724,-1.0,-1.0,-1.0,-1.0,-1.0,greedy,1
REQ-00033,1000,10,47.61652708053589,0.5844190120697021,['mobilenet_v3_small'],stingray,1.0,weighted_majority,43808.76124999486,True,n01498041,4.0,stingray,,,,,,0.7480854988098145,-1.0,-1.0,-1.0,-1.0,-1.0,3.7448102053715724,-1.0,-1.0,-1.0,-1.0,-1.0,greedy,1
REQ-00015,1000,10,48.048863887786865,0.2908170223236084,['mobilenet_v3_small'],komodo_dragon,1.0,weighted_majority,45653.62804202596,True,n01695060,4.0,komodo_dragon,,,,,,0.9984002709388733,-1.0,-1.0,-1.0,-1.0,-1.0,3.7448102053715724,-1.0,-1.0,-1.0,-1.0,-1.0,greedy,1
REQ-00038,1000,10,48.67119312286377,0.6489241123199463,['mobilenet_v3_small'],wombat,1.0,weighted_majority,44191.22562499251,True,n01883070,4.0,wombat,,,,,,0.9941353797912598,-1.0,-1.0,-1.0,-1.0,-1.0,3.7448102053715724,-1.0,-1.0,-1.0,-1.0,-1.0,greedy,1
REQ-00040,1000,10,49.57970881462097,0.6614992618560791,['mobilenet_v3_small'],fiddler_crab,1.0,weighted_majority,44793.695666012354,True,n01728572,4.0,fiddler_crab,,,,,,0.5496583580970764,-1.0,-1.0,-1.0,-1.0,-1.0,3.7448102053715724,-1.0,-1.0,-1.0,-1.0,-1.0,greedy,1
REQ-00041,1000,10,50.52971696853638,0.6693623065948486,['mobilenet_v3_small'],white_stork,1.0,weighted_majority,45640.17191698076,True,n02002556,4.0,white_stork,,,,,,0.9645434021949768,-1.0,-1.0,-1.0,-1.0,-1.0,3.7448102053715724,-1.0,-1.0,-1.0,-1.0,-1.0,greedy,1
REQ-00014,1000,10,51.12300896644592,0.2830181121826172,['mobilenet_v3_small'],sea_snake,1.0,weighted_majority,48811.72337499447,True,n01751748,4.0,sea_snake,,,,,,0.992727518081665,-1.0,-1.0,-1.0,-1.0,-1.0,3.7448102053715724,-1.0,-1.0,-1.0,-1.0,-1.0,greedy,1
REQ-00044,1000,10,51.49390387535095,0.7357990741729736,['mobilenet_v3_small'],bustard,1.0,weighted_majority,46451.78145903628,True,n02018795,4.0,bustard,,,,,,0.9999454021453857,-1.0,-1.0,-1.0,-1.0,-1.0,3.7448102053715724,-1.0,-1.0,-1.0,-1.0,-1.0,greedy,1
REQ-00048,1000,10,52.54380679130554,0.7695832252502441,['mobilenet_v3_small'],bald_eagle,1.0,weighted_majority,47186.39070895733,True,n01614925,4.0,bald_eagle,,,,,,0.997765302658081,-1.0,-1.0,-1.0,-1.0,-1.0,3.7448102053715724,-1.0,-1.0,-1.0,-1.0,-1.0,greedy,1
REQ-00034,1000,10,53.23068189620972,0.5978870391845703,['mobilenet_v3_small'],pelican,1.0,weighted_majority,49328.406457963865,True,n02002556,4.0,pelican,,,,,,0.952481210231781,-1.0,-1.0,-1.0,-1.0,-1.0,3.7448102053715724,-1.0,-1.0,-1.0,-1.0,-1.0,greedy,1
REQ-00036,1000,10,53.57072997093201,0.6272060871124268,['mobilenet_v3_small'],stingray,1.0,weighted_majority,49389.64291702723,True,n01494475,4.0,stingray,,,,,,0.2987615168094635,-1.0,-1.0,-1.0,-1.0,-1.0,3.7448102053715724,-1.0,-1.0,-1.0,-1.0,-1.0,greedy,1
REQ-00047,1000,10,54.498552083969116,0.7612133026123047,['mobilenet_v3_small'],prairie_chicken,1.0,weighted_majority,49238.45441697631,True,n01798484,4.0,prairie_chicken,,,,,,0.9999861717224121,-1.0,-1.0,-1.0,-1.0,-1.0,3.7448102053715724,-1.0,-1.0,-1.0,-1.0,-1.0,greedy,1
REQ-00043,1000,10,55.56698274612427,0.7172610759735107,['mobilenet_v3_small'],sea_anemone,1.0,weighted_majority,50617.870458983816,True,n01914609,4.0,sea_anemone,,,,,,0.5690909028053284,-1.0,-1.0,-1.0,-1.0,-1.0,3.7448102053715724,-1.0,-1.0,-1.0,-1.0,-1.0,greedy,1
REQ-00035,1000,10,56.176164865493774,0.6209042072296143,['mobilenet_v3_small'],spiny_lobster,1.0,weighted_majority,52161.843916983344,True,n01984695,4.0,spiny_lobster,,,,,,0.8962339162826538,-1.0,-1.0,-1.0,-1.0,-1.0,3.7448102053715724,-1.0,-1.0,-1.0,-1.0,-1.0,greedy,1
REQ-00050,1000,10,56.51545810699463,0.7928550243377686,['mobilenet_v3_small'],snail,1.0,weighted_majority,50968.64029200515,True,n01944390,4.0,snail,,,,,,0.274583637714386,-1.0,-1.0,-1.0,-1.0,-1.0,3.7448102053715724,-1.0,-1.0,-1.0,-1.0,-1.0,greedy,1
REQ-00037,1000,10,56.8876211643219,0.6355502605438232,['mobilenet_v3_small'],toucan,1.0,weighted_majority,52536.07987501891,True,n01843383,4.0,toucan,,,,,,0.9985694885253906,-1.0,-1.0,-1.0,-1.0,-1.0,3.7448102053715724,-1.0,-1.0,-1.0,-1.0,-1.0,greedy,1
REQ-00039,1000,10,56.991145849227905,0.65602707862854,['mobilenet_v3_small'],sea_lion,1.0,weighted_majority,52395.73733397992,True,n02077923,4.0,sea_lion,,,,,,0.9999330043792725,-1.0,-1.0,-1.0,-1.0,-1.0,3.7448102053715724,-1.0,-1.0,-1.0,-1.0,-1.0,greedy,1
REQ-00053,1000,10,57.406644344329834,0.8217151165008545,['mobilenet_v3_small'],terrapin,1.0,weighted_majority,51606.42608400667,True,n01677366,4.0,terrapin,,,,,,0.3664321005344391,-1.0,-1.0,-1.0,-1.0,-1.0,3.7448102053715724,-1.0,-1.0,-1.0,-1.0,-1.0,greedy,1
REQ-00056,1000,10,58.393978118896484,0.8601541519165039,['mobilenet_v3_small'],sulphur-crested_cockatoo,1.0,weighted_majority,52455.28937497875,True,n01819313,4.0,sulphur-crested_cockatoo,,,,,,0.9999781847000122,-1.0,-1.0,-1.0,-1.0,-1.0,3.7448102053715724,-1.0,-1.0,-1.0,-1.0,-1.0,greedy,1
REQ-00057,1000,10,59.32842707633972,0.8680429458618164,['mobilenet_v3_small'],mud_turtle,1.0,weighted_majority,53277.45175000746,True,n01667114,4.0,mud_turtle,,,,,,0.86173015832901,-1.0,-1.0,-1.0,-1.0,-1.0,3.7448102053715724,-1.0,-1.0,-1.0,-1.0,-1.0,greedy,1
REQ-00046,1000,10,60.039082765579224,0.7517151832580566,['mobilenet_v3_small'],sidewinder,1.0,weighted_majority,54881.056290993,True,n01756291,4.0,sidewinder,,,,,,0.38808557391166687,-1.0,-1.0,-1.0,-1.0,-1.0,3.7448102053715724,-1.0,-1.0,-1.0,-1.0,-1.0,greedy,1
REQ-00049,1000,10,62.763107776641846,0.7802610397338867,['mobilenet_v3_small'],bittern,1.0,weighted_majority,57316.6879999917,True,n02011460,4.0,bittern,,,,,,0.7498763203620911,-1.0,-1.0,-1.0,-1.0,-1.0,3.7448102053715724,-1.0,-1.0,-1.0,-1.0,-1.0,greedy,1
REQ-00058,1000,10,63.31739926338196,0.876471996307373,['mobilenet_v3_small'],stingray,1.0,weighted_majority,57179.115500010084,True,n01498041,4.0,stingray,,,,,,0.5038024187088013,-1.0,-1.0,-1.0,-1.0,-1.0,3.7448102053715724,-1.0,-1.0,-1.0,-1.0,-1.0,greedy,1
REQ-00052,1000,10,65.81784701347351,0.8142492771148682,['mobilenet_v3_small'],tench,1.0,weighted_majority,60105.65279197181,True,n01440764,4.0,tench,,,,,,0.9797461628913879,-1.0,-1.0,-1.0,-1.0,-1.0,3.7448102053715724,-1.0,-1.0,-1.0,-1.0,-1.0,greedy,1
REQ-00055,1000,10,66.4921281337738,0.8507351875305176,['mobilenet_v3_small'],flamingo,1.0,weighted_majority,60623.652249982115,True,n02007558,4.0,flamingo,,,,,,0.9990633130073547,-1.0,-1.0,-1.0,-1.0,-1.0,3.7448102053715724,-1.0,-1.0,-1.0,-1.0,-1.0,greedy,1
REQ-00051,1000,10,66.54858589172363,0.8063900470733643,['mobilenet_v3_small'],black_swan,1.0,weighted_majority,60903.54704199126,True,n01860187,4.0,black_swan,,,,,,0.9997574687004089,-1.0,-1.0,-1.0,-1.0,-1.0,3.7448102053715724,-1.0,-1.0,-1.0,-1.0,-1.0,greedy,1
REQ-00063,1000,10,67.33880090713501,0.92901611328125,['mobilenet_v3_small'],green_mamba,1.0,weighted_majority,60898.44337501563,True,n01749939,4.0,green_mamba,,,,,,0.38237881660461426,-1.0,-1.0,-1.0,-1.0,-1.0,3.7448102053715724,-1.0,-1.0,-1.0,-1.0,-1.0,greedy,1
REQ-00067,1000,10,69.23629021644592,0.961637020111084,['mobilenet_v3_small'],common_newt,1.0,weighted_majority,62422.85487498157,True,n01632777,4.0,common_newt,,,,,,0.5421015024185181,-1.0,-1.0,-1.0,-1.0,-1.0,3.7448102053715724,-1.0,-1.0,-1.0,-1.0,-1.0,greedy,1
REQ-00059,1000,10,69.51642489433289,0.898949146270752,['mobilenet_v3_small'],flamingo,1.0,weighted_majority,63321.504958032165,True,n02007558,4.0,flamingo,,,,,,0.9999465942382812,-1.0,-1.0,-1.0,-1.0,-1.0,3.7448102053715724,-1.0,-1.0,-1.0,-1.0,-1.0,greedy,1
REQ-00068,1000,10,70.26079988479614,0.972614049911499,['mobilenet_v3_small'],bittern,1.0,weighted_majority,63359.0451250202,True,n02011460,4.0,bittern,,,,,,0.9528806805610657,-1.0,-1.0,-1.0,-1.0,-1.0,3.7448102053715724,-1.0,-1.0,-1.0,-1.0,-1.0,greedy,1
REQ-00070,1000,10,71.18982291221619,1.0062282085418701,['mobilenet_v3_small'],great_grey_owl,1.0,weighted_majority,64108.18995797308,True,n01622779,4.0,great_grey_owl,,,,,,0.9999794960021973,-1.0,-1.0,-1.0,-1.0,-1.0,3.7448102053715724,-1.0,-1.0,-1.0,-1.0,-1.0,greedy,1
REQ-00072,1000,10,72.1601390838623,1.0401132106781006,['mobilenet_v3_small'],boa_constrictor,1.0,weighted_majority,65021.91904204665,True,n01742172,4.0,boa_constrictor,,,,,,0.9561830163002014,-1.0,-1.0,-1.0,-1.0,-1.0,3.7448102053715724,-1.0,-1.0,-1.0,-1.0,-1.0,greedy,1
REQ-00061,1000,10,72.32848191261292,0.9133710861206055,['mobilenet_v3_small'],american_chameleon,1.0,weighted_majority,66062.83299997449,True,n01693334,4.0,american_chameleon,,,,,,0.721472978591919,-1.0,-1.0,-1.0,-1.0,-1.0,3.7448102053715724,-1.0,-1.0,-1.0,-1.0,-1.0,greedy,1
REQ-00073,1000,10,73.24474382400513,1.0617411136627197,['mobilenet_v3_small'],great_white_shark,1.0,weighted_majority,66017.50499999616,True,n01484850,4.0,great_white_shark,,,,,,0.9128432869911194,-1.0,-1.0,-1.0,-1.0,-1.0,3.7448102053715724,-1.0,-1.0,-1.0,-1.0,-1.0,greedy,1
REQ-00075,1000,10,74.1216721534729,1.076120138168335,['mobilenet_v3_small'],american_alligator,1.0,weighted_majority,66721.4777499903,True,n01698640,4.0,american_alligator,,,,,,0.8174687623977661,-1.0,-1.0,-1.0,-1.0,-1.0,3.7448102053715724,-1.0,-1.0,-1.0,-1.0,-1.0,greedy,1
REQ-00064,1000,10,74.92914891242981,0.9398081302642822,['mobilenet_v3_small'],bald_eagle,1.0,weighted_majority,68405.49908397952,True,n01614925,4.0,bald_eagle,,,,,,0.9968475699424744,-1.0,-1.0,-1.0,-1.0,-1.0,3.7448102053715724,-1.0,-1.0,-1.0,-1.0,-1.0,greedy,1
REQ-00080,1000,10,75.05265974998474,1.1424272060394287,['mobilenet_v3_small'],hermit_crab,1.0,weighted_majority,67299.24733395455,True,n01986214,4.0,hermit_crab,,,,,,0.7173542380332947,-1.0,-1.0,-1.0,-1.0,-1.0,3.7448102053715724,-1.0,-1.0,-1.0,-1.0,-1.0,greedy,1
REQ-00066,1000,10,75.6054859161377,0.9559972286224365,['mobilenet_v3_small'],water_ouzel,1.0,weighted_majority,68878.91445803689,True,n01601694,4.0,water_ouzel,,,,,,0.9997968077659607,-1.0,-1.0,-1.0,-1.0,-1.0,3.7448102053715724,-1.0,-1.0,-1.0,-1.0,-1.0,greedy,1
REQ-00065,1000,10,75.62663412094116,0.9475100040435791,['mobilenet_v3_small'],reel,1.0,weighted_majority,68985.29895802494,True,n01978287,4.0,reel,,,,,,0.3269488215446472,-1.0,-1.0,-1.0,-1.0,-1.0,3.7448102053715724,-1.0,-1.0,-1.0,-1.0,-1.0,greedy,1
REQ-00078,1000,10,76.15166783332825,1.1241161823272705,['mobilenet_v3_small'],dungeness_crab,1.0,weighted_majority,68591.14379197126,True,n01978287,4.0,dungeness_crab,,,,,,0.9738140106201172,-1.0,-1.0,-1.0,-1.0,-1.0,3.7448102053715724,-1.0,-1.0,-1.0,-1.0,-1.0,greedy,1
REQ-00082,1000,10,77.14527916908264,1.1563739776611328,['mobilenet_v3_small'],sulphur-crested_cockatoo,1.0,weighted_majority,69207.78708404396,True,n01819313,4.0,sulphur-crested_cockatoo,,,,,,0.999962568283081,-1.0,-1.0,-1.0,-1.0,-1.0,3.7448102053715724,-1.0,-1.0,-1.0,-1.0,-1.0,greedy,1
REQ-00085,1000,10,78.11399865150452,1.2077081203460693,['mobilenet_v3_small'],common_newt,1.0,weighted_majority,70023.05366605287,True,n01630670,4.0,common_newt,,,,,,0.45043569803237915,-1.0,-1.0,-1.0,-1.0,-1.0,3.7448102053715724,-1.0,-1.0,-1.0,-1.0,-1.0,greedy,1
REQ-00069,1000,10,78.8317518234253,1.0007941722869873,['mobilenet_v3_small'],dungeness_crab,1.0,weighted_majority,71844.00933299912,True,n01978287,4.0,dungeness_crab,,,,,,0.4690427780151367,-1.0,-1.0,-1.0,-1.0,-1.0,3.7448102053715724,-1.0,-1.0,-1.0,-1.0,-1.0,greedy,1
REQ-00086,1000,10,78.98309016227722,1.214320182800293,['mobilenet_v3_small'],green_snake,1.0,weighted_majority,70812.96970800031,True,n01729977,4.0,green_snake,,,,,,0.5227656960487366,-1.0,-1.0,-1.0,-1.0,-1.0,3.7448102053715724,-1.0,-1.0,-1.0,-1.0,-1.0,greedy,1
REQ-00087,1000,10,80.03546380996704,1.2316882610321045,['mobilenet_v3_small'],chickadee,1.0,weighted_majority,71796.56108299969,True,n01592084,4.0,chickadee,,,,,,0.9999954700469971,-1.0,-1.0,-1.0,-1.0,-1.0,3.7448102053715724,-1.0,-1.0,-1.0,-1.0,-1.0,greedy,1
REQ-00088,1000,10,81.05409717559814,1.2404541969299316,['mobilenet_v3_small'],great_white_shark,1.0,weighted_majority,72711.80766599718,True,n01491361,4.0,great_white_shark,,,,,,0.2542136609554291,-1.0,-1.0,-1.0,-1.0,-1.0,3.7448102053715724,-1.0,-1.0,-1.0,-1.0,-1.0,greedy,1
REQ-00074,1000,10,81.45837020874023,1.071047067642212,['mobilenet_v3_small'],toucan,1.0,weighted_majority,74148.93429202493,True,n01843383,4.0,toucan,,,,,,0.9997628331184387,-1.0,-1.0,-1.0,-1.0,-1.0,3.7448102053715724,-1.0,-1.0,-1.0,-1.0,-1.0,greedy,1
REQ-00089,1000,10,81.95559811592102,1.2527039051055908,['mobilenet_v3_small'],warthog,1.0,weighted_majority,73536.58608300611,True,n02077923,4.0,warthog,,,,,,0.19881175458431244,-1.0,-1.0,-1.0,-1.0,-1.0,3.7448102053715724,-1.0,-1.0,-1.0,-1.0,-1.0,greedy,1
REQ-00091,1000,10,82.92847180366516,1.265834093093872,['mobilenet_v3_small'],nematode,1.0,weighted_majority,74330.01883304678,True,n01930112,4.0,nematode,,,,,,0.9910424947738647,-1.0,-1.0,-1.0,-1.0,-1.0,3.7448102053715724,-1.0,-1.0,-1.0,-1.0,-1.0,greedy,1
REQ-00094,1000,10,83.94009017944336,1.3239421844482422,['mobilenet_v3_small'],tiger_shark,1.0,weighted_majority,75153.88462500414,True,n01491361,4.0,tiger_shark,,,,,,0.9707388877868652,-1.0,-1.0,-1.0,-1.0,-1.0,3.7448102053715724,-1.0,-1.0,-1.0,-1.0,-1.0,greedy,1
REQ-00079,1000,10,84.20837593078613,1.1367080211639404,['mobilenet_v3_small'],banded_gecko,1.0,weighted_majority,76560.72995899012,True,n01675722,4.0,banded_gecko,,,,,,0.9993300437927246,-1.0,-1.0,-1.0,-1.0,-1.0,3.7448102053715724,-1.0,-1.0,-1.0,-1.0,-1.0,greedy,1
REQ-00081,1000,10,84.5242760181427,1.14821195602417,['mobilenet_v3_small'],chocolate_sauce,1.0,weighted_majority,76680.9839589987,True,n01910747,4.0,chocolate_sauce,,,,,,0.27901870012283325,-1.0,-1.0,-1.0,-1.0,-1.0,3.7448102053715724,-1.0,-1.0,-1.0,-1.0,-1.0,greedy,1
REQ-00076,1000,10,84.73357701301575,1.0835111141204834,['mobilenet_v3_small'],green_mamba,1.0,weighted_majority,77241.08208401594,True,n01729322,4.0,green_mamba,,,,,,0.3597256541252136,-1.0,-1.0,-1.0,-1.0,-1.0,3.7448102053715724,-1.0,-1.0,-1.0,-1.0,-1.0,greedy,1
REQ-00096,1000,10,84.85167574882507,1.3453261852264404,['mobilenet_v3_small'],bald_eagle,1.0,weighted_majority,75920.02633295488,True,n01614925,4.0,bald_eagle,,,,,,0.9996626377105713,-1.0,-1.0,-1.0,-1.0,-1.0,3.7448102053715724,-1.0,-1.0,-1.0,-1.0,-1.0,greedy,1
REQ-00100,1000,10,85.90748405456543,1.4045422077178955,['mobilenet_v3_small'],hermit_crab,1.0,weighted_majority,76687.61533399811,True,n01986214,4.0,hermit_crab,,,,,,0.9675930738449097,-1.0,-1.0,-1.0,-1.0,-1.0,3.7448102053715724,-1.0,-1.0,-1.0,-1.0,-1.0,greedy,1
REQ-00099,1000,10,86.83782720565796,1.3949532508850098,['mobilenet_v3_small'],chambered_nautilus,1.0,weighted_majority,77700.50420798361,True,n01968897,4.0,chambered_nautilus,,,,,,0.9999996423721313,-1.0,-1.0,-1.0,-1.0,-1.0,3.7448102053715724,-1.0,-1.0,-1.0,-1.0,-1.0,greedy,1
REQ-00101,1000,10,87.84251999855042,1.410771131515503,['mobilenet_v3_small'],coucal,1.0,weighted_majority,78530.26795800542,True,n01824575,4.0,coucal,,,,,,0.9831513166427612,-1.0,-1.0,-1.0,-1.0,-1.0,3.7448102053715724,-1.0,-1.0,-1.0,-1.0,-1.0,greedy,1
REQ-00083,1000,10,88.07147979736328,1.1900782585144043,['mobilenet_v3_small'],flatworm,1.0,weighted_majority,80047.97275003511,True,n01924916,4.0,flatworm,,,,,,0.9991967082023621,-1.0,-1.0,-1.0,-1.0,-1.0,3.7448102053715724,-1.0,-1.0,-1.0,-1.0,-1.0,greedy,1
REQ-00103,1000,10,88.74532914161682,1.4494960308074951,['mobilenet_v3_small'],sea_anemone,1.0,weighted_majority,79282.55933301989,True,n01914609,4.0,sea_anemone,,,,,,0.7562698125839233,-1.0,-1.0,-1.0,-1.0,-1.0,3.7448102053715724,-1.0,-1.0,-1.0,-1.0,-1.0,greedy,1
REQ-00021,1000,10,90.83075404167175,0.3641510009765625,['mobilenet_v3_small'],lorikeet,1.0,weighted_majority,88128.84245801251,True,n01820546,4.0,lorikeet,,,,,,0.9999414682388306,-1.0,-1.0,-1.0,-1.0,-1.0,3.7448102053715724,-1.0,-1.0,-1.0,-1.0,-1.0,greedy,1
REQ-00090,1000,10,90.23989081382751,1.2581989765167236,['mobilenet_v3_small'],pelican,1.0,weighted_majority,81731.77370795747,True,n02051845,4.0,pelican,,,,,,0.35429954528808594,-1.0,-1.0,-1.0,-1.0,-1.0,3.7448102053715724,-1.0,-1.0,-1.0,-1.0,-1.0,greedy,1
REQ-00062,1000,10,91.30631804466248,0.9206061363220215,['mobilenet_v3_small'],peacock,1.0,weighted_majority,84945.33433299512,True,n01806143,4.0,peacock,,,,,,0.9971416592597961,-1.0,-1.0,-1.0,-1.0,-1.0,3.7448102053715724,-1.0,-1.0,-1.0,-1.0,-1.0,greedy,1
REQ-00020,1000,10,92.84247398376465,0.35528016090393066,['mobilenet_v3_small'],chiton,1.0,weighted_majority,81690.0645000278,True,n01955084,4.0,chiton,,,,,,0.9915448427200317,-1.0,-1.0,-1.0,-1.0,-1.0,2.386979069743764,-1.0,-1.0,-1.0,-1.0,-1.0,greedy,1
REQ-00029,1000,10,93.75013613700867,0.5238981246948242,['mobilenet_v3_small'],spiny_lobster,1.0,weighted_majority,82525.1066670171,True,n01984695,4.0,spiny_lobster,,,,,,0.9937864542007446,-1.0,-1.0,-1.0,-1.0,-1.0,1.637792071215707,-1.0,-1.0,-1.0,-1.0,-1.0,greedy,1
REQ-00098,1000,10,93.271644115448,1.3595592975616455,['mobilenet_v3_small'],snail,1.0,weighted_majority,84177.45545797516,True,n01944390,4.0,snail,,,,,,0.2860540747642517,-1.0,-1.0,-1.0,-1.0,-1.0,3.7448102053715724,-1.0,-1.0,-1.0,-1.0,-1.0,greedy,1
REQ-00095,1000,10,93.43283104896545,1.3325471878051758,['mobilenet_v3_small'],night_snake,1.0,weighted_majority,84570.70204196498,True,n01740131,4.0,night_snake,,,,,,0.9445713758468628,-1.0,-1.0,-1.0,-1.0,-1.0,3.7448102053715724,-1.0,-1.0,-1.0,-1.0,-1.0,greedy,1
REQ-00031,1000,10,94.75482869148254,0.5433599948883057,['mobilenet_v3_small'],banded_gecko,1.0,weighted_majority,83411.51429200545,True,n01675722,4.0,banded_gecko,,,,,,0.9999508857727051,-1.0,-1.0,-1.0,-1.0,-1.0,1.6429557035919882,-1.0,-1.0,-1.0,-1.0,-1.0,greedy,1
REQ-00097,1000,10,93.98129296302795,1.3512060642242432,['mobilenet_v3_small'],albatross,1.0,weighted_majority,84969.13233399391,True,n02058221,4.0,albatross,,,,,,0.9911513924598694,-1.0,-1.0,-1.0,-1.0,-1.0,3.7448102053715724,-1.0,-1.0,-1.0,-1.0,-1.0,greedy,1
REQ-00060,1000,10,95.42485809326172,0.9053812026977539,['mobilenet_v3_small'],oystercatcher,1.0,weighted_majority,83693.3663750533,True,n02037110,4.0,oystercatcher,,,,,,0.9999909400939941,-1.0,-1.0,-1.0,-1.0,-1.0,1.6997556597310826,-1.0,-1.0,-1.0,-1.0,-1.0,greedy,1
REQ-00071,1000,10,96.183828830719,1.0149900913238525,['mobilenet_v3_small'],green_mamba,1.0,weighted_majority,84355.2114169579,True,n01749939,4.0,green_mamba,,,,,,0.9912070631980896,-1.0,-1.0,-1.0,-1.0,-1.0,1.7307374539887703,-1.0,-1.0,-1.0,-1.0,-1.0,greedy,1
REQ-00093,1000,10,96.97807717323303,1.2899692058563232,['mobilenet_v3_small'],night_snake,1.0,weighted_majority,84522.80233398778,True,n01756291,4.0,night_snake,,,,,,0.3127048909664154,-1.0,-1.0,-1.0,-1.0,-1.0,1.3311096809115077,-1.0,-1.0,-1.0,-1.0,-1.0,greedy,1
REQ-00104,1000,10,96.97079181671143,1.458728313446045,['mobilenet_v3_small'],lorikeet,1.0,weighted_majority,87382.26258399663,True,n01820546,4.0,lorikeet,,,,,,0.9897081851959229,-1.0,-1.0,-1.0,-1.0,-1.0,3.7448102053715724,-1.0,-1.0,-1.0,-1.0,-1.0,greedy,1
REQ-00105,1000,10,99.42365622520447,1.4851601123809814,['mobilenet_v3_small'],entlebucher,1.0,weighted_majority,89728.0904170475,True,n01847000,4.0,entlebucher,,,,,,0.717003345489502,-1.0,-1.0,-1.0,-1.0,-1.0,2.386979069743764,-1.0,-1.0,-1.0,-1.0,-1.0,greedy,1
REQ-00054,1000,10,102.36801195144653,0.8303420543670654,['mobilenet_v3_small'],flatworm,1.0,weighted_majority,90713.04595802212,True,n01955084,4.0,flatworm,,,,,,0.20206521451473236,-1.0,-1.0,-1.0,-1.0,-1.0,1.6842647626022387,-1.0,-1.0,-1.0,-1.0,-1.0,greedy,1
REQ-00042,1000,10,102.7178418636322,0.7098090648651123,['mobilenet_v3_small'],white_stork,1.0,weighted_majority,91340.08083399385,True,n02002556,4.0,white_stork,,,,,,0.8940933346748352,-1.0,-1.0,-1.0,-1.0,-1.0,1.658446600720832,-1.0,-1.0,-1.0,-1.0,-1.0,greedy,1
REQ-00084,1000,10,103.10888671875,1.1984550952911377,['mobilenet_v3_small'],howler_monkey,1.0,weighted_majority,90962.49099995475,True,n01824575,4.0,howler_monkey,,,,,,0.6421952843666077,-1.0,-1.0,-1.0,-1.0,-1.0,1.2794733571486965,-1.0,-1.0,-1.0,-1.0,-1.0,greedy,1
REQ-00045,1000,10,103.59292006492615,0.743826150894165,['mobilenet_v3_small'],diamondback,1.0,weighted_majority,92039.03575002914,True,n01755581,4.0,diamondback,,,,,,0.8330222368240356,-1.0,-1.0,-1.0,-1.0,-1.0,1.6791011302259573,-1.0,-1.0,-1.0,-1.0,-1.0,greedy,1
REQ-00077,1000,10,103.66334009170532,1.0920372009277344,['mobilenet_v3_small'],macaw,1.0,weighted_majority,91633.84208304342,True,n01818515,4.0,macaw,,,,,,0.8758019804954529,-1.0,-1.0,-1.0,-1.0,-1.0,1.2433279305147285,-1.0,-1.0,-1.0,-1.0,-1.0,greedy,1
REQ-00092,1000,10,106.37593603134155,1.2748050689697266,['mobilenet_v3_small'],tarantula,1.0,weighted_majority,94138.01683299243,True,n01774750,4.0,tarantula,,,,,,0.5861675143241882,-1.0,-1.0,-1.0,-1.0,-1.0,1.3104551514063834,-1.0,-1.0,-1.0,-1.0,-1.0,greedy,1
REQ-00102,1000,10,106.8839819431305,1.4191663265228271,['mobilenet_v3_small'],tiger_shark,1.0,weighted_majority,97482.27954201866,True,n01491361,4.0,tiger_shark,,,,,,0.9822040796279907,-1.0,-1.0,-1.0,-1.0,-1.0,3.7448102053715724,-1.0,-1.0,-1.0,-1.0,-1.0,greedy,1
REQ-00016,1000,10,110.33979201316833,0.2990100383758545,['mobilenet_v3_small'],hognose_snake,1.0,weighted_majority,99236.60604201723,True,n01729322,4.0,hognose_snake,,,,,,0.7461860179901123,-1.0,-1.0,-1.0,-1.0,-1.0,2.386979069743764,-1.0,-1.0,-1.0,-1.0,-1.0,greedy,1
REQ-00003,1000,10,117.89335918426514,0.06761693954467773,"['resnet50', 'resnet34', 'resnet18']",water_ouzel,1.0,weighted_majority,117536.85220802436,True,n01601694,4.0,,water_ouzel,water_ouzel,water_ouzel,,,-1.0,0.9725268483161926,0.9291329383850098,0.9994953870773315,-1.0,-1.0,-1.0,0.09207771838552241,0.13741922563300474,0.17373312362020532,-1.0,-1.0,greedy,1
REQ-00008,1000,10,117.83507680892944,0.19831395149230957,"['resnet50', 'resnet34', 'resnet18']",goose,1.0,weighted_majority,117137.54833402345,True,n01855672,4.0,,goose,goose,goose,,,-1.0,0.9997443556785583,0.9973256587982178,0.9999760389328003,-1.0,-1.0,-1.0,0.09207771838552241,0.13741922563300474,0.17373312362020532,-1.0,-1.0,greedy,1
REQ-00000,1000,10,124.07421588897705,2.1457672119140625e-06,"['resnet101', 'resnet50', 'resnet34', 'resnet18']",american_alligator,1.0,weighted_majority,123950.63820900396,True,n01698640,4.0,,american_alligator,american_alligator,american_alligator,american_alligator,,-1.0,0.7401218414306641,0.8504011631011963,0.9344623684883118,0.9446417689323425,-1.0,-1.0,0.09207771838552241,0.13741922563300474,0.17373312362020532,0.36890218140727876,-1.0,greedy,1
REQ-00002,1000,10,125.25567889213562,0.04605412483215332,"['resnet50', 'resnet34', 'resnet18']",tailed_frog,0.7314613022265575,weighted_majority,125047.19220800325,True,n01644900,4.0,,tree_frog,tailed_frog,tailed_frog,,,-1.0,0.6174168586730957,0.9105013012886047,0.7712545990943909,-1.0,-1.0,-1.0,0.09207771838552241,0.13741922563300474,0.17373312362020532,-1.0,-1.0,greedy,1
REQ-00006,1000,10,125.37174606323242,0.17364501953125,"['resnet50', 'resnet34', 'resnet18']",water_ouzel,1.0,weighted_majority,124899.66599998297,True,n01601694,4.0,,water_ouzel,water_ouzel,water_ouzel,,,-1.0,0.9890263676643372,0.9970859885215759,0.999972939491272,-1.0,-1.0,-1.0,0.09207771838552241,0.13741922563300474,0.17373312362020532,-1.0,-1.0,greedy,1
REQ-00005,1000,10,131.0861370563507,0.11075520515441895,"['resnet50', 'resnet34', 'resnet18']",kite,1.0,weighted_majority,130664.80004199548,True,n01608432,4.0,,kite,kite,kite,,,-1.0,0.9330719709396362,0.9726678133010864,0.9957848191261292,-1.0,-1.0,-1.0,0.09207771838552241,0.13741922563300474,0.17373312362020532,-1.0,-1.0,greedy,1
REQ-00007,1000,10,131.02105903625488,0.18907904624938965,"['resnet50', 'resnet34', 'resnet18']",black_widow,1.0,weighted_majority,130453.04666698212,True,n01774384,4.0,,black_widow,black_widow,black_widow,,,-1.0,0.9973328113555908,0.9993653893470764,0.9943388104438782,-1.0,-1.0,-1.0,0.09207771838552241,0.13741922563300474,0.17373312362020532,-1.0,-1.0,greedy,1






REQ-00000,1000,500,8.989253997802734,2.86102294921875e-06,['vit_b_16'],wombat,1.0,weighted_majority,8957.858208043035,True,n01883070,4.0,,,,,,wombat,-1.0,-1.0,-1.0,-1.0,-1.0,0.8869460225105286,-1.0,-1.0,-1.0,-1.0,-1.0,0.5531013937438557,greedy,1
REQ-00001,1000,500,13.382911920547485,0.01820087432861328,['vit_b_16'],bittern,1.0,weighted_majority,13279.109542025253,True,n02011460,4.0,,,,,,bittern,-1.0,-1.0,-1.0,-1.0,-1.0,0.8806004524230957,-1.0,-1.0,-1.0,-1.0,-1.0,0.5531013937438557,greedy,1
REQ-00007,1000,500,30.929039239883423,3.7700178623199463,"['resnet50', 'resnet34', 'resnet18']",great_grey_owl,1.0,weighted_majority,30903.297999990173,True,n01622779,4.0,,great_grey_owl,great_grey_owl,great_grey_owl,,,-1.0,0.9999901056289673,0.9996500015258789,0.9998935461044312,-1.0,-1.0,-1.0,0.7053178135806933,0.9313579016415237,0.9750789287751884,-1.0,-1.0,greedy,1
REQ-00009,1000,500,30.56891703605652,4.705811977386475,"['resnet50', 'resnet34', 'resnet18']",chambered_nautilus,1.0,weighted_majority,30470.824000018183,True,n01968897,4.0,,chambered_nautilus,chambered_nautilus,chambered_nautilus,,,-1.0,0.9836435914039612,0.9995538592338562,0.9949703812599182,-1.0,-1.0,-1.0,0.7053178135805087,0.9313579016413389,0.9750789287750037,-1.0,-1.0,greedy,1
REQ-00004,1000,500,37.52493333816528,1.5350711345672607,"['resnet50', 'resnet34', 'resnet18']",agama,1.0,weighted_majority,37506.84370897943,True,n01687978,4.0,,agama,agama,agama,,,-1.0,0.9993703961372375,0.9977091550827026,0.9994161128997803,-1.0,-1.0,-1.0,0.20102616848580984,0.4096785574650378,0.45003642866534366,-1.0,-1.0,greedy,1
REQ-00005,1000,500,38.1845908164978,2.825593948364258,"['resnet50', 'resnet34', 'resnet18']",hammerhead,1.0,weighted_majority,38166.44499998074,True,n01494475,4.0,,hammerhead,hammerhead,hammerhead,,,-1.0,0.4579094350337982,0.9790070056915283,0.9994984865188599,-1.0,-1.0,-1.0,0.20102616848580984,0.4096785574650378,0.45003642866534366,-1.0,-1.0,greedy,1
REQ-00003,1000,500,42.35724472999573,0.5957231521606445,"['resnet50', 'resnet34', 'resnet18']",macaw,1.0,weighted_majority,42341.36225003749,True,n01818515,4.0,,macaw,macaw,macaw,,,-1.0,0.9993822574615479,0.9999384880065918,0.9992673993110657,-1.0,-1.0,-1.0,0.20102616848580984,0.4096785574650378,0.45003642866534366,-1.0,-1.0,greedy,1
REQ-00006,1000,500,40.863062143325806,3.0852279663085938,"['resnet50', 'resnet34', 'resnet18']",chiton,1.0,weighted_majority,40845.15004098648,True,n01955084,4.0,,chiton,chiton,chiton,,,-1.0,0.1807241290807724,0.8897270560264587,0.9387649893760681,-1.0,-1.0,-1.0,0.21777834919296066,0.44381843725379094,0.48753946438745566,-1.0,-1.0,greedy,1
REQ-00002,1000,500,44.389930963516235,0.5096139907836914,"['resnet50', 'resnet34', 'resnet18']",axolotl,1.0,weighted_majority,44371.79725000169,True,n01632777,4.0,,axolotl,axolotl,axolotl,,,-1.0,0.9426950812339783,0.9812633991241455,0.8924388885498047,-1.0,-1.0,-1.0,0.20102616848580984,0.4096785574650378,0.45003642866534366,-1.0,-1.0,greedy,1
REQ-00010,1000,500,40.33027410507202,4.783874988555908,"['resnet50', 'resnet34', 'resnet18']",vine_snake,0.7375170746868407,weighted_majority,40199.1563749616,True,n01729977,4.0,,green_snake,vine_snake,vine_snake,,,-1.0,0.4476316273212433,0.654644787311554,0.6030978560447693,-1.0,-1.0,-1.0,0.7053178135805087,0.9313579016413389,0.9750789287750037,-1.0,-1.0,greedy,1
REQ-00008,1000,500,40.85932397842407,4.33356499671936,"['resnet50', 'resnet34', 'resnet18']",bulbul,1.0,weighted_majority,40842.50508301193,True,n01560419,4.0,,bulbul,bulbul,bulbul,,,-1.0,0.9960959553718567,0.9981740713119507,0.9997209906578064,-1.0,-1.0,-1.0,0.7053178135805548,0.9313579016413851,0.9750789287750499,-1.0,-1.0,greedy,1
